symbol,direction,entry_time,entry_price,exit_time,exit_price,quantity,realized_pnl,pnl_points,commission,exit_reason,entry_metadata
MES,LONG,2025-04-24 13:45:00+00:00,5540.25,2025-04-24 15:45:00+00:00,5539.75,1,-4.9,0.5,2.4,flatten,"{'signal_confidence': 0.7, 'signal_reason': 'EMA21_PB_LONG | ADX=22 | RSI=95 | MACD_H=2.24 | ATR=3.2', 'entry_module': '', 'entry_reason': '', 'entry_type': 'ema21_pullback', 'atr': 3.2421464968629543, 'atr_value': 3.2421464968629543, 'adx_value': 22.22066332409611, 'market_state': 'UPTREND_PULLBACK', 'trend_label': '', 'trend_label_htf': '', 'session_type': 'RTH', 'entry_bar_index': 1017}"
MES,LONG,2025-06-23 17:45:00+00:00,6159.25,2025-06-23 19:45:00+00:00,6161.75,1,10.1,2.5,2.4,flatten,"{'signal_confidence': 0.7, 'signal_reason': 'EMA21_PB_LONG | ADX=37 | RSI=63 | MACD_H=0.10 | ATR=6.2', 'entry_module': '', 'entry_reason': '', 'entry_type': 'ema21_pullback', 'atr': 6.2342873286455465, 'atr_value': 6.2342873286455465, 'adx_value': 37.416015356705266, 'market_state': 'UPTREND_PULLBACK', 'trend_label': '', 'trend_label_htf': '', 'session_type': 'RTH', 'entry_bar_index': 2091}"
MES,LONG,2025-06-25 17:30:00+00:00,6254.0,2025-06-25 19:30:00+00:00,6253.5,1,-4.9,0.5,2.4,flatten,"{'signal_confidence': 0.7, 'signal_reason': 'EMA21_PB_LONG | ADX=27 | RSI=63 | MACD_H=-0.76 | ATR=1.6', 'entry_module': '', 'entry_reason': '', 'entry_type': 'ema21_pullback', 'atr': 1.556176476935804, 'atr_value': 1.556176476935804, 'adx_value': 26.695732445327867, 'market_state': 'UPTREND_PULLBACK', 'trend_label': '', 'trend_label_htf': '', 'session_type': 'RTH', 'entry_bar_index': 2235}"
MES,LONG,2025-06-26 16:00:00+00:00,6280.25,2025-06-26 18:00:00+00:00,6285.75,1,25.1,5.5,2.4,flatten,"{'signal_confidence': 0.7, 'signal_reason': 'OR_BREAK_LONG | ADX=34 | OR_H=6254.00', 'entry_module': '', 'entry_reason': '', 'entry_type': 'or_breakout', 'atr': 1.8633529171642473, 'atr_value': 1.8633529171642473, 'adx_value': 34.145307744284175, 'market_state': 'OR_BREAKOUT', 'trend_label': '', 'trend_label_htf': '', 'session_type': 'RTH', 'entry_bar_index': 2310}"
MES,LONG,2025-06-30 19:15:00+00:00,6352.75,2025-06-30 19:45:00+00:00,6360.5,1,36.35,7.75,2.4,take_profit,"{'signal_confidence': 0.7, 'signal_reason': 'EMA21_PB_LONG | ADX=29 | RSI=68 | MACD_H=-0.09 | ATR=2.8', 'entry_module': '', 'entry_reason': '', 'entry_type': 'ema21_pullback', 'atr': 2.7633679810556036, 'atr_value': 2.7633679810556036, 'adx_value': 28.633595450940028, 'market_state': 'UPTREND_PULLBACK', 'trend_label': '', 'trend_label_htf': '', 'session_type': 'RTH', 'entry_bar_index': 2433}"
MES,LONG,2025-06-30 20:00:00+00:00,6365.5,2025-06-30 20:15:00+00:00,6344.75,1,-106.15,20.75,2.4,stop_loss,"{'signal_confidence': 0.7, 'signal_reason': 'TREND_CONT_LONG | ADX=32 | RSI=78 | MACD_H=2.67 | e9=6347.4 | #1 | SL=6.0pts | TP=7.5pts', 'entry_module': '', 'entry_reason': '', 'entry_type': 'trend_continuation_long', 'atr': 3.12322137550261, 'atr_value': 3.12322137550261, 'adx_value': 31.661644341476, 'market_state': 'UPTREND_CONTINUATION', 'trend_label': '', 'trend_label_htf': '', 'session_type': 'RTH', 'entry_bar_index': 2436}"
MES,LONG,2025-07-01 14:45:00+00:00,6346.25,2025-07-01 16:15:00+00:00,6354.0,1,36.35,7.75,2.4,take_profit,"{'signal_confidence': 0.7, 'signal_reason': 'EMA21_PB_LONG | ADX=20 | RSI=53 | MACD_H=-0.45 | ATR=2.8', 'entry_module': '', 'entry_reason': '', 'entry_type': 'ema21_pullback', 'atr': 2.8482945909698296, 'atr_value': 2.8482945909698296, 'adx_value': 19.87559118963963, 'market_state': 'UPTREND_PULLBACK', 'trend_label': '', 'trend_label_htf': '', 'session_type': 'RTH', 'entry_bar_index': 2447}"
MES,LONG,2025-07-01 16:30:00+00:00,6358.0,2025-07-01 18:30:00+00:00,6355.5,1,-14.9,2.5,2.4,flatten,"{'signal_confidence': 0.7, 'signal_reason': 'EMA21_PB_LONG | ADX=22 | RSI=68 | MACD_H=0.96 | ATR=2.5', 'entry_module': '', 'entry_reason': '', 'entry_type': 'ema21_pullback', 'atr': 2.4732601106066867, 'atr_value': 2.4732601106066867, 'adx_value': 22.09151932651154, 'market_state': 'UPTREND_PULLBACK', 'trend_label': '', 'trend_label_htf': '', 'session_type': 'RTH', 'entry_bar_index': 2454}"
MES,LONG,2025-07-02 16:15:00+00:00,6365.25,2025-07-02 18:15:00+00:00,6369.75,1,20.1,4.5,2.4,flatten,"{'signal_confidence': 0.7, 'signal_reason': 'TREND_CONT_LONG | ADX=27 | RSI=76 | MACD_H=2.65 | e9=6350.0 | #1 | SL=6.0pts | TP=7.5pts', 'entry_module': '', 'entry_reason': '', 'entry_type': 'trend_continuation_long', 'atr': 2.698194675283408, 'atr_value': 2.698194675283408, 'adx_value': 26.879992374462596, 'market_state': 'UPTREND_CONTINUATION', 'trend_label': '', 'trend_label_htf': '', 'session_type': 'RTH', 'entry_bar_index': 2488}"
MES,LONG,2025-07-09 19:30:00+00:00,6406.75,2025-07-09 19:45:00+00:00,6414.5,1,36.35,7.75,2.4,take_profit,"{'signal_confidence': 0.7, 'signal_reason': 'EMA21_PB_LONG | ADX=30 | RSI=71 | MACD_H=-0.06 | ATR=1.9', 'entry_module': '', 'entry_reason': '', 'entry_type': 'ema21_pullback', 'atr': 1.8757886244992559, 'atr_value': 1.8757886244992559, 'adx_value': 30.044230369436775, 'market_state': 'UPTREND_PULLBACK', 'trend_label': '', 'trend_label_htf': '', 'session_type': 'RTH', 'entry_bar_index': 2844}"
MES,LONG,2025-07-09 20:00:00+00:00,6420.0,2025-07-09 20:15:00+00:00,6409.25,1,-56.15,10.75,2.4,stop_loss,"{'signal_confidence': 0.7, 'signal_reason': 'EMA21_PB_LONG | ADX=35 | RSI=82 | MACD_H=1.60 | ATR=2.6', 'entry_module': '', 'entry_reason': '', 'entry_type': 'ema21_pullback', 'atr': 2.56381774255293, 'atr_value': 2.56381774255293, 'adx_value': 34.71487219363017, 'market_state': 'UPTREND_PULLBACK', 'trend_label': '', 'trend_label_htf': '', 'session_type': 'RTH', 'entry_bar_index': 2846}"
MES,SHORT,2025-07-15 18:30:00+00:00,6423.0,2025-07-15 19:30:00+00:00,6410.25,1,61.35,12.75,2.4,take_profit,"{'signal_confidence': 0.7, 'signal_reason': 'EMA21_PB_SHORT | ADX=35 | RSI=27 | MACD_H=0.02 | ATR=1.2', 'entry_module': '', 'entry_reason': '', 'entry_type': 'ema21_pullback_short', 'atr': 1.2382192876213698, 'atr_value': 1.2382192876213698, 'adx_value': 34.89291488345529, 'market_state': 'DOWNTREND_PULLBACK', 'trend_label': '', 'trend_label_htf': '', 'session_type': 'RTH', 'entry_bar_index': 2990}"
MES,LONG,2025-07-16 17:30:00+00:00,6403.5,2025-07-16 19:30:00+00:00,6403.0,1,-4.9,0.5,2.4,flatten,"{'signal_confidence': 0.7, 'signal_reason': 'TREND_CONT_LONG | ADX=55 | RSI=66 | MACD_H=1.74 | e9=6386.7 | #1 | SL=6.0pts | TP=7.5pts', 'entry_module': '', 'entry_reason': '', 'entry_type': 'trend_continuation_long', 'atr': 6.028302071438482, 'atr_value': 6.028302071438482, 'adx_value': 55.495764486192854, 'market_state': 'UPTREND_CONTINUATION', 'trend_label': '', 'trend_label_htf': '', 'session_type': 'RTH', 'entry_bar_index': 3078}"
MES,LONG,2025-07-21 16:45:00+00:00,6481.25,2025-07-21 18:45:00+00:00,6480.75,1,-4.9,0.5,2.4,flatten,"{'signal_confidence': 0.7, 'signal_reason': 'TREND_CONT_LONG | ADX=79 | RSI=71 | MACD_H=0.12 | e9=6480.1 | #1 | SL=6.0pts | TP=7.5pts', 'entry_module': '', 'entry_reason': '', 'entry_type': 'trend_continuation_long', 'atr': 1.7182629600921515, 'atr_value': 1.7182629600921515, 'adx_value': 78.95296086359821, 'market_state': 'UPTREND_CONTINUATION', 'trend_label': '', 'trend_label_htf': '', 'session_type': 'RTH', 'entry_bar_index': 3313}"
MES,LONG,2025-07-22 19:45:00+00:00,6465.25,2025-07-23 00:00:00+00:00,6474.75,1,45.1,9.5,2.4,take_profit,"{'signal_confidence': 0.7, 'signal_reason': 'EMA21_PB_LONG | ADX=38 | RSI=81 | MACD_H=1.93 | ATR=1.5', 'entry_module': '', 'entry_reason': '', 'entry_type': 'ema21_pullback', 'atr': 1.5357837210152077, 'atr_value': 1.5357837210152077, 'adx_value': 38.23998544009054, 'market_state': 'UPTREND_PULLBACK', 'trend_label': '', 'trend_label_htf': '', 'session_type': 'RTH', 'entry_bar_index': 3385}"
MES,LONG,2025-07-23 17:00:00+00:00,6492.0,2025-07-23 17:45:00+00:00,6500.5,1,40.1,8.5,2.4,take_profit,"{'signal_confidence': 0.7, 'signal_reason': 'TREND_CONT_LONG | ADX=57 | RSI=63 | MACD_H=1.51 | e9=6484.0 | #1 | SL=6.0pts | TP=7.5pts', 'entry_module': '', 'entry_reason': '', 'entry_type': 'trend_continuation_long', 'atr': 3.5495183617164243, 'atr_value': 3.5495183617164243, 'adx_value': 57.12614925805797, 'market_state': 'UPTREND_CONTINUATION', 'trend_label': '', 'trend_label_htf': '', 'session_type': 'RTH', 'entry_bar_index': 3458}"
MES,LONG,2025-07-23 18:30:00+00:00,6506.25,2025-07-23 20:30:00+00:00,6513.5,1,33.85,7.25,2.4,take_profit,"{'signal_confidence': 0.7, 'signal_reason': 'TREND_CONT_LONG | ADX=51 | RSI=71 | MACD_H=2.31 | e9=6494.6 | #2 | SL=6.0pts | TP=7.5pts', 'entry_module': '', 'entry_reason': '', 'entry_type': 'trend_continuation_long', 'atr': 3.6561129628702345, 'atr_value': 3.6561129628702345, 'adx_value': 50.731145449723684, 'market_state': 'UPTREND_CONTINUATION', 'trend_label': '', 'trend_label_htf': '', 'session_type': 'RTH', 'entry_bar_index': 3464}"
MES,SHORT,2025-07-29 15:00:00+00:00,6538.0,2025-07-29 15:30:00+00:00,6520.0,1,87.6,18.0,2.4,take_profit,"{'signal_confidence': 0.7, 'signal_reason': 'EMA21_PB_SHORT | ADX=33 | RSI=22 | MACD_H=-1.77 | ATR=1.4', 'entry_module': '', 'entry_reason': '', 'entry_type': 'ema21_pullback_short', 'atr': 1.3598608922238242, 'atr_value': 1.3598608922238242, 'adx_value': 32.5493086113389, 'market_state': 'DOWNTREND_PULLBACK', 'trend_label': '', 'trend_label_htf': '', 'session_type': 'RTH', 'entry_bar_index': 3727}"
MES,SHORT,2025-07-30 19:00:00+00:00,6485.0,2025-07-30 19:15:00+00:00,6492.0,1,-37.4,7.0,2.4,take_profit,"{'signal_confidence': 0.7, 'signal_reason': 'EMA21_PB_SHORT | ADX=23 | RSI=12 | MACD_H=-1.34 | ATR=2.4', 'entry_module': '', 'entry_reason': '', 'entry_type': 'ema21_pullback_short', 'atr': 2.38313389995893, 'atr_value': 2.38313389995893, 'adx_value': 23.196410302371874, 'market_state': 'DOWNTREND_PULLBACK', 'trend_label': '', 'trend_label_htf': '', 'session_type': 'RTH', 'entry_bar_index': 3772}"
MES,SHORT,2025-07-31 17:30:00+00:00,6523.75,2025-07-31 17:45:00+00:00,6516.5,1,33.85,7.25,2.4,take_profit,"{'signal_confidence': 0.7, 'signal_reason': 'TREND_CONT_SHORT | ADX=60 | RSI=30 | MACD_H=-0.54 | e9=6543.0 | #1 | SL=6.0pts | TP=7.5pts', 'entry_module': '', 'entry_reason': '', 'entry_type': 'trend_continuation_short', 'atr': 5.677947261752659, 'atr_value': 5.677947261752659, 'adx_value': 59.515739666960826, 'market_state': 'DOWNTREND_CONTINUATION', 'trend_label': '', 'trend_label_htf': '', 'session_type': 'RTH', 'entry_bar_index': 3856}"
MES,SHORT,2025-07-31 18:00:00+00:00,6510.0,2025-07-31 18:15:00+00:00,6500.0,1,47.6,10.0,2.4,take_profit,"{'signal_confidence': 0.7, 'signal_reason': 'TREND_CONT_SHORT | ADX=59 | RSI=25 | MACD_H=-2.56 | e9=6533.2 | #2 | SL=6.0pts | TP=7.5pts', 'entry_module': '', 'entry_reason': '', 'entry_type': 'trend_continuation_short', 'atr': 5.905985138960202, 'atr_value': 5.905985138960202, 'adx_value': 58.857830498365836, 'market_state': 'DOWNTREND_CONTINUATION', 'trend_label': '', 'trend_label_htf': '', 'session_type': 'RTH', 'entry_bar_index': 3858}"
MES,SHORT,2025-08-01 14:45:00+00:00,6387.75,2025-08-01 15:45:00+00:00,6390.25,1,-14.9,2.5,2.4,stop_loss,"{'signal_confidence': 0.7, 'signal_reason': 'TREND_CONT_SHORT | ADX=67 | RSI=30 | MACD_H=-3.28 | e9=6397.1 | #1 | SL=9.5pts | TP=11.9pts', 'entry_module': '', 'entry_reason': '', 'entry_type': 'trend_continuation_short', 'atr': 9.486246342505432, 'atr_value': 9.486246342505432, 'adx_value': 66.64820003361666, 'market_state': 'DOWNTREND_CONTINUATION', 'trend_label': '', 'trend_label_htf': '', 'session_type': 'RTH', 'entry_bar_index': 3934}"
MES,SHORT,2025-08-01 17:45:00+00:00,6359.75,2025-08-01 18:45:00+00:00,6366.75,1,-37.4,7.0,2.4,stop_loss,"{'signal_confidence': 0.7, 'signal_reason': 'TREND_CONT_SHORT | ADX=41 | RSI=31 | MACD_H=-0.35 | e9=6379.7 | #2 | SL=9.1pts | TP=11.4pts', 'entry_module': '', 'entry_reason': '', 'entry_type': 'trend_continuation_short', 'atr': 9.133088225169022, 'atr_value': 9.133088225169022, 'adx_value': 40.534060996196885, 'market_state': 'DOWNTREND_CONTINUATION', 'trend_label': '', 'trend_label_htf': '', 'session_type': 'RTH', 'entry_bar_index': 3946}"
MES,LONG,2025-08-08 14:45:00+00:00,6518.5,2025-08-08 15:00:00+00:00,6511.75,1,-36.15,6.75,2.4,stop_loss,"{'signal_confidence': 0.7, 'signal_reason': 'EMA21_PB_LONG | ADX=40 | RSI=89 | MACD_H=1.46 | ATR=2.4', 'entry_module': '', 'entry_reason': '', 'entry_type': 'ema21_pullback', 'atr': 2.4028220449103035, 'atr_value': 2.4028220449103035, 'adx_value': 40.376113285731115, 'market_state': 'UPTREND_PULLBACK', 'trend_label': '', 'trend_label_htf': '', 'session_type': 'RTH', 'entry_bar_index': 4337}"
MES,LONG,2025-08-08 18:30:00+00:00,6527.0,2025-08-08 20:15:00+00:00,6534.25,1,33.85,7.25,2.4,take_profit,"{'signal_confidence': 0.7, 'signal_reason': 'TREND_CONT_LONG | ADX=51 | RSI=76 | MACD_H=0.88 | e9=6519.6 | #1 | SL=6.0pts | TP=7.5pts', 'entry_module': '', 'entry_reason': '', 'entry_type': 'trend_continuation_long', 'atr': 2.4069363152495376, 'atr_value': 2.4069363152495376, 'adx_value': 51.07476147912508, 'market_state': 'UPTREND_CONTINUATION', 'trend_label': '', 'trend_label_htf': '', 'session_type': 'RTH', 'entry_bar_index': 4352}"
MES,LONG,2025-08-11 14:15:00+00:00,6532.5,2025-08-11 15:15:00+00:00,6526.0,1,-34.9,6.5,2.4,stop_loss,"{'signal_confidence': 0.7, 'signal_reason': 'EMA21_PB_LONG | ADX=20 | RSI=82 | MACD_H=0.71 | ATR=1.5', 'entry_module': '', 'entry_reason': '', 'entry_type': 'ema21_pullback', 'atr': 1.466429252312297, 'atr_value': 1.466429252312297, 'adx_value': 19.74097048206862, 'market_state': 'UPTREND_PULLBACK', 'trend_label': '', 'trend_label_htf': '', 'session_type': 'RTH', 'entry_bar_index': 4387}"
MES,LONG,2025-08-12 15:00:00+00:00,6550.25,2025-08-12 15:30:00+00:00,6562.75,1,60.1,12.5,2.4,take_profit,"{'signal_confidence': 0.7, 'signal_reason': 'EMA21_PB_LONG | ADX=34 | RSI=67 | MACD_H=1.11 | ATR=5.2', 'entry_module': '', 'entry_reason': '', 'entry_type': 'ema21_pullback', 'atr': 5.226087875140226, 'atr_value': 5.226087875140226, 'adx_value': 34.13054790180042, 'market_state': 'UPTREND_PULLBACK', 'trend_label': '', 'trend_label_htf': '', 'session_type': 'RTH', 'entry_bar_index': 4436}"
MES,LONG,2025-08-12 16:00:00+00:00,6563.25,2025-08-12 17:45:00+00:00,6572.0,1,41.35,8.75,2.4,take_profit,"{'signal_confidence': 0.7, 'signal_reason': 'TREND_CONT_LONG | ADX=36 | RSI=73 | MACD_H=3.48 | e9=6548.5 | #2 | SL=6.0pts | TP=7.5pts', 'entry_module': '', 'entry_reason': '', 'entry_type': 'trend_continuation_long', 'atr': 4.7815961006320284, 'atr_value': 4.7815961006320284, 'adx_value': 36.469829494803534, 'market_state': 'UPTREND_CONTINUATION', 'trend_label': '', 'trend_label_htf': '', 'session_type': 'RTH', 'entry_bar_index': 4440}"
MES,LONG,2025-08-13 20:00:00+00:00,6599.25,2025-08-14 00:45:00+00:00,6592.75,1,-34.9,6.5,2.4,stop_loss,"{'signal_confidence': 0.7, 'signal_reason': 'EMA21_PB_LONG | ADX=21 | RSI=73 | MACD_H=0.20 | ATR=1.7', 'entry_module': '', 'entry_reason': '', 'entry_type': 'ema21_pullback', 'atr': 1.7367152861557218, 'atr_value': 1.7367152861557218, 'adx_value': 20.786846866726076, 'market_state': 'UPTREND_PULLBACK', 'trend_label': '', 'trend_label_htf': '', 'session_type': 'RTH', 'entry_bar_index': 4541}"
MES,LONG,2025-08-14 17:30:00+00:00,6600.25,2025-08-14 19:30:00+00:00,6599.75,1,-4.9,0.5,2.4,flatten,"{'signal_confidence': 0.7, 'signal_reason': 'EMA21_PB_LONG | ADX=26 | RSI=63 | MACD_H=0.81 | ATR=1.6', 'entry_module': '', 'entry_reason': '', 'entry_type': 'ema21_pullback', 'atr': 1.5866638736786356, 'atr_value': 1.5866638736786356, 'adx_value': 25.717692053222855, 'market_state': 'UPTREND_PULLBACK', 'trend_label': '', 'trend_label_htf': '', 'session_type': 'RTH', 'entry_bar_index': 4620}"
MES,SHORT,2025-08-15 14:00:00+00:00,6589.75,2025-08-15 14:15:00+00:00,6590.5,1,-6.15,0.75,2.4,stop_loss,"{'signal_confidence': 0.7, 'signal_reason': 'EMA21_PB_SHORT | ADX=42 | RSI=5 | MACD_H=-2.09 | ATR=2.3', 'entry_module': '', 'entry_reason': '', 'entry_type': 'ema21_pullback_short', 'atr': 2.2939787502698925, 'atr_value': 2.2939787502698925, 'adx_value': 42.3035045987776, 'market_state': 'DOWNTREND_PULLBACK', 'trend_label': '', 'trend_label_htf': '', 'session_type': 'RTH', 'entry_bar_index': 4692}"
MES,SHORT,2025-08-20 16:00:00+00:00,6502.25,2025-08-20 16:15:00+00:00,6510.5,1,-43.65,8.25,2.4,stop_loss,"{'signal_confidence': 0.7, 'signal_reason': 'TREND_CONT_SHORT | ADX=60 | RSI=42 | MACD_H=-1.57 | e9=6502.6 | #1 | SL=7.0pts | TP=8.7pts', 'entry_module': '', 'entry_reason': '', 'entry_type': 'trend_continuation_short', 'atr': 6.953320426010571, 'atr_value': 6.953320426010571, 'adx_value': 60.19301333967552, 'market_state': 'DOWNTREND_CONTINUATION', 'trend_label': '', 'trend_label_htf': '', 'session_type': 'RTH', 'entry_bar_index': 4913}"
MES,SHORT,2025-08-21 16:00:00+00:00,6499.75,2025-08-21 17:15:00+00:00,6491.0,1,41.35,8.75,2.4,take_profit,"{'signal_confidence': 0.7, 'signal_reason': 'TREND_CONT_SHORT | ADX=49 | RSI=37 | MACD_H=-0.04 | e9=6507.2 | #1 | SL=6.0pts | TP=7.5pts', 'entry_module': '', 'entry_reason': '', 'entry_type': 'trend_continuation_short', 'atr': 2.640652952394136, 'atr_value': 2.640652952394136, 'adx_value': 49.045024808140724, 'market_state': 'DOWNTREND_CONTINUATION', 'trend_label': '', 'trend_label_htf': '', 'session_type': 'RTH', 'entry_bar_index': 4990}"
MES,SHORT,2025-08-21 18:00:00+00:00,6502.75,2025-08-22 07:00:00+00:00,6490.75,1,57.6,12.0,2.4,take_profit,"{'signal_confidence': 0.7, 'signal_reason': 'EMA21_PB_SHORT | ADX=45 | RSI=45 | MACD_H=0.12 | ATR=4.8', 'entry_module': '', 'entry_reason': '', 'entry_type': 'ema21_pullback_short', 'atr': 4.804486605955185, 'atr_value': 4.804486605955185, 'adx_value': 44.631560932301284, 'market_state': 'DOWNTREND_PULLBACK', 'trend_label': '', 'trend_label_htf': '', 'session_type': 'RTH', 'entry_bar_index': 4998}"
MES,SHORT,2025-08-25 14:30:00+00:00,6581.75,2025-08-25 16:00:00+00:00,6588.25,1,-34.9,6.5,2.4,stop_loss,"{'signal_confidence': 0.7, 'signal_reason': 'EMA21_PB_SHORT | ADX=23 | RSI=46 | MACD_H=0.72 | ATR=1.5', 'entry_module': '', 'entry_reason': '', 'entry_type': 'ema21_pullback_short', 'atr': 1.4839206870367274, 'atr_value': 1.4839206870367274, 'adx_value': 23.1117194079091, 'market_state': 'DOWNTREND_PULLBACK', 'trend_label': '', 'trend_label_htf': '', 'session_type': 'RTH', 'entry_bar_index': 5155}"
MES,LONG,2025-08-25 16:15:00+00:00,6592.5,2025-08-25 18:15:00+00:00,6590.0,1,-14.9,2.5,2.4,flatten,"{'signal_confidence': 0.7, 'signal_reason': 'OR_BREAK_LONG | ADX=18 | OR_H=6590.00', 'entry_module': '', 'entry_reason': '', 'entry_type': 'or_breakout', 'atr': 1.732680392231111, 'atr_value': 1.732680392231111, 'adx_value': 18.125493409434277, 'market_state': 'OR_BREAKOUT', 'trend_label': '', 'trend_label_htf': '', 'session_type': 'RTH', 'entry_bar_index': 5162}"
MES,LONG,2025-08-26 13:45:00+00:00,6571.5,2025-08-26 15:45:00+00:00,6570.75,1,-6.15,0.75,2.4,flatten,"{'signal_confidence': 0.7, 'signal_reason': 'OR_BREAK_LONG | ADX=31 | OR_H=6564.00', 'entry_module': '', 'entry_reason': '', 'entry_type': 'or_breakout', 'atr': 0.8840043637648977, 'atr_value': 0.8840043637648977, 'adx_value': 31.226974716914516, 'market_state': 'OR_BREAKOUT', 'trend_label': '', 'trend_label_htf': '', 'session_type': 'RTH', 'entry_bar_index': 5234}"
MES,LONG,2025-08-26 16:30:00+00:00,6575.75,2025-08-26 18:30:00+00:00,6578.75,1,12.6,3.0,2.4,flatten,"{'signal_confidence': 0.7, 'signal_reason': 'EMA21_PB_LONG | ADX=32 | RSI=74 | MACD_H=0.45 | ATR=1.0', 'entry_module': '', 'entry_reason': '', 'entry_type': 'ema21_pullback', 'atr': 1.0091524062858588, 'atr_value': 1.0091524062858588, 'adx_value': 31.647985325889593, 'market_state': 'UPTREND_PULLBACK', 'trend_label': '', 'trend_label_htf': '', 'session_type': 'RTH', 'entry_bar_index': 5245}"
MES,LONG,2025-08-26 19:30:00+00:00,6589.5,2025-08-26 20:00:00+00:00,6597.25,1,36.35,7.75,2.4,take_profit,"{'signal_confidence': 0.7, 'signal_reason': 'EMA21_PB_LONG | ADX=40 | RSI=88 | MACD_H=0.81 | ATR=1.4', 'entry_module': '', 'entry_reason': '', 'entry_type': 'ema21_pullback', 'atr': 1.4169354366364955, 'atr_value': 1.4169354366364955, 'adx_value': 40.174175733093115, 'market_state': 'UPTREND_PULLBACK', 'trend_label': '', 'trend_label_htf': '', 'session_type': 'RTH', 'entry_bar_index': 5257}"
MES,LONG,2025-08-27 18:00:00+00:00,6611.75,2025-08-27 20:15:00+00:00,6605.25,1,-34.9,6.5,2.4,stop_loss,"{'signal_confidence': 0.7, 'signal_reason': 'EMA21_PB_LONG | ADX=38 | RSI=83 | MACD_H=0.41 | ATR=1.1', 'entry_module': '', 'entry_reason': '', 'entry_type': 'ema21_pullback', 'atr': 1.0977845566821889, 'atr_value': 1.0977845566821889, 'adx_value': 38.29060516968846, 'market_state': 'UPTREND_PULLBACK', 'trend_label': '', 'trend_label_htf': '', 'session_type': 'RTH', 'entry_bar_index': 5315}"
MES,LONG,2025-08-28 15:15:00+00:00,6614.25,2025-08-28 15:30:00+00:00,6606.5,1,-41.15,7.75,2.4,stop_loss,"{'signal_confidence': 0.7, 'signal_reason': 'EMA21_PB_LONG | ADX=44 | RSI=61 | MACD_H=0.06 | ATR=1.9', 'entry_module': '', 'entry_reason': '', 'entry_type': 'ema21_pullback', 'atr': 1.9204542162830895, 'atr_value': 1.9204542162830895, 'adx_value': 44.47078022934531, 'market_state': 'UPTREND_PULLBACK', 'trend_label': '', 'trend_label_htf': '', 'session_type': 'RTH', 'entry_bar_index': 5396}"
MES,LONG,2025-08-28 16:30:00+00:00,6620.25,2025-08-28 18:30:00+00:00,6626.75,1,30.1,6.5,2.4,flatten,"{'signal_confidence': 0.7, 'signal_reason': 'EMA21_PB_LONG | ADX=36 | RSI=70 | MACD_H=0.76 | ATR=3.0', 'entry_module': '', 'entry_reason': '', 'entry_type': 'ema21_pullback', 'atr': 3.014388456681735, 'atr_value': 3.014388456681735, 'adx_value': 35.95579663704492, 'market_state': 'UPTREND_PULLBACK', 'trend_label': '', 'trend_label_htf': '', 'session_type': 'RTH', 'entry_bar_index': 5401}"
MES,SHORT,2025-08-29 15:30:00+00:00,6582.25,2025-08-29 17:30:00+00:00,6582.0,1,-1.15,0.25,2.4,flatten,"{'signal_confidence': 0.7, 'signal_reason': 'TREND_CONT_SHORT | ADX=47 | RSI=23 | MACD_H=-2.68 | e9=6592.4 | #1 | SL=6.0pts | TP=7.5pts', 'entry_module': '', 'entry_reason': '', 'entry_type': 'trend_continuation_short', 'atr': 3.417773305434971, 'atr_value': 3.417773305434971, 'adx_value': 47.18254574311097, 'market_state': 'DOWNTREND_CONTINUATION', 'trend_label': '', 'trend_label_htf': '', 'session_type': 'RTH', 'entry_bar_index': 5484}"
MES,SHORT,2025-09-02 15:30:00+00:00,6498.75,2025-09-02 16:00:00+00:00,6490.25,1,40.1,8.5,2.4,take_profit,"{'signal_confidence': 0.7, 'signal_reason': 'TREND_CONT_SHORT | ADX=66 | RSI=28 | MACD_H=-0.18 | e9=6516.9 | #1 | SL=6.0pts | TP=7.5pts', 'entry_module': '', 'entry_reason': '', 'entry_type': 'trend_continuation_short', 'atr': 5.912987677370414, 'atr_value': 5.912987677370414, 'adx_value': 65.8086886500129, 'market_state': 'DOWNTREND_CONTINUATION', 'trend_label': '', 'trend_label_htf': '', 'session_type': 'RTH', 'entry_bar_index': 5651}"
MES,SHORT,2025-09-02 16:45:00+00:00,6492.75,2025-09-02 17:00:00+00:00,6499.25,1,-34.9,6.5,2.4,stop_loss,"{'signal_confidence': 0.7, 'signal_reason': 'TREND_CONT_SHORT | ADX=62 | RSI=27 | MACD_H=-1.29 | e9=6502.0 | #2 | SL=6.0pts | TP=7.5pts', 'entry_module': '', 'entry_reason': '', 'entry_type': 'trend_continuation_short', 'atr': 5.3124919745007535, 'atr_value': 5.3124919745007535, 'adx_value': 62.37062499539884, 'market_state': 'DOWNTREND_CONTINUATION', 'trend_label': '', 'trend_label_htf': '', 'session_type': 'RTH', 'entry_bar_index': 5656}"
MES,LONG,2025-09-03 14:45:00+00:00,6572.25,2025-09-03 15:15:00+00:00,6565.75,1,-34.9,6.5,2.4,stop_loss,"{'signal_confidence': 0.7, 'signal_reason': 'EMA21_PB_LONG | ADX=35 | RSI=63 | MACD_H=-0.72 | ATR=3.2', 'entry_module': '', 'entry_reason': '', 'entry_type': 'ema21_pullback', 'atr': 3.1599013355841783, 'atr_value': 3.1599013355841783, 'adx_value': 35.02156700835814, 'market_state': 'UPTREND_PULLBACK', 'trend_label': '', 'trend_label_htf': '', 'session_type': 'RTH', 'entry_bar_index': 5740}"
MES,SHORT,2025-09-03 18:15:00+00:00,6543.25,2025-09-03 19:30:00+00:00,6550.25,1,-37.4,7.0,2.4,stop_loss,"{'signal_confidence': 0.7, 'signal_reason': 'TREND_CONT_SHORT | ADX=34 | RSI=30 | MACD_H=-2.41 | e9=6551.1 | #1 | SL=6.0pts | TP=7.5pts', 'entry_module': '', 'entry_reason': '', 'entry_type': 'trend_continuation_short', 'atr': 3.0685215677957802, 'atr_value': 3.0685215677957802, 'adx_value': 33.98145718281766, 'market_state': 'DOWNTREND_CONTINUATION', 'trend_label': '', 'trend_label_htf': '', 'session_type': 'RTH', 'entry_bar_index': 5754}"
MES,LONG,2025-09-04 15:15:00+00:00,6591.25,2025-09-04 17:00:00+00:00,6599.75,1,40.1,8.5,2.4,take_profit,"{'signal_confidence': 0.7, 'signal_reason': 'TREND_CONT_LONG | ADX=50 | RSI=63 | MACD_H=0.11 | e9=6587.3 | #1 | SL=6.0pts | TP=7.5pts', 'entry_module': '', 'entry_reason': '', 'entry_type': 'trend_continuation_long', 'atr': 1.7223342692758892, 'atr_value': 1.7223342692758892, 'adx_value': 50.250942590228604, 'market_state': 'UPTREND_CONTINUATION', 'trend_label': '', 'trend_label_htf': '', 'session_type': 'RTH', 'entry_bar_index': 5834}"
MES,LONG,2025-09-04 18:00:00+00:00,6606.25,2025-09-04 19:00:00+00:00,6613.5,1,33.85,7.25,2.4,take_profit,"{'signal_confidence': 0.7, 'signal_reason': 'TREND_CONT_LONG | ADX=53 | RSI=76 | MACD_H=0.86 | e9=6600.2 | #2 | SL=6.0pts | TP=7.5pts', 'entry_module': '', 'entry_reason': '', 'entry_type': 'trend_continuation_long', 'atr': 1.8748891926942666, 'atr_value': 1.8748891926942666, 'adx_value': 53.189491007585225, 'market_state': 'UPTREND_CONTINUATION', 'trend_label': '', 'trend_label_htf': '', 'session_type': 'RTH', 'entry_bar_index': 5845}"
MES,SHORT,2025-09-05 17:45:00+00:00,6581.75,2025-09-05 18:15:00+00:00,6587.25,1,-29.9,5.5,2.4,stop_loss,"{'signal_confidence': 0.7, 'signal_reason': 'TREND_CONT_SHORT | ADX=50 | RSI=28 | MACD_H=-0.40 | e9=6589.1 | #1 | SL=6.0pts | TP=7.5pts', 'entry_module': '', 'entry_reason': '', 'entry_type': 'trend_continuation_short', 'atr': 5.559689021061527, 'atr_value': 5.559689021061527, 'adx_value': 50.02234928848072, 'market_state': 'DOWNTREND_CONTINUATION', 'trend_label': '', 'trend_label_htf': '', 'session_type': 'RTH', 'entry_bar_index': 5936}"
MES,LONG,2025-09-08 15:15:00+00:00,6624.0,2025-09-08 16:30:00+00:00,6617.5,1,-34.9,6.5,2.4,stop_loss,"{'signal_confidence': 0.7, 'signal_reason': 'EMA21_PB_LONG | ADX=31 | RSI=72 | MACD_H=0.08 | ATR=1.9', 'entry_module': '', 'entry_reason': '', 'entry_type': 'ema21_pullback', 'atr': 1.9497849564346132, 'atr_value': 1.9497849564346132, 'adx_value': 31.27652352881611, 'market_state': 'UPTREND_PULLBACK', 'trend_label': '', 'trend_label_htf': '', 'session_type': 'RTH', 'entry_bar_index': 6017}"
MES,LONG,2025-09-08 17:30:00+00:00,6617.25,2025-09-08 17:45:00+00:00,6610.75,1,-34.9,6.5,2.4,stop_loss,"{'signal_confidence': 0.7, 'signal_reason': 'EMA21_PB_LONG | ADX=28 | RSI=51 | MACD_H=-0.60 | ATR=3.4', 'entry_module': '', 'entry_reason': '', 'entry_type': 'ema21_pullback', 'atr': 3.405553662882878, 'atr_value': 3.405553662882878, 'adx_value': 28.494564726771173, 'market_state': 'UPTREND_PULLBACK', 'trend_label': '', 'trend_label_htf': '', 'session_type': 'RTH', 'entry_bar_index': 6026}"
MES,SHORT,2025-09-08 19:15:00+00:00,6607.25,2025-09-08 19:45:00+00:00,6617.0,1,-51.15,9.75,2.4,stop_loss,"{'signal_confidence': 0.7, 'signal_reason': 'EMA21_PB_SHORT | ADX=35 | RSI=44 | MACD_H=-0.66 | ATR=2.7', 'entry_module': '', 'entry_reason': '', 'entry_type': 'ema21_pullback_short', 'atr': 2.720242559338684, 'atr_value': 2.720242559338684, 'adx_value': 34.81464858601225, 'market_state': 'DOWNTREND_PULLBACK', 'trend_label': '', 'trend_label_htf': '', 'session_type': 'RTH', 'entry_bar_index': 6033}"
MES,SHORT,2025-09-09 14:45:00+00:00,6610.0,2025-09-09 15:00:00+00:00,6614.75,1,-26.15,4.75,2.4,stop_loss,"{'signal_confidence': 0.7, 'signal_reason': 'OR_BREAK_SHORT | ADX=27 | OR_L=6621.00', 'entry_module': '', 'entry_reason': '', 'entry_type': 'or_breakdown', 'atr': 1.7491634466595598, 'atr_value': 1.7491634466595598, 'adx_value': 27.120434690154593, 'market_state': 'OR_BREAKDOWN', 'trend_label': '', 'trend_label_htf': '', 'session_type': 'RTH', 'entry_bar_index': 6103}"
