symbol,direction,entry_time,entry_price,exit_time,exit_price,quantity,realized_pnl,pnl_points,commission,exit_reason,entry_metadata,signal_type
ES,LONG,2025-02-04 09:15:00-06:00,6050.0,2025-02-04 10:15:00-06:00,6063.75,1,66.35,13.75,2.4,take_profit,"{'signal_confidence': 0.7, 'signal_reason': 'TREND_CONT_LONG | ADX=19 | RSI=77 | MACD_H=2.52 | e9=6030.7 | #1 | SL=11.1pts | TP=13.9pts', 'entry_module': '', 'entry_reason': '', 'entry_type': 'trend_continuation_long', 'atr': 8.902706574126913, 'atr_value': 8.902706574126913, 'adx_value': 19.106596048758576, 'market_state': 'UPTREND_CONTINUATION', 'trend_label': '', 'trend_label_htf': '', 'session_type': 'RTH', 'entry_bar_index': 156}",TREND_CONT_LONG
ES,LONG,2025-02-04 10:30:00-06:00,6065.5,2025-02-04 10:45:00-06:00,6053.75,1,-61.15,11.75,2.4,stop_loss,"{'signal_confidence': 0.7, 'signal_reason': 'TREND_CONT_LONG | ADX=28 | RSI=78 | MACD_H=3.81 | e9=6048.8 | #2 | SL=11.4pts | TP=14.2pts', 'entry_module': '', 'entry_reason': '', 'entry_type': 'trend_continuation_long', 'atr': 9.104080297694606, 'atr_value': 9.104080297694606, 'adx_value': 28.11467925176353, 'market_state': 'UPTREND_CONTINUATION', 'trend_label': '', 'trend_label_htf': '', 'session_type': 'RTH', 'entry_bar_index': 161}",TREND_CONT_LONG
ES,LONG,2025-02-05 09:30:00-06:00,6050.75,2025-02-05 10:30:00-06:00,6063.0,1,58.85,12.25,2.4,take_profit,"{'signal_confidence': 0.7, 'signal_reason': 'TREND_CONT_LONG | ADX=23 | RSI=63 | MACD_H=1.01 | e9=6045.8 | #2 | SL=10.3pts | TP=12.8pts', 'entry_module': '', 'entry_reason': '', 'entry_type': 'trend_continuation_long', 'atr': 8.22286549794284, 'atr_value': 8.22286549794284, 'adx_value': 23.063694721563785, 'market_state': 'UPTREND_CONTINUATION', 'trend_label': '', 'trend_label_htf': '', 'session_type': 'RTH', 'entry_bar_index': 249}",TREND_CONT_LONG
ES,LONG,2025-02-06 09:15:00-06:00,6101.5,2025-02-06 09:30:00-06:00,6092.75,1,-46.15,8.75,2.4,stop_loss,"{'signal_confidence': 0.7, 'signal_reason': 'TREND_CONT_LONG | ADX=18 | RSI=56 | MACD_H=0.60 | e9=6098.9 | #1 | SL=6.8pts | TP=8.6pts', 'entry_module': '', 'entry_reason': '', 'entry_type': 'trend_continuation_long', 'atr': 5.47805124252757, 'atr_value': 5.47805124252757, 'adx_value': 18.237398535332456, 'market_state': 'UPTREND_CONTINUATION', 'trend_label': '', 'trend_label_htf': '', 'session_type': 'RTH', 'entry_bar_index': 340}",TREND_CONT_LONG
ES,LONG,2025-02-11 10:00:00-06:00,6087.0,2025-02-11 11:00:00-06:00,6078.75,1,-43.65,8.25,2.4,stop_loss,"{'signal_confidence': 0.7, 'signal_reason': 'TREND_CONT_LONG | ADX=20 | RSI=67 | MACD_H=2.24 | e9=6076.8 | #1 | SL=7.8pts | TP=9.8pts', 'entry_module': '', 'entry_reason': '', 'entry_type': 'trend_continuation_long', 'atr': 6.254952164249715, 'atr_value': 6.254952164249715, 'adx_value': 20.262014409372114, 'market_state': 'UPTREND_CONTINUATION', 'trend_label': '', 'trend_label_htf': '', 'session_type': 'RTH', 'entry_bar_index': 619}",TREND_CONT_LONG
ES,LONG,2025-02-11 11:30:00-06:00,6083.25,2025-02-11 13:30:00-06:00,6093.75,1,50.1,10.5,2.4,take_profit,"{'signal_confidence': 0.7, 'signal_reason': 'TREND_CONT_LONG | ADX=19 | RSI=56 | MACD_H=0.55 | e9=6080.6 | #2 | SL=8.6pts | TP=10.8pts', 'entry_module': '', 'entry_reason': '', 'entry_type': 'trend_continuation_long', 'atr': 6.915286898285632, 'atr_value': 6.915286898285632, 'adx_value': 18.571812639858845, 'market_state': 'UPTREND_CONTINUATION', 'trend_label': '', 'trend_label_htf': '', 'session_type': 'RTH', 'entry_bar_index': 625}",TREND_CONT_LONG
ES,LONG,2025-02-13 09:15:00-06:00,6091.5,2025-02-13 09:30:00-06:00,6103.75,1,58.85,12.25,2.4,take_profit,"{'signal_confidence': 0.7, 'signal_reason': 'TREND_CONT_LONG | ADX=24 | RSI=68 | MACD_H=2.18 | e9=6082.6 | #2 | SL=10.0pts | TP=12.5pts', 'entry_module': '', 'entry_reason': '', 'entry_type': 'trend_continuation_long', 'atr': 8.025710382186771, 'atr_value': 8.025710382186771, 'adx_value': 23.77835429925403, 'market_state': 'UPTREND_CONTINUATION', 'trend_label': '', 'trend_label_htf': '', 'session_type': 'RTH', 'entry_bar_index': 800}",TREND_CONT_LONG
ES,LONG,2025-02-14 10:00:00-06:00,6140.75,2025-02-14 10:15:00-06:00,6134.0,1,-36.15,6.75,2.4,stop_loss,"{'signal_confidence': 0.7, 'signal_reason': 'EMA21_PB_LONG | ADX=29 | RSI=61 | MACD_H=1.30 | ATR=4.9 | SL=6.0pts[STRUCT] | TP=8.0pts', 'entry_module': '', 'entry_reason': '', 'entry_type': 'ema21_pullback', 'atr': 4.8622069236017085, 'atr_value': 4.8622069236017085, 'adx_value': 28.644919543882956, 'market_state': 'UPTREND_PULLBACK', 'trend_label': '', 'trend_label_htf': '', 'session_type': 'RTH', 'entry_bar_index': 895}",EMA21_PB_LONG
ES,LONG,2025-02-19 12:45:00-06:00,6152.5,2025-02-19 13:15:00-06:00,6160.25,1,36.35,7.75,2.4,take_profit,"{'signal_confidence': 0.7, 'signal_reason': 'EMA21_PB_LONG | ADX=22 | RSI=60 | MACD_H=1.23 | ATR=5.8 | SL=6.0pts[STRUCT] | TP=8.0pts', 'entry_module': '', 'entry_reason': '', 'entry_type': 'ema21_pullback', 'atr': 5.824291540626197, 'atr_value': 5.824291540626197, 'adx_value': 22.271437003117708, 'market_state': 'UPTREND_PULLBACK', 'trend_label': '', 'trend_label_htf': '', 'session_type': 'RTH', 'entry_bar_index': 1166}",EMA21_PB_LONG
ES,LONG,2025-02-19 13:30:00-06:00,6162.5,2025-02-19 14:15:00-06:00,6154.5,1,-42.4,8.0,2.4,stop_loss,"{'signal_confidence': 0.7, 'signal_reason': 'TREND_CONT_LONG | ADX=22 | RSI=66 | MACD_H=1.89 | e9=6152.7 | #2 | SL=7.7pts | TP=9.6pts', 'entry_module': '', 'entry_reason': '', 'entry_type': 'trend_continuation_long', 'atr': 6.145761120537811, 'atr_value': 6.145761120537811, 'adx_value': 22.319995174191277, 'market_state': 'UPTREND_CONTINUATION', 'trend_label': '', 'trend_label_htf': '', 'session_type': 'RTH', 'entry_bar_index': 1169}",TREND_CONT_LONG
ES,LONG,2025-02-26 09:45:00-06:00,6015.5,2025-02-26 11:00:00-06:00,6004.5,1,-57.4,11.0,2.4,stop_loss,"{'signal_confidence': 0.7, 'signal_reason': 'TREND_CONT_LONG | ADX=22 | RSI=64 | MACD_H=1.69 | e9=6003.6 | #2 | SL=10.7pts | TP=13.4pts', 'entry_module': '', 'entry_reason': '', 'entry_type': 'trend_continuation_long', 'atr': 8.563132955520325, 'atr_value': 8.563132955520325, 'adx_value': 21.78761461230363, 'market_state': 'UPTREND_CONTINUATION', 'trend_label': '', 'trend_label_htf': '', 'session_type': 'RTH', 'entry_bar_index': 1614}",TREND_CONT_LONG
ES,LONG,2025-03-12 12:00:00-05:00,5604.75,2025-03-12 12:15:00-05:00,5619.25,1,70.1,14.5,2.4,take_profit,"{'signal_confidence': 0.7, 'signal_reason': 'EMA21_PB_LONG | ADX=23 | RSI=50 | MACD_H=0.62 | ATR=18.7 | SL=6.0pts[STRUCT] | TP=8.0pts', 'entry_module': '', 'entry_reason': '', 'entry_type': 'ema21_pullback', 'atr': 18.680452711240044, 'atr_value': 18.680452711240044, 'adx_value': 22.970234753376253, 'market_state': 'UPTREND_PULLBACK', 'trend_label': '', 'trend_label_htf': '', 'session_type': 'RTH', 'entry_bar_index': 2543}",EMA21_PB_LONG
ES,LONG,2025-03-14 10:00:00-05:00,5665.5,2025-03-14 10:30:00-05:00,5680.25,1,71.35,14.75,2.4,take_profit,"{'signal_confidence': 0.7, 'signal_reason': 'EMA9_PB_LONG | ADX=25 | RSI=69 | ATR=12.1 | SL=12.1pts | TP=15.1pts', 'entry_module': '', 'entry_reason': '', 'entry_type': 'ema9_pullback', 'atr': 12.097652017900348, 'atr_value': 12.097652017900348, 'adx_value': 25.12408458324838, 'market_state': 'UPTREND_PULLBACK', 'trend_label': '', 'trend_label_htf': '', 'session_type': 'RTH', 'entry_bar_index': 2719}",EMA9_PB_LONG
ES,LONG,2025-03-19 09:15:00-05:00,5709.5,2025-03-19 09:30:00-05:00,5697.75,1,-61.15,11.75,2.4,stop_loss,"{'signal_confidence': 0.7, 'signal_reason': 'TREND_CONT_LONG | ADX=19 | RSI=70 | MACD_H=2.05 | e9=5690.1 | #1 | SL=11.0pts | TP=13.7pts', 'entry_module': '', 'entry_reason': '', 'entry_type': 'trend_continuation_long', 'atr': 8.791770133663546, 'atr_value': 8.791770133663546, 'adx_value': 18.635602886123102, 'market_state': 'UPTREND_CONTINUATION', 'trend_label': '', 'trend_label_htf': '', 'session_type': 'RTH', 'entry_bar_index': 2992}",TREND_CONT_LONG
ES,LONG,2025-03-19 10:15:00-05:00,5706.25,2025-03-19 10:45:00-05:00,5720.5,1,68.85,14.25,2.4,take_profit,"{'signal_confidence': 0.7, 'signal_reason': 'TREND_CONT_LONG | ADX=22 | RSI=63 | MACD_H=1.79 | e9=5696.7 | #2 | SL=11.7pts | TP=14.6pts', 'entry_module': '', 'entry_reason': '', 'entry_type': 'trend_continuation_long', 'atr': 9.364431403258136, 'atr_value': 9.364431403258136, 'adx_value': 22.434106437306728, 'market_state': 'UPTREND_CONTINUATION', 'trend_label': '', 'trend_label_htf': '', 'session_type': 'RTH', 'entry_bar_index': 2996}",TREND_CONT_LONG
ES,LONG,2025-03-19 11:00:00-05:00,5718.25,2025-03-19 11:45:00-05:00,5708.0,1,-53.65,10.25,2.4,stop_loss,"{'signal_confidence': 0.7, 'signal_reason': 'EMA9_PB_LONG | ADX=26 | RSI=69 | ATR=9.8 | SL=9.8pts | TP=12.3pts', 'entry_module': '', 'entry_reason': '', 'entry_type': 'ema9_pullback', 'atr': 9.847724414343341, 'atr_value': 9.847724414343341, 'adx_value': 25.59178397072892, 'market_state': 'UPTREND_PULLBACK', 'trend_label': '', 'trend_label_htf': '', 'session_type': 'RTH', 'entry_bar_index': 2999}",EMA9_PB_LONG
ES,LONG,2025-03-25 09:30:00-05:00,5831.0,2025-03-25 10:45:00-05:00,5820.5,1,-54.9,10.5,2.4,stop_loss,"{'signal_confidence': 0.7, 'signal_reason': 'EMA21_PB_LONG | ADX=22 | RSI=64 | MACD_H=-0.25 | ATR=6.7 | SL=10.0pts[STRUCT] | TP=13.2pts', 'entry_module': '', 'entry_reason': '', 'entry_type': 'ema21_pullback', 'atr': 6.66472896048116, 'atr_value': 6.66472896048116, 'adx_value': 21.889015738859037, 'market_state': 'UPTREND_PULLBACK', 'trend_label': '', 'trend_label_htf': '', 'session_type': 'RTH', 'entry_bar_index': 3361}",EMA21_PB_LONG
ES,LONG,2025-04-09 11:00:00-05:00,5009.25,2025-04-09 11:15:00-05:00,5048.75,1,195.1,39.5,2.4,take_profit,"{'signal_confidence': 0.7, 'signal_reason': 'EMA21_PB_LONG | ADX=23 | RSI=53 | MACD_H=1.84 | ATR=46.0 | SL=8.5pts[STRUCT] | TP=11.2pts', 'entry_module': '', 'entry_reason': '', 'entry_type': 'ema21_pullback', 'atr': 46.04107131200332, 'atr_value': 46.04107131200332, 'adx_value': 23.104866583652584, 'market_state': 'UPTREND_PULLBACK', 'trend_label': '', 'trend_label_htf': '', 'session_type': 'RTH', 'entry_bar_index': 4379}",EMA21_PB_LONG
ES,LONG,2025-04-09 11:45:00-05:00,5048.0,2025-04-09 12:00:00-05:00,5064.0,1,77.6,16.0,2.4,take_profit,"{'signal_confidence': 0.7, 'signal_reason': 'EMA21_PB_LONG | ADX=23 | RSI=58 | MACD_H=4.26 | ATR=43.0 | SL=12.0pts[STRUCT] | TP=16.0pts', 'entry_module': '', 'entry_reason': '', 'entry_type': 'ema21_pullback', 'atr': 42.968197402504124, 'atr_value': 42.968197402504124, 'adx_value': 22.717957718661772, 'market_state': 'UPTREND_PULLBACK', 'trend_label': '', 'trend_label_htf': '', 'session_type': 'RTH', 'entry_bar_index': 4382}",EMA21_PB_LONG
ES,LONG,2025-04-29 10:00:00-05:00,5572.75,2025-04-29 10:15:00-05:00,5561.75,1,-57.4,11.0,2.4,stop_loss,"{'signal_confidence': 0.7, 'signal_reason': 'OR_BREAK_LONG | ADX=21 | OR_H=5567.50 | SL=10.5pt | TP=14.0pt', 'entry_module': '', 'entry_reason': '', 'entry_type': 'or_breakout', 'atr': 14.059488375541656, 'atr_value': 14.059488375541656, 'adx_value': 20.88746133590589, 'market_state': 'OR_BREAKOUT', 'trend_label': '', 'trend_label_htf': '', 'session_type': 'RTH', 'entry_bar_index': 5571}",OR_BREAK_LONG
ES,LONG,2025-05-08 13:15:00-05:00,5720.25,2025-05-08 14:15:00-05:00,5731.75,1,55.1,11.5,2.4,take_profit,"{'signal_confidence': 0.7, 'signal_reason': 'EMA21_PB_LONG | ADX=25 | RSI=55 | MACD_H=1.04 | ATR=13.4 | SL=9.0pts[STRUCT] | TP=12.0pts', 'entry_module': '', 'entry_reason': '', 'entry_type': 'ema21_pullback', 'atr': 13.385168046619519, 'atr_value': 13.385168046619519, 'adx_value': 24.516162461684367, 'market_state': 'UPTREND_PULLBACK', 'trend_label': '', 'trend_label_htf': '', 'session_type': 'RTH', 'entry_bar_index': 6228}",EMA21_PB_LONG
ES,LONG,2025-05-13 11:30:00-05:00,5912.75,2025-05-13 13:30:00-05:00,5914.75,1,7.6,2.0,2.4,flatten,"{'signal_confidence': 0.7, 'signal_reason': 'TREND_CONT_LONG | ADX=51 | RSI=75 | MACD_H=1.64 | e9=5906.5 | #2 | SL=11.6pts | TP=14.6pts', 'entry_module': '', 'entry_reason': '', 'entry_type': 'trend_continuation_long', 'atr': 9.315178581704144, 'atr_value': 9.315178581704144, 'adx_value': 50.65917700983883, 'market_state': 'UPTREND_CONTINUATION', 'trend_label': '', 'trend_label_htf': '', 'session_type': 'RTH', 'entry_bar_index': 6497}",TREND_CONT_LONG
ES,LONG,2025-05-15 10:15:00-05:00,5910.75,2025-05-15 10:30:00-05:00,5924.5,1,66.35,13.75,2.4,take_profit,"{'signal_confidence': 0.7, 'signal_reason': 'TREND_CONT_LONG | ADX=30 | RSI=69 | MACD_H=2.23 | e9=5897.1 | #1 | SL=11.0pts | TP=13.7pts', 'entry_module': '', 'entry_reason': '', 'entry_type': 'trend_continuation_long', 'atr': 8.766400314623237, 'atr_value': 8.766400314623237, 'adx_value': 29.569651866602523, 'market_state': 'UPTREND_CONTINUATION', 'trend_label': '', 'trend_label_htf': '', 'session_type': 'RTH', 'entry_bar_index': 6676}",TREND_CONT_LONG
ES,LONG,2025-05-15 10:45:00-05:00,5928.0,2025-05-15 12:15:00-05:00,5942.25,1,68.85,14.25,2.4,take_profit,"{'signal_confidence': 0.7, 'signal_reason': 'TREND_CONT_LONG | ADX=34 | RSI=77 | MACD_H=3.89 | e9=5906.6 | #2 | SL=11.8pts | TP=14.8pts', 'entry_module': '', 'entry_reason': '', 'entry_type': 'trend_continuation_long', 'atr': 9.454192108016974, 'atr_value': 9.454192108016974, 'adx_value': 33.878050055842465, 'market_state': 'UPTREND_CONTINUATION', 'trend_label': '', 'trend_label_htf': '', 'session_type': 'RTH', 'entry_bar_index': 6678}",TREND_CONT_LONG
ES,LONG,2025-05-16 12:00:00-05:00,5955.0,2025-05-16 12:15:00-05:00,5962.5,1,35.1,7.5,2.4,take_profit,"{'signal_confidence': 0.7, 'signal_reason': 'EMA21_PB_LONG | ADX=23 | RSI=59 | MACD_H=1.38 | ATR=7.6 | SL=6.0pts[STRUCT] | TP=8.0pts', 'entry_module': '', 'entry_reason': '', 'entry_type': 'ema21_pullback', 'atr': 7.641609579311136, 'atr_value': 7.641609579311136, 'adx_value': 23.065607793041977, 'market_state': 'UPTREND_PULLBACK', 'trend_label': '', 'trend_label_htf': '', 'session_type': 'RTH', 'entry_bar_index': 6775}",EMA21_PB_LONG
ES,LONG,2025-05-16 12:30:00-05:00,5963.75,2025-05-16 14:00:00-05:00,5973.5,1,46.35,9.75,2.4,take_profit,"{'signal_confidence': 0.7, 'signal_reason': 'EMA9_PB_LONG | ADX=23 | RSI=65 | ATR=7.5 | SL=8.0pts | TP=10.0pts', 'entry_module': '', 'entry_reason': '', 'entry_type': 'ema9_pullback', 'atr': 7.463938871957051, 'atr_value': 7.463938871957051, 'adx_value': 23.22119355280029, 'market_state': 'UPTREND_PULLBACK', 'trend_label': '', 'trend_label_htf': '', 'session_type': 'RTH', 'entry_bar_index': 6777}",EMA9_PB_LONG
ES,LONG,2025-05-21 11:15:00-05:00,5950.0,2025-05-21 12:00:00-05:00,5940.5,1,-49.9,9.5,2.4,stop_loss,"{'signal_confidence': 0.7, 'signal_reason': 'EMA9_PB_LONG | ADX=27 | RSI=65 | ATR=9.3 | SL=9.3pts | TP=11.6pts', 'entry_module': '', 'entry_reason': '', 'entry_type': 'ema9_pullback', 'atr': 9.303447806521195, 'atr_value': 9.303447806521195, 'adx_value': 26.84127805589675, 'market_state': 'UPTREND_PULLBACK', 'trend_label': '', 'trend_label_htf': '', 'session_type': 'RTH', 'entry_bar_index': 7048}",EMA9_PB_LONG
ES,LONG,2025-05-27 09:45:00-05:00,5906.25,2025-05-27 11:00:00-05:00,5919.5,1,63.85,13.25,2.4,take_profit,"{'signal_confidence': 0.7, 'signal_reason': 'TREND_CONT_LONG | ADX=26 | RSI=59 | MACD_H=0.07 | e9=5896.4 | #1 | SL=10.9pts | TP=13.6pts', 'entry_module': '', 'entry_reason': '', 'entry_type': 'trend_continuation_long', 'atr': 8.698700813800263, 'atr_value': 8.698700813800263, 'adx_value': 26.137117137893586, 'market_state': 'UPTREND_CONTINUATION', 'trend_label': '', 'trend_label_htf': '', 'session_type': 'RTH', 'entry_bar_index': 7394}",TREND_CONT_LONG
ES,LONG,2025-05-27 11:15:00-05:00,5920.25,2025-05-27 11:30:00-05:00,5930.0,1,46.35,9.75,2.4,take_profit,"{'signal_confidence': 0.7, 'signal_reason': 'EMA9_PB_LONG | ADX=23 | RSI=69 | ATR=7.8 | SL=8.0pts | TP=10.0pts', 'entry_module': '', 'entry_reason': '', 'entry_type': 'ema9_pullback', 'atr': 7.802750710848378, 'atr_value': 7.802750710848378, 'adx_value': 22.931965793970498, 'market_state': 'UPTREND_PULLBACK', 'trend_label': '', 'trend_label_htf': '', 'session_type': 'RTH', 'entry_bar_index': 7400}",EMA9_PB_LONG
ES,LONG,2025-05-27 12:15:00-05:00,5926.25,2025-05-27 12:45:00-05:00,5936.0,1,46.35,9.75,2.4,take_profit,"{'signal_confidence': 0.7, 'signal_reason': 'EMA9_PB_LONG | ADX=27 | RSI=69 | ATR=7.6 | SL=8.0pts | TP=10.0pts', 'entry_module': '', 'entry_reason': '', 'entry_type': 'ema9_pullback', 'atr': 7.581687657552597, 'atr_value': 7.581687657552597, 'adx_value': 27.041776334142234, 'market_state': 'UPTREND_PULLBACK', 'trend_label': '', 'trend_label_htf': '', 'session_type': 'RTH', 'entry_bar_index': 7404}",EMA9_PB_LONG
ES,LONG,2025-06-03 09:15:00-05:00,5950.0,2025-06-03 10:00:00-05:00,5965.25,1,73.85,15.25,2.4,take_profit,"{'signal_confidence': 0.7, 'signal_reason': 'EMA21_PB_LONG | ADX=35 | RSI=67 | MACD_H=1.44 | ATR=6.8 | SL=11.8pts[STRUCT] | TP=15.8pts', 'entry_module': '', 'entry_reason': '', 'entry_type': 'ema21_pullback', 'atr': 6.805327023783, 'atr_value': 6.805327023783, 'adx_value': 34.87962833021877, 'market_state': 'UPTREND_PULLBACK', 'trend_label': '', 'trend_label_htf': '', 'session_type': 'RTH', 'entry_bar_index': 156}",EMA21_PB_LONG
ES,LONG,2025-06-04 09:30:00-05:00,5995.25,2025-06-04 09:45:00-05:00,5986.0,1,-48.65,9.25,2.4,stop_loss,"{'signal_confidence': 0.7, 'signal_reason': 'TREND_CONT_LONG | ADX=25 | RSI=57 | MACD_H=0.26 | e9=5990.1 | #2 | SL=9.0pts | TP=11.3pts', 'entry_module': '', 'entry_reason': '', 'entry_type': 'trend_continuation_long', 'atr': 7.222694475315361, 'atr_value': 7.222694475315361, 'adx_value': 25.033917462489985, 'market_state': 'UPTREND_CONTINUATION', 'trend_label': '', 'trend_label_htf': '', 'session_type': 'RTH', 'entry_bar_index': 249}",TREND_CONT_LONG
ES,LONG,2025-06-04 12:15:00-05:00,5992.25,2025-06-04 14:15:00-05:00,5989.75,1,-14.9,2.5,2.4,flatten,"{'signal_confidence': 0.7, 'signal_reason': 'EMA21_PB_LONG | ADX=24 | RSI=54 | MACD_H=-0.30 | ATR=7.4 | SL=6.0pts[STRUCT] | TP=8.0pts', 'entry_module': '', 'entry_reason': '', 'entry_type': 'ema21_pullback', 'atr': 7.368448464131853, 'atr_value': 7.368448464131853, 'adx_value': 23.95166847815808, 'market_state': 'UPTREND_PULLBACK', 'trend_label': '', 'trend_label_htf': '', 'session_type': 'RTH', 'entry_bar_index': 260}",EMA21_PB_LONG
ES,LONG,2025-06-10 09:15:00-05:00,6023.75,2025-06-10 10:30:00-05:00,6016.25,1,-39.9,7.5,2.4,stop_loss,"{'signal_confidence': 0.7, 'signal_reason': 'TREND_CONT_LONG | ADX=18 | RSI=61 | MACD_H=0.91 | e9=6019.1 | #2 | SL=7.2pts | TP=9.0pts', 'entry_module': '', 'entry_reason': '', 'entry_type': 'trend_continuation_long', 'atr': 5.739450802961148, 'atr_value': 5.739450802961148, 'adx_value': 18.223132260509956, 'market_state': 'UPTREND_CONTINUATION', 'trend_label': '', 'trend_label_htf': '', 'session_type': 'RTH', 'entry_bar_index': 616}",TREND_CONT_LONG
ES,LONG,2025-06-10 11:00:00-05:00,6027.25,2025-06-10 11:45:00-05:00,6036.0,1,41.35,8.75,2.4,take_profit,"{'signal_confidence': 0.7, 'signal_reason': 'EMA21_PB_LONG | ADX=22 | RSI=59 | MACD_H=0.48 | ATR=6.7 | SL=6.8pts[STRUCT] | TP=9.0pts', 'entry_module': '', 'entry_reason': '', 'entry_type': 'ema21_pullback', 'atr': 6.725459079040492, 'atr_value': 6.725459079040492, 'adx_value': 21.791973642160606, 'market_state': 'UPTREND_PULLBACK', 'trend_label': '', 'trend_label_htf': '', 'session_type': 'RTH', 'entry_bar_index': 623}",EMA21_PB_LONG
ES,LONG,2025-06-11 09:15:00-05:00,6055.5,2025-06-11 11:00:00-05:00,6043.25,1,-63.65,12.25,2.4,stop_loss,"{'signal_confidence': 0.7, 'signal_reason': 'TREND_CONT_LONG | ADX=26 | RSI=63 | MACD_H=1.08 | e9=6050.0 | #2 | SL=11.7pts | TP=14.6pts', 'entry_module': '', 'entry_reason': '', 'entry_type': 'trend_continuation_long', 'atr': 9.324864527948213, 'atr_value': 9.324864527948213, 'adx_value': 26.157328602029125, 'market_state': 'UPTREND_CONTINUATION', 'trend_label': '', 'trend_label_htf': '', 'session_type': 'RTH', 'entry_bar_index': 708}",TREND_CONT_LONG
ES,LONG,2025-06-12 09:30:00-05:00,6039.0,2025-06-12 11:30:00-05:00,6043.25,1,18.85,4.25,2.4,flatten,"{'signal_confidence': 0.7, 'signal_reason': 'TREND_CONT_LONG | ADX=30 | RSI=76 | MACD_H=4.28 | e9=6020.5 | #1 | SL=10.5pts | TP=13.2pts', 'entry_module': '', 'entry_reason': '', 'entry_type': 'trend_continuation_long', 'atr': 8.417262423436641, 'atr_value': 8.417262423436641, 'adx_value': 30.018108122740923, 'market_state': 'UPTREND_CONTINUATION', 'trend_label': '', 'trend_label_htf': '', 'session_type': 'RTH', 'entry_bar_index': 801}",TREND_CONT_LONG
ES,LONG,2025-06-12 12:15:00-05:00,6045.25,2025-06-12 14:15:00-05:00,6046.0,1,1.35,0.75,2.4,flatten,"{'signal_confidence': 0.7, 'signal_reason': 'TREND_CONT_LONG | ADX=35 | RSI=66 | MACD_H=0.45 | e9=6040.1 | #2 | SL=11.8pts | TP=14.8pts', 'entry_module': '', 'entry_reason': '', 'entry_type': 'trend_continuation_long', 'atr': 9.469917220865888, 'atr_value': 9.469917220865888, 'adx_value': 35.261052305393356, 'market_state': 'UPTREND_CONTINUATION', 'trend_label': '', 'trend_label_htf': '', 'session_type': 'RTH', 'entry_bar_index': 812}",TREND_CONT_LONG
ES,LONG,2025-06-17 10:45:00-05:00,6073.75,2025-06-17 11:45:00-05:00,6062.0,1,-61.15,11.75,2.4,stop_loss,"{'signal_confidence': 0.7, 'signal_reason': 'TREND_CONT_LONG | ADX=18 | RSI=55 | MACD_H=0.80 | e9=6070.9 | #1 | SL=11.5pts | TP=14.3pts', 'entry_module': '', 'entry_reason': '', 'entry_type': 'trend_continuation_long', 'atr': 9.160267847947743, 'atr_value': 9.160267847947743, 'adx_value': 18.314140049950353, 'market_state': 'UPTREND_CONTINUATION', 'trend_label': '', 'trend_label_htf': '', 'session_type': 'RTH', 'entry_bar_index': 1082}",TREND_CONT_LONG
ES,LONG,2025-06-18 09:45:00-05:00,6072.0,2025-06-18 10:15:00-05:00,6061.75,1,-53.65,10.25,2.4,stop_loss,"{'signal_confidence': 0.7, 'signal_reason': 'TREND_CONT_LONG | ADX=18 | RSI=71 | MACD_H=2.85 | e9=6057.1 | #1 | SL=9.6pts | TP=12.0pts', 'entry_module': '', 'entry_reason': '', 'entry_type': 'trend_continuation_long', 'atr': 7.650822653245166, 'atr_value': 7.650822653245166, 'adx_value': 18.287977220902075, 'market_state': 'UPTREND_CONTINUATION', 'trend_label': '', 'trend_label_htf': '', 'session_type': 'RTH', 'entry_bar_index': 1170}",TREND_CONT_LONG
ES,LONG,2025-06-24 10:15:00-05:00,6130.25,2025-06-24 11:30:00-05:00,6143.25,1,62.6,13.0,2.4,take_profit,"{'signal_confidence': 0.7, 'signal_reason': 'TREND_CONT_LONG | ADX=19 | RSI=58 | MACD_H=0.66 | e9=6124.2 | #1 | SL=10.4pts | TP=13.0pts', 'entry_module': '', 'entry_reason': '', 'entry_type': 'trend_continuation_long', 'atr': 8.304695290167327, 'atr_value': 8.304695290167327, 'adx_value': 18.513045436752932, 'market_state': 'UPTREND_CONTINUATION', 'trend_label': '', 'trend_label_htf': '', 'session_type': 'RTH', 'entry_bar_index': 1524}",TREND_CONT_LONG
ES,LONG,2025-06-24 11:45:00-05:00,6148.5,2025-06-24 13:45:00-05:00,6147.75,1,-6.15,0.75,2.4,flatten,"{'signal_confidence': 0.7, 'signal_reason': 'TREND_CONT_LONG | ADX=20 | RSI=71 | MACD_H=2.35 | e9=6136.1 | #2 | SL=9.2pts | TP=11.6pts', 'entry_module': '', 'entry_reason': '', 'entry_type': 'trend_continuation_long', 'atr': 7.397497331686478, 'atr_value': 7.397497331686478, 'adx_value': 19.91978235726326, 'market_state': 'UPTREND_CONTINUATION', 'trend_label': '', 'trend_label_htf': '', 'session_type': 'RTH', 'entry_bar_index': 1530}",TREND_CONT_LONG
ES,LONG,2025-06-25 09:30:00-05:00,6152.5,2025-06-25 10:00:00-05:00,6146.0,1,-34.9,6.5,2.4,stop_loss,"{'signal_confidence': 0.7, 'signal_reason': 'EMA21_PB_LONG | ADX=23 | RSI=52 | MACD_H=-0.19 | ATR=4.8 | SL=6.0pts[STRUCT] | TP=8.0pts', 'entry_module': '', 'entry_reason': '', 'entry_type': 'ema21_pullback', 'atr': 4.763207633213358, 'atr_value': 4.763207633213358, 'adx_value': 23.38121756502052, 'market_state': 'UPTREND_PULLBACK', 'trend_label': '', 'trend_label_htf': '', 'session_type': 'RTH', 'entry_bar_index': 1613}",EMA21_PB_LONG
ES,LONG,2025-06-26 09:15:00-05:00,6170.0,2025-06-26 09:30:00-05:00,6177.75,1,36.35,7.75,2.4,take_profit,"{'signal_confidence': 0.7, 'signal_reason': 'EMA21_PB_LONG | ADX=31 | RSI=59 | MACD_H=-0.33 | ATR=5.2 | SL=6.0pts[STRUCT] | TP=8.0pts', 'entry_module': '', 'entry_reason': '', 'entry_type': 'ema21_pullback', 'atr': 5.211971303477251, 'atr_value': 5.211971303477251, 'adx_value': 30.520168243091934, 'market_state': 'UPTREND_PULLBACK', 'trend_label': '', 'trend_label_htf': '', 'session_type': 'RTH', 'entry_bar_index': 1704}",EMA21_PB_LONG
ES,LONG,2025-06-26 09:45:00-05:00,6176.25,2025-06-26 10:15:00-05:00,6184.5,1,38.85,8.25,2.4,take_profit,"{'signal_confidence': 0.7, 'signal_reason': 'TREND_CONT_LONG | ADX=29 | RSI=67 | MACD_H=0.49 | e9=6170.3 | #1 | SL=6.8pts | TP=8.6pts', 'entry_module': '', 'entry_reason': '', 'entry_type': 'trend_continuation_long', 'atr': 5.473587501467629, 'atr_value': 5.473587501467629, 'adx_value': 28.73629553751257, 'market_state': 'UPTREND_CONTINUATION', 'trend_label': '', 'trend_label_htf': '', 'session_type': 'RTH', 'entry_bar_index': 1706}",TREND_CONT_LONG
ES,LONG,2025-06-26 10:45:00-05:00,6179.75,2025-06-26 12:00:00-05:00,6187.75,1,37.6,8.0,2.4,take_profit,"{'signal_confidence': 0.7, 'signal_reason': 'EMA21_PB_LONG | ADX=27 | RSI=67 | MACD_H=0.94 | ATR=5.8 | SL=6.0pts[STRUCT] | TP=8.0pts', 'entry_module': '', 'entry_reason': '', 'entry_type': 'ema21_pullback', 'atr': 5.751233408720767, 'atr_value': 5.751233408720767, 'adx_value': 26.9015858149709, 'market_state': 'UPTREND_PULLBACK', 'trend_label': '', 'trend_label_htf': '', 'session_type': 'RTH', 'entry_bar_index': 1710}",EMA21_PB_LONG
ES,LONG,2025-06-26 14:30:00-05:00,6193.0,2025-06-26 17:00:00-05:00,6200.5,1,35.1,7.5,2.4,take_profit,"{'signal_confidence': 0.7, 'signal_reason': 'EMA21_PB_LONG | ADX=28 | RSI=68 | MACD_H=-0.15 | ATR=5.2 | SL=6.0pts[STRUCT] | TP=8.0pts', 'entry_module': '', 'entry_reason': '', 'entry_type': 'ema21_pullback', 'atr': 5.187805022929185, 'atr_value': 5.187805022929185, 'adx_value': 27.545173053576494, 'market_state': 'UPTREND_PULLBACK', 'trend_label': '', 'trend_label_htf': '', 'session_type': 'RTH', 'entry_bar_index': 1725}",EMA21_PB_LONG
ES,LONG,2025-07-01 12:15:00-05:00,6251.5,2025-07-01 14:15:00-05:00,6248.0,1,-19.9,3.5,2.4,flatten,"{'signal_confidence': 0.7, 'signal_reason': 'TREND_CONT_LONG | ADX=19 | RSI=57 | MACD_H=1.22 | e9=6245.1 | #1 | SL=11.4pts | TP=14.2pts', 'entry_module': '', 'entry_reason': '', 'entry_type': 'trend_continuation_long', 'atr': 9.112381224700531, 'atr_value': 9.112381224700531, 'adx_value': 18.964666166468092, 'market_state': 'UPTREND_CONTINUATION', 'trend_label': '', 'trend_label_htf': '', 'session_type': 'RTH', 'entry_bar_index': 1992}",TREND_CONT_LONG
ES,LONG,2025-07-02 11:00:00-05:00,6265.0,2025-07-02 13:00:00-05:00,6266.0,1,2.6,1.0,2.4,flatten,"{'signal_confidence': 0.7, 'signal_reason': 'TREND_CONT_LONG | ADX=26 | RSI=64 | MACD_H=2.24 | e9=6258.1 | #1 | SL=7.8pts | TP=9.8pts', 'entry_module': '', 'entry_reason': '', 'entry_type': 'trend_continuation_long', 'atr': 6.241042234042467, 'atr_value': 6.241042234042467, 'adx_value': 25.580215952269523, 'market_state': 'UPTREND_CONTINUATION', 'trend_label': '', 'trend_label_htf': '', 'session_type': 'RTH', 'entry_bar_index': 2079}",TREND_CONT_LONG
ES,LONG,2025-07-02 13:30:00-05:00,6268.0,2025-07-02 14:45:00-05:00,6275.75,1,36.35,7.75,2.4,take_profit,"{'signal_confidence': 0.7, 'signal_reason': 'EMA21_PB_LONG | ADX=22 | RSI=64 | MACD_H=0.57 | ATR=5.3 | SL=6.0pts[STRUCT] | TP=8.0pts', 'entry_module': '', 'entry_reason': '', 'entry_type': 'ema21_pullback', 'atr': 5.285147672882229, 'atr_value': 5.285147672882229, 'adx_value': 21.56325164808599, 'market_state': 'UPTREND_PULLBACK', 'trend_label': '', 'trend_label_htf': '', 'session_type': 'RTH', 'entry_bar_index': 2089}",EMA21_PB_LONG
ES,LONG,2025-07-02 15:00:00-05:00,6275.5,2025-07-03 02:15:00-05:00,6284.5,1,42.6,9.0,2.4,take_profit,"{'signal_confidence': 0.7, 'signal_reason': 'EMA21_PB_LONG | ADX=24 | RSI=69 | MACD_H=0.43 | ATR=5.0 | SL=7.0pts[STRUCT] | TP=9.2pts', 'entry_module': '', 'entry_reason': '', 'entry_type': 'ema21_pullback', 'atr': 4.9822763452883425, 'atr_value': 4.9822763452883425, 'adx_value': 23.79498702552215, 'market_state': 'UPTREND_PULLBACK', 'trend_label': '', 'trend_label_htf': '', 'session_type': 'RTH', 'entry_bar_index': 2095}",EMA21_PB_LONG
ES,LONG,2025-07-09 13:15:00-05:00,6299.0,2025-07-09 17:00:00-05:00,6310.25,1,53.85,11.25,2.4,take_profit,"{'signal_confidence': 0.7, 'signal_reason': 'TREND_CONT_LONG | ADX=19 | RSI=63 | MACD_H=0.16 | e9=6291.3 | #1 | SL=9.4pts | TP=11.7pts', 'entry_module': '', 'entry_reason': '', 'entry_type': 'trend_continuation_long', 'atr': 7.4925768824092165, 'atr_value': 7.4925768824092165, 'adx_value': 19.010208180150915, 'market_state': 'UPTREND_CONTINUATION', 'trend_label': '', 'trend_label_htf': '', 'session_type': 'RTH', 'entry_bar_index': 2517}",TREND_CONT_LONG
ES,LONG,2025-07-10 09:45:00-05:00,6314.75,2025-07-10 11:45:00-05:00,6323.25,1,40.1,8.5,2.4,flatten,"{'signal_confidence': 0.7, 'signal_reason': 'EMA21_PB_LONG | ADX=25 | RSI=66 | MACD_H=0.23 | ATR=5.8 | SL=11.8pts[STRUCT] | TP=15.8pts', 'entry_module': '', 'entry_reason': '', 'entry_type': 'ema21_pullback', 'atr': 5.811091243583968, 'atr_value': 5.811091243583968, 'adx_value': 24.87043863803763, 'market_state': 'UPTREND_PULLBACK', 'trend_label': '', 'trend_label_htf': '', 'session_type': 'RTH', 'entry_bar_index': 2595}",EMA21_PB_LONG
ES,LONG,2025-07-10 12:15:00-05:00,6326.0,2025-07-10 12:45:00-05:00,6334.25,1,38.85,8.25,2.4,take_profit,"{'signal_confidence': 0.7, 'signal_reason': 'TREND_CONT_LONG | ADX=33 | RSI=68 | MACD_H=0.88 | e9=6320.8 | #2 | SL=6.8pts | TP=8.5pts', 'entry_module': '', 'entry_reason': '', 'entry_type': 'trend_continuation_long', 'atr': 5.426524050584087, 'atr_value': 5.426524050584087, 'adx_value': 33.12519248488347, 'market_state': 'UPTREND_CONTINUATION', 'trend_label': '', 'trend_label_htf': '', 'session_type': 'RTH', 'entry_bar_index': 2605}",TREND_CONT_LONG
ES,LONG,2025-07-17 12:00:00-05:00,6329.75,2025-07-17 13:15:00-05:00,6337.5,1,36.35,7.75,2.4,take_profit,"{'signal_confidence': 0.7, 'signal_reason': 'EMA21_PB_LONG | ADX=20 | RSI=65 | MACD_H=0.80 | ATR=5.7 | SL=6.0pts[STRUCT] | TP=8.0pts', 'entry_module': '', 'entry_reason': '', 'entry_type': 'ema21_pullback', 'atr': 5.746613651526787, 'atr_value': 5.746613651526787, 'adx_value': 20.015476447452134, 'market_state': 'UPTREND_PULLBACK', 'trend_label': '', 'trend_label_htf': '', 'session_type': 'RTH', 'entry_bar_index': 3064}",EMA21_PB_LONG
ES,LONG,2025-07-22 14:30:00-05:00,6349.5,2025-07-22 15:00:00-05:00,6343.25,1,-33.65,6.25,2.4,stop_loss,"{'signal_confidence': 0.7, 'signal_reason': 'EMA21_PB_LONG | ADX=22 | RSI=61 | MACD_H=1.60 | ATR=6.6 | SL=6.0pts[STRUCT] | TP=8.0pts', 'entry_module': '', 'entry_reason': '', 'entry_type': 'ema21_pullback', 'atr': 6.6094868659029595, 'atr_value': 6.6094868659029595, 'adx_value': 21.828597218148467, 'market_state': 'UPTREND_PULLBACK', 'trend_label': '', 'trend_label_htf': '', 'session_type': 'RTH', 'entry_bar_index': 3350}",EMA21_PB_LONG
ES,LONG,2025-07-23 11:00:00-05:00,6377.75,2025-07-23 13:00:00-05:00,6388.0,1,48.85,10.25,2.4,take_profit,"{'signal_confidence': 0.7, 'signal_reason': 'TREND_CONT_LONG | ADX=19 | RSI=63 | MACD_H=0.53 | e9=6366.1 | #1 | SL=8.2pts | TP=10.2pts', 'entry_module': '', 'entry_reason': '', 'entry_type': 'trend_continuation_long', 'atr': 6.537853469755254, 'atr_value': 6.537853469755254, 'adx_value': 19.392620765144517, 'market_state': 'UPTREND_CONTINUATION', 'trend_label': '', 'trend_label_htf': '', 'session_type': 'RTH', 'entry_bar_index': 3428}",TREND_CONT_LONG
ES,LONG,2025-07-23 13:15:00-05:00,6389.75,2025-07-23 15:00:00-05:00,6400.5,1,51.35,10.75,2.4,take_profit,"{'signal_confidence': 0.7, 'signal_reason': 'TREND_CONT_LONG | ADX=25 | RSI=68 | MACD_H=1.98 | e9=6379.2 | #2 | SL=8.7pts | TP=10.9pts', 'entry_module': '', 'entry_reason': '', 'entry_type': 'trend_continuation_long', 'atr': 6.978732209078836, 'atr_value': 6.978732209078836, 'adx_value': 24.93924148388703, 'market_state': 'UPTREND_CONTINUATION', 'trend_label': '', 'trend_label_htf': '', 'session_type': 'RTH', 'entry_bar_index': 3437}",TREND_CONT_LONG
ES,LONG,2025-07-24 11:00:00-05:00,6412.0,2025-07-24 11:15:00-05:00,6404.0,1,-42.4,8.0,2.4,stop_loss,"{'signal_confidence': 0.7, 'signal_reason': 'TREND_CONT_LONG | ADX=19 | RSI=60 | MACD_H=1.08 | e9=6409.0 | #1 | SL=6.5pts | TP=8.1pts', 'entry_module': '', 'entry_reason': '', 'entry_type': 'trend_continuation_long', 'atr': 5.173358915621294, 'atr_value': 5.173358915621294, 'adx_value': 19.08009303172529, 'market_state': 'UPTREND_CONTINUATION', 'trend_label': '', 'trend_label_htf': '', 'session_type': 'RTH', 'entry_bar_index': 3520}",TREND_CONT_LONG
ES,LONG,2025-08-06 10:30:00-05:00,6364.5,2025-08-06 12:30:00-05:00,6367.75,1,13.85,3.25,2.4,flatten,"{'signal_confidence': 0.7, 'signal_reason': 'TREND_CONT_LONG | ADX=18 | RSI=68 | MACD_H=2.89 | e9=6347.9 | #1 | SL=11.7pts | TP=14.6pts', 'entry_module': '', 'entry_reason': '', 'entry_type': 'trend_continuation_long', 'atr': 9.332171918148656, 'atr_value': 9.332171918148656, 'adx_value': 18.303690535712875, 'market_state': 'UPTREND_CONTINUATION', 'trend_label': '', 'trend_label_htf': '', 'session_type': 'RTH', 'entry_bar_index': 4346}",TREND_CONT_LONG
ES,LONG,2025-08-06 13:15:00-05:00,6373.25,2025-08-06 17:30:00-05:00,6385.5,1,58.85,12.25,2.4,take_profit,"{'signal_confidence': 0.7, 'signal_reason': 'TREND_CONT_LONG | ADX=29 | RSI=67 | MACD_H=0.84 | e9=6367.3 | #2 | SL=10.1pts | TP=12.7pts', 'entry_module': '', 'entry_reason': '', 'entry_type': 'trend_continuation_long', 'atr': 8.106187969313691, 'atr_value': 8.106187969313691, 'adx_value': 28.559147045037857, 'market_state': 'UPTREND_CONTINUATION', 'trend_label': '', 'trend_label_htf': '', 'session_type': 'RTH', 'entry_bar_index': 4357}",TREND_CONT_LONG
ES,LONG,2025-08-08 10:15:00-05:00,6406.25,2025-08-08 10:30:00-05:00,6397.0,1,-48.65,9.25,2.4,stop_loss,"{'signal_confidence': 0.7, 'signal_reason': 'EMA21_PB_LONG | ADX=29 | RSI=69 | MACD_H=2.08 | ATR=6.1 | SL=8.5pts[STRUCT] | TP=11.2pts', 'entry_module': '', 'entry_reason': '', 'entry_type': 'ema21_pullback', 'atr': 6.143818978303186, 'atr_value': 6.143818978303186, 'adx_value': 29.439659772505003, 'market_state': 'UPTREND_PULLBACK', 'trend_label': '', 'trend_label_htf': '', 'session_type': 'RTH', 'entry_bar_index': 4529}",EMA21_PB_LONG
ES,LONG,2025-08-08 11:30:00-05:00,6411.5,2025-08-08 13:30:00-05:00,6414.5,1,12.6,3.0,2.4,flatten,"{'signal_confidence': 0.7, 'signal_reason': 'EMA9_PB_LONG | ADX=27 | RSI=65 | ATR=7.1 | SL=8.0pts | TP=10.0pts', 'entry_module': '', 'entry_reason': '', 'entry_type': 'ema9_pullback', 'atr': 7.094028864295987, 'atr_value': 7.094028864295987, 'adx_value': 26.523942740807684, 'market_state': 'UPTREND_PULLBACK', 'trend_label': '', 'trend_label_htf': '', 'session_type': 'RTH', 'entry_bar_index': 4534}",EMA9_PB_LONG
ES,LONG,2025-08-08 14:30:00-05:00,6415.5,2025-08-08 14:45:00-05:00,6406.25,1,-48.65,9.25,2.4,stop_loss,"{'signal_confidence': 0.7, 'signal_reason': 'EMA21_PB_LONG | ADX=23 | RSI=64 | MACD_H=-0.22 | ATR=5.8 | SL=6.0pts[STRUCT] | TP=8.0pts', 'entry_module': '', 'entry_reason': '', 'entry_type': 'ema21_pullback', 'atr': 5.820672113578236, 'atr_value': 5.820672113578236, 'adx_value': 23.487335050479942, 'market_state': 'UPTREND_PULLBACK', 'trend_label': '', 'trend_label_htf': '', 'session_type': 'RTH', 'entry_bar_index': 4546}",EMA21_PB_LONG
ES,LONG,2025-08-12 09:30:00-05:00,6434.0,2025-08-12 10:00:00-05:00,6446.5,1,60.1,12.5,2.4,take_profit,"{'signal_confidence': 0.7, 'signal_reason': 'EMA9_PB_LONG | ADX=30 | RSI=66 | ATR=10.1 | SL=10.1pts | TP=12.7pts', 'entry_module': '', 'entry_reason': '', 'entry_type': 'ema9_pullback', 'atr': 10.143456805045819, 'atr_value': 10.143456805045819, 'adx_value': 29.935766765501246, 'market_state': 'UPTREND_PULLBACK', 'trend_label': '', 'trend_label_htf': '', 'session_type': 'RTH', 'entry_bar_index': 4710}",EMA9_PB_LONG
ES,LONG,2025-08-13 13:15:00-05:00,6481.5,2025-08-13 13:30:00-05:00,6473.0,1,-44.9,8.5,2.4,stop_loss,"{'signal_confidence': 0.7, 'signal_reason': 'EMA21_PB_LONG | ADX=24 | RSI=54 | MACD_H=-0.14 | ATR=7.0 | SL=8.2pts[STRUCT] | TP=11.0pts', 'entry_module': '', 'entry_reason': '', 'entry_type': 'ema21_pullback', 'atr': 7.00957789190778, 'atr_value': 7.00957789190778, 'adx_value': 24.027266678424535, 'market_state': 'UPTREND_PULLBACK', 'trend_label': '', 'trend_label_htf': '', 'session_type': 'RTH', 'entry_bar_index': 4817}",EMA21_PB_LONG
ES,LONG,2025-08-13 14:00:00-05:00,6480.75,2025-08-13 14:45:00-05:00,6488.25,1,35.1,7.5,2.4,take_profit,"{'signal_confidence': 0.7, 'signal_reason': 'EMA21_PB_LONG | ADX=21 | RSI=53 | MACD_H=0.61 | ATR=6.9 | SL=6.0pts[STRUCT] | TP=8.0pts', 'entry_module': '', 'entry_reason': '', 'entry_type': 'ema21_pullback', 'atr': 6.898065826720624, 'atr_value': 6.898065826720624, 'adx_value': 20.872147294144128, 'market_state': 'UPTREND_PULLBACK', 'trend_label': '', 'trend_label_htf': '', 'session_type': 'RTH', 'entry_bar_index': 4820}",EMA21_PB_LONG
ES,LONG,2025-08-26 15:00:00-05:00,6481.0,2025-08-27 08:15:00-05:00,6472.75,1,-43.65,8.25,2.4,stop_loss,"{'signal_confidence': 0.7, 'signal_reason': 'TREND_CONT_LONG | ADX=22 | RSI=71 | MACD_H=1.32 | e9=6469.9 | #1 | SL=8.0pts | TP=10.0pts', 'entry_module': '', 'entry_reason': '', 'entry_type': 'trend_continuation_long', 'atr': 6.386747885577928, 'atr_value': 6.386747885577928, 'adx_value': 21.561300494678783, 'market_state': 'UPTREND_CONTINUATION', 'trend_label': '', 'trend_label_htf': '', 'session_type': 'RTH', 'entry_bar_index': 5652}",TREND_CONT_LONG
ES,LONG,2025-08-27 09:30:00-05:00,6489.75,2025-08-27 11:15:00-05:00,6483.5,1,-33.65,6.25,2.4,stop_loss,"{'signal_confidence': 0.7, 'signal_reason': 'TREND_CONT_LONG | ADX=20 | RSI=60 | MACD_H=0.48 | e9=6483.8 | #1 | SL=6.0pts | TP=7.5pts', 'entry_module': '', 'entry_reason': '', 'entry_type': 'trend_continuation_long', 'atr': 4.2936497118971575, 'atr_value': 4.2936497118971575, 'adx_value': 19.70233466053024, 'market_state': 'UPTREND_CONTINUATION', 'trend_label': '', 'trend_label_htf': '', 'session_type': 'RTH', 'entry_bar_index': 5722}",TREND_CONT_LONG
ES,LONG,2025-08-28 12:30:00-05:00,6509.25,2025-08-28 14:00:00-05:00,6520.0,1,51.35,10.75,2.4,take_profit,"{'signal_confidence': 0.7, 'signal_reason': 'TREND_CONT_LONG | ADX=18 | RSI=60 | MACD_H=1.29 | e9=6504.0 | #1 | SL=8.8pts | TP=11.0pts', 'entry_module': '', 'entry_reason': '', 'entry_type': 'trend_continuation_long', 'atr': 7.0561744012660546, 'atr_value': 7.0561744012660546, 'adx_value': 18.17975891622475, 'market_state': 'UPTREND_CONTINUATION', 'trend_label': '', 'trend_label_htf': '', 'session_type': 'RTH', 'entry_bar_index': 5826}",TREND_CONT_LONG
ES,LONG,2025-08-28 14:15:00-05:00,6519.75,2025-08-28 17:30:00-05:00,6512.25,1,-39.9,7.5,2.4,stop_loss,"{'signal_confidence': 0.7, 'signal_reason': 'TREND_CONT_LONG | ADX=27 | RSI=69 | MACD_H=1.36 | e9=6513.5 | #2 | SL=6.9pts | TP=8.7pts', 'entry_module': '', 'entry_reason': '', 'entry_type': 'trend_continuation_long', 'atr': 5.556649835136948, 'atr_value': 5.556649835136948, 'adx_value': 27.21268311822749, 'market_state': 'UPTREND_CONTINUATION', 'trend_label': '', 'trend_label_htf': '', 'session_type': 'RTH', 'entry_bar_index': 5833}",TREND_CONT_LONG
ES,LONG,2025-09-03 10:00:00-05:00,6462.0,2025-09-03 10:15:00-05:00,6452.0,1,-52.4,10.0,2.4,stop_loss,"{'signal_confidence': 0.7, 'signal_reason': 'TREND_CONT_LONG | ADX=18 | RSI=61 | MACD_H=0.07 | e9=6451.6 | #1 | SL=9.6pts | TP=12.0pts', 'entry_module': '', 'entry_reason': '', 'entry_type': 'trend_continuation_long', 'atr': 7.666230879522792, 'atr_value': 7.666230879522792, 'adx_value': 18.001945273824568, 'market_state': 'UPTREND_CONTINUATION', 'trend_label': '', 'trend_label_htf': '', 'session_type': 'RTH', 'entry_bar_index': 6168}",TREND_CONT_LONG
ES,LONG,2025-09-04 11:15:00-05:00,6486.0,2025-09-04 12:45:00-05:00,6495.75,1,46.35,9.75,2.4,take_profit,"{'signal_confidence': 0.7, 'signal_reason': 'TREND_CONT_LONG | ADX=19 | RSI=66 | MACD_H=1.78 | e9=6478.9 | #1 | SL=8.1pts | TP=10.1pts', 'entry_module': '', 'entry_reason': '', 'entry_type': 'trend_continuation_long', 'atr': 6.462701056937069, 'atr_value': 6.462701056937069, 'adx_value': 18.768367667066606, 'market_state': 'UPTREND_CONTINUATION', 'trend_label': '', 'trend_label_htf': '', 'session_type': 'RTH', 'entry_bar_index': 6265}",TREND_CONT_LONG
ES,LONG,2025-09-04 13:00:00-05:00,6493.25,2025-09-04 14:00:00-05:00,6502.75,1,45.1,9.5,2.4,take_profit,"{'signal_confidence': 0.7, 'signal_reason': 'TREND_CONT_LONG | ADX=25 | RSI=69 | MACD_H=1.20 | e9=6485.9 | #2 | SL=7.8pts | TP=9.8pts', 'entry_module': '', 'entry_reason': '', 'entry_type': 'trend_continuation_long', 'atr': 6.24928462094509, 'atr_value': 6.24928462094509, 'adx_value': 24.646014683299477, 'market_state': 'UPTREND_CONTINUATION', 'trend_label': '', 'trend_label_htf': '', 'session_type': 'RTH', 'entry_bar_index': 6272}",TREND_CONT_LONG
ES,LONG,2025-09-10 09:15:00-05:00,6560.75,2025-09-10 09:30:00-05:00,6552.5,1,-43.65,8.25,2.4,stop_loss,"{'signal_confidence': 0.7, 'signal_reason': 'TREND_CONT_LONG | ADX=34 | RSI=72 | MACD_H=1.31 | e9=6552.1 | #2 | SL=7.7pts | TP=9.6pts', 'entry_module': '', 'entry_reason': '', 'entry_type': 'trend_continuation_long', 'atr': 6.164497392029578, 'atr_value': 6.164497392029578, 'adx_value': 34.37041892374626, 'market_state': 'UPTREND_CONTINUATION', 'trend_label': '', 'trend_label_htf': '', 'session_type': 'RTH', 'entry_bar_index': 6625}",TREND_CONT_LONG
ES,LONG,2025-09-11 09:15:00-05:00,6573.25,2025-09-11 09:30:00-05:00,6583.5,1,48.85,10.25,2.4,take_profit,"{'signal_confidence': 0.7, 'signal_reason': 'TREND_CONT_LONG | ADX=26 | RSI=73 | MACD_H=1.76 | e9=6560.9 | #2 | SL=8.4pts | TP=10.5pts', 'entry_module': '', 'entry_reason': '', 'entry_type': 'trend_continuation_long', 'atr': 6.729038209042927, 'atr_value': 6.729038209042927, 'adx_value': 25.5498049499796, 'market_state': 'UPTREND_CONTINUATION', 'trend_label': '', 'trend_label_htf': '', 'session_type': 'RTH', 'entry_bar_index': 6717}",TREND_CONT_LONG
ES,LONG,2025-09-18 11:45:00-05:00,6708.75,2025-09-18 12:30:00-05:00,6696.75,1,-62.4,12.0,2.4,stop_loss,"{'signal_confidence': 0.7, 'signal_reason': 'TREND_CONT_LONG | ADX=20 | RSI=55 | MACD_H=0.70 | e9=6701.2 | #1 | SL=11.3pts | TP=14.2pts', 'entry_module': '', 'entry_reason': '', 'entry_type': 'trend_continuation_long', 'atr': 9.067742244139083, 'atr_value': 9.067742244139083, 'adx_value': 20.135384491699146, 'market_state': 'UPTREND_CONTINUATION', 'trend_label': '', 'trend_label_htf': '', 'session_type': 'RTH', 'entry_bar_index': 7187}",TREND_CONT_LONG
ES,LONG,2025-09-26 12:15:00-05:00,6695.25,2025-09-26 14:15:00-05:00,6693.5,1,-11.15,1.75,2.4,flatten,"{'signal_confidence': 0.7, 'signal_reason': 'EMA9_PB_LONG | ADX=23 | RSI=61 | ATR=11.3 | SL=11.3pts | TP=14.1pts', 'entry_module': '', 'entry_reason': '', 'entry_type': 'ema9_pullback', 'atr': 11.26566325583773, 'atr_value': 11.26566325583773, 'adx_value': 22.903766968171887, 'market_state': 'UPTREND_PULLBACK', 'trend_label': '', 'trend_label_htf': '', 'session_type': 'RTH', 'entry_bar_index': 7741}",EMA9_PB_LONG
ES,LONG,2025-09-30 13:45:00-05:00,6719.75,2025-09-30 14:30:00-05:00,6732.5,1,61.35,12.75,2.4,take_profit,"{'signal_confidence': 0.7, 'signal_reason': 'TREND_CONT_LONG | ADX=19 | RSI=63 | MACD_H=1.45 | e9=6709.5 | #1 | SL=10.4pts | TP=13.0pts', 'entry_module': '', 'entry_reason': '', 'entry_type': 'trend_continuation_long', 'atr': 8.32627563497633, 'atr_value': 8.32627563497633, 'adx_value': 18.806347794003976, 'market_state': 'UPTREND_CONTINUATION', 'trend_label': '', 'trend_label_htf': '', 'session_type': 'RTH', 'entry_bar_index': 7931}",TREND_CONT_LONG
ES,LONG,2025-09-30 15:00:00-05:00,6737.5,2025-09-30 15:15:00-05:00,6725.25,1,-63.65,12.25,2.4,stop_loss,"{'signal_confidence': 0.7, 'signal_reason': 'TREND_CONT_LONG | ADX=23 | RSI=71 | MACD_H=3.07 | e9=6723.0 | #2 | SL=10.9pts | TP=13.6pts', 'entry_module': '', 'entry_reason': '', 'entry_type': 'trend_continuation_long', 'atr': 8.709805827440327, 'atr_value': 8.709805827440327, 'adx_value': 23.01111731057281, 'market_state': 'UPTREND_CONTINUATION', 'trend_label': '', 'trend_label_htf': '', 'session_type': 'RTH', 'entry_bar_index': 7936}",TREND_CONT_LONG
ES,LONG,2025-10-01 10:15:00-05:00,6736.5,2025-10-01 10:45:00-05:00,6746.25,1,46.35,9.75,2.4,take_profit,"{'signal_confidence': 0.7, 'signal_reason': 'EMA9_PB_LONG | ADX=32 | RSI=67 | ATR=8.2 | SL=8.2pts | TP=10.2pts', 'entry_module': '', 'entry_reason': '', 'entry_type': 'ema9_pullback', 'atr': 8.16708493818151, 'atr_value': 8.16708493818151, 'adx_value': 32.350071360840786, 'market_state': 'UPTREND_PULLBACK', 'trend_label': '', 'trend_label_htf': '', 'session_type': 'RTH', 'entry_bar_index': 60}",EMA9_PB_LONG
ES,LONG,2025-10-01 12:00:00-05:00,6744.5,2025-10-01 12:15:00-05:00,6755.25,1,51.35,10.75,2.4,take_profit,"{'signal_confidence': 0.7, 'signal_reason': 'TREND_CONT_LONG | ADX=40 | RSI=69 | MACD_H=1.18 | e9=6739.6 | #2 | SL=8.7pts | TP=10.9pts', 'entry_module': '', 'entry_reason': '', 'entry_type': 'trend_continuation_long', 'atr': 6.963105631456163, 'atr_value': 6.963105631456163, 'adx_value': 39.83908612560018, 'market_state': 'UPTREND_CONTINUATION', 'trend_label': '', 'trend_label_htf': '', 'session_type': 'RTH', 'entry_bar_index': 67}",TREND_CONT_LONG
ES,LONG,2025-10-03 09:30:00-05:00,6786.75,2025-10-03 10:45:00-05:00,6798.5,1,56.35,11.75,2.4,take_profit,"{'signal_confidence': 0.7, 'signal_reason': 'EMA21_PB_LONG | ADX=27 | RSI=62 | MACD_H=0.95 | ATR=5.6 | SL=8.8pts[STRUCT] | TP=11.8pts', 'entry_module': '', 'entry_reason': '', 'entry_type': 'ema21_pullback', 'atr': 5.576196177100924, 'atr_value': 5.576196177100924, 'adx_value': 27.30974139363763, 'market_state': 'UPTREND_PULLBACK', 'trend_label': '', 'trend_label_htf': '', 'session_type': 'RTH', 'entry_bar_index': 241}",EMA21_PB_LONG
ES,LONG,2025-10-08 09:15:00-05:00,6789.0,2025-10-08 10:15:00-05:00,6797.75,1,41.35,8.75,2.4,take_profit,"{'signal_confidence': 0.7, 'signal_reason': 'TREND_CONT_LONG | ADX=19 | RSI=69 | MACD_H=1.04 | e9=6774.8 | #1 | SL=7.3pts | TP=9.1pts', 'entry_module': '', 'entry_reason': '', 'entry_type': 'trend_continuation_long', 'atr': 5.83454907646615, 'atr_value': 5.83454907646615, 'adx_value': 19.41440299420406, 'market_state': 'UPTREND_CONTINUATION', 'trend_label': '', 'trend_label_htf': '', 'session_type': 'RTH', 'entry_bar_index': 516}",TREND_CONT_LONG
ES,LONG,2025-10-08 10:30:00-05:00,6797.0,2025-10-08 12:30:00-05:00,6800.25,1,13.85,3.25,2.4,flatten,"{'signal_confidence': 0.7, 'signal_reason': 'TREND_CONT_LONG | ADX=21 | RSI=73 | MACD_H=2.39 | e9=6786.5 | #2 | SL=7.5pts | TP=9.4pts', 'entry_module': '', 'entry_reason': '', 'entry_type': 'trend_continuation_long', 'atr': 6.025202910707493, 'atr_value': 6.025202910707493, 'adx_value': 21.30144405846316, 'market_state': 'UPTREND_CONTINUATION', 'trend_label': '', 'trend_label_htf': '', 'session_type': 'RTH', 'entry_bar_index': 521}",TREND_CONT_LONG
ES,LONG,2025-10-08 13:15:00-05:00,6801.25,2025-10-08 13:30:00-05:00,6795.0,1,-33.65,6.25,2.4,stop_loss,"{'signal_confidence': 0.7, 'signal_reason': 'EMA21_PB_LONG | ADX=29 | RSI=69 | MACD_H=-0.13 | ATR=5.2 | SL=6.0pts[STRUCT] | TP=8.0pts', 'entry_module': '', 'entry_reason': '', 'entry_type': 'ema21_pullback', 'atr': 5.18898459711396, 'atr_value': 5.18898459711396, 'adx_value': 28.57815124570477, 'market_state': 'UPTREND_PULLBACK', 'trend_label': '', 'trend_label_htf': '', 'session_type': 'RTH', 'entry_bar_index': 532}",EMA21_PB_LONG
ES,LONG,2025-10-10 09:30:00-05:00,6792.5,2025-10-10 09:45:00-05:00,6783.5,1,-47.4,9.0,2.4,stop_loss,"{'signal_confidence': 0.7, 'signal_reason': 'EMA21_PB_LONG | ADX=23 | RSI=55 | MACD_H=1.07 | ATR=6.9 | SL=8.2pts[STRUCT] | TP=11.0pts', 'entry_module': '', 'entry_reason': '', 'entry_type': 'ema21_pullback', 'atr': 6.921409228625229, 'atr_value': 6.921409228625229, 'adx_value': 23.454720446683304, 'market_state': 'UPTREND_PULLBACK', 'trend_label': '', 'trend_label_htf': '', 'session_type': 'RTH', 'entry_bar_index': 701}",EMA21_PB_LONG
ES,LONG,2025-10-15 09:15:00-05:00,6759.25,2025-10-15 10:00:00-05:00,6747.5,1,-61.15,11.75,2.4,stop_loss,"{'signal_confidence': 0.7, 'signal_reason': 'TREND_CONT_LONG | ADX=46 | RSI=78 | MACD_H=1.40 | e9=6740.7 | #2 | SL=11.1pts | TP=13.8pts', 'entry_module': '', 'entry_reason': '', 'entry_type': 'trend_continuation_long', 'atr': 8.851544623600379, 'atr_value': 8.851544623600379, 'adx_value': 46.463277947750605, 'market_state': 'UPTREND_CONTINUATION', 'trend_label': '', 'trend_label_htf': '', 'session_type': 'RTH', 'entry_bar_index': 976}",TREND_CONT_LONG
ES,LONG,2025-10-21 10:00:00-05:00,6786.0,2025-10-21 10:15:00-05:00,6776.25,1,-51.15,9.75,2.4,stop_loss,"{'signal_confidence': 0.7, 'signal_reason': 'TREND_CONT_LONG | ADX=23 | RSI=65 | MACD_H=0.57 | e9=6773.5 | #1 | SL=9.1pts | TP=11.4pts', 'entry_module': '', 'entry_reason': '', 'entry_type': 'trend_continuation_long', 'atr': 7.310557494964567, 'atr_value': 7.310557494964567, 'adx_value': 23.352321772643872, 'market_state': 'UPTREND_CONTINUATION', 'trend_label': '', 'trend_label_htf': '', 'session_type': 'RTH', 'entry_bar_index': 1347}",TREND_CONT_LONG
ES,LONG,2025-10-21 11:00:00-05:00,6782.75,2025-10-21 11:45:00-05:00,6773.25,1,-49.9,9.5,2.4,stop_loss,"{'signal_confidence': 0.7, 'signal_reason': 'TREND_CONT_LONG | ADX=19 | RSI=60 | MACD_H=1.09 | e9=6778.0 | #2 | SL=9.1pts | TP=11.4pts', 'entry_module': '', 'entry_reason': '', 'entry_type': 'trend_continuation_long', 'atr': 7.316575973908868, 'atr_value': 7.316575973908868, 'adx_value': 19.102612446374028, 'market_state': 'UPTREND_CONTINUATION', 'trend_label': '', 'trend_label_htf': '', 'session_type': 'RTH', 'entry_bar_index': 1351}",TREND_CONT_LONG
ES,LONG,2025-10-21 14:15:00-05:00,6780.0,2025-10-21 14:45:00-05:00,6773.5,1,-34.9,6.5,2.4,stop_loss,"{'signal_confidence': 0.7, 'signal_reason': 'EMA21_PB_LONG | ADX=20 | RSI=52 | MACD_H=-0.39 | ATR=7.2 | SL=6.0pts[STRUCT] | TP=8.0pts', 'entry_module': '', 'entry_reason': '', 'entry_type': 'ema21_pullback', 'atr': 7.151036187899546, 'atr_value': 7.151036187899546, 'adx_value': 20.31174715031591, 'market_state': 'UPTREND_PULLBACK', 'trend_label': '', 'trend_label_htf': '', 'session_type': 'RTH', 'entry_bar_index': 1364}",EMA21_PB_LONG
ES,LONG,2025-10-23 09:45:00-05:00,6756.75,2025-10-23 11:30:00-05:00,6771.0,1,68.85,14.25,2.4,take_profit,"{'signal_confidence': 0.7, 'signal_reason': 'TREND_CONT_LONG | ADX=32 | RSI=62 | MACD_H=3.00 | e9=6746.9 | #1 | SL=11.8pts | TP=14.8pts', 'entry_module': '', 'entry_reason': '', 'entry_type': 'trend_continuation_long', 'atr': 9.478746453031475, 'atr_value': 9.478746453031475, 'adx_value': 32.24254422292269, 'market_state': 'UPTREND_CONTINUATION', 'trend_label': '', 'trend_label_htf': '', 'session_type': 'RTH', 'entry_bar_index': 1530}",TREND_CONT_LONG
ES,LONG,2025-10-23 11:45:00-05:00,6771.25,2025-10-23 13:30:00-05:00,6784.0,1,61.35,12.75,2.4,take_profit,"{'signal_confidence': 0.7, 'signal_reason': 'EMA9_PB_LONG | ADX=22 | RSI=63 | ATR=10.6 | SL=10.6pts | TP=13.3pts', 'entry_module': '', 'entry_reason': '', 'entry_type': 'ema9_pullback', 'atr': 10.603100443582337, 'atr_value': 10.603100443582337, 'adx_value': 22.31069571699834, 'market_state': 'UPTREND_PULLBACK', 'trend_label': '', 'trend_label_htf': '', 'session_type': 'RTH', 'entry_bar_index': 1538}",EMA9_PB_LONG
ES,LONG,2025-10-28 09:30:00-05:00,6916.5,2025-10-28 10:15:00-05:00,6910.25,1,-33.65,6.25,2.4,stop_loss,"{'signal_confidence': 0.7, 'signal_reason': 'EMA21_PB_LONG | ADX=25 | RSI=56 | MACD_H=-0.16 | ATR=4.9 | SL=6.0pts[STRUCT] | TP=8.0pts', 'entry_module': '', 'entry_reason': '', 'entry_type': 'ema21_pullback', 'atr': 4.893129703684076, 'atr_value': 4.893129703684076, 'adx_value': 25.45440075138288, 'market_state': 'UPTREND_PULLBACK', 'trend_label': '', 'trend_label_htf': '', 'session_type': 'RTH', 'entry_bar_index': 1805}",EMA21_PB_LONG
ES,LONG,2025-10-28 11:45:00-05:00,6923.0,2025-10-28 12:45:00-05:00,6932.25,1,43.85,9.25,2.4,take_profit,"{'signal_confidence': 0.7, 'signal_reason': 'TREND_CONT_LONG | ADX=19 | RSI=63 | MACD_H=0.19 | e9=6915.2 | #1 | SL=7.6pts | TP=9.5pts', 'entry_module': '', 'entry_reason': '', 'entry_type': 'trend_continuation_long', 'atr': 6.098975167659903, 'atr_value': 6.098975167659903, 'adx_value': 18.819797609782995, 'market_state': 'UPTREND_CONTINUATION', 'trend_label': '', 'trend_label_htf': '', 'session_type': 'RTH', 'entry_bar_index': 1814}",TREND_CONT_LONG
ES,LONG,2025-10-28 13:00:00-05:00,6932.0,2025-10-28 14:15:00-05:00,6940.5,1,40.1,8.5,2.4,take_profit,"{'signal_confidence': 0.7, 'signal_reason': 'TREND_CONT_LONG | ADX=24 | RSI=69 | MACD_H=1.58 | e9=6923.9 | #2 | SL=7.2pts | TP=9.1pts', 'entry_module': '', 'entry_reason': '', 'entry_type': 'trend_continuation_long', 'atr': 5.7949190384325515, 'atr_value': 5.7949190384325515, 'adx_value': 23.50242662494675, 'market_state': 'UPTREND_CONTINUATION', 'trend_label': '', 'trend_label_htf': '', 'session_type': 'RTH', 'entry_bar_index': 1819}",TREND_CONT_LONG
ES,LONG,2025-11-11 12:00:00-06:00,6865.0,2025-11-11 13:45:00-06:00,6877.5,1,60.1,12.5,2.4,take_profit,"{'signal_confidence': 0.7, 'signal_reason': 'TREND_CONT_LONG | ADX=23 | RSI=71 | MACD_H=2.85 | e9=6850.5 | #1 | SL=10.2pts | TP=12.8pts', 'entry_module': '', 'entry_reason': '', 'entry_type': 'trend_continuation_long', 'atr': 8.18406691317722, 'atr_value': 8.18406691317722, 'adx_value': 22.734308223627163, 'market_state': 'UPTREND_CONTINUATION', 'trend_label': '', 'trend_label_htf': '', 'session_type': 'RTH', 'entry_bar_index': 2735}",TREND_CONT_LONG
ES,LONG,2025-11-11 14:00:00-06:00,6875.25,2025-11-11 20:00:00-06:00,6886.75,1,55.1,11.5,2.4,take_profit,"{'signal_confidence': 0.7, 'signal_reason': 'TREND_CONT_LONG | ADX=36 | RSI=71 | MACD_H=2.11 | e9=6870.0 | #2 | SL=9.5pts | TP=11.8pts', 'entry_module': '', 'entry_reason': '', 'entry_type': 'trend_continuation_long', 'atr': 7.571105517839198, 'atr_value': 7.571105517839198, 'adx_value': 36.26722039500351, 'market_state': 'UPTREND_CONTINUATION', 'trend_label': '', 'trend_label_htf': '', 'session_type': 'RTH', 'entry_bar_index': 2743}",TREND_CONT_LONG
ES,LONG,2025-11-14 13:00:00-06:00,6771.25,2025-11-14 13:45:00-06:00,6787.25,1,77.6,16.0,2.4,take_profit,"{'signal_confidence': 0.7, 'signal_reason': 'OR_BREAK_LONG | ADX=28 | OR_H=6760.50 | SL=12.0pt | TP=16.0pt', 'entry_module': '', 'entry_reason': '', 'entry_type': 'or_breakout', 'atr': 18.01143282426245, 'atr_value': 18.01143282426245, 'adx_value': 28.390578519718858, 'market_state': 'OR_BREAKOUT', 'trend_label': '', 'trend_label_htf': '', 'session_type': 'RTH', 'entry_bar_index': 3015}",OR_BREAK_LONG
ES,LONG,2025-11-25 10:30:00-06:00,6734.5,2025-11-25 10:45:00-06:00,6749.0,1,70.1,14.5,2.4,take_profit,"{'signal_confidence': 0.7, 'signal_reason': 'OR_BREAK_LONG | ADX=22 | OR_H=6723.75 | SL=11.1pt | TP=14.8pt', 'entry_module': '', 'entry_reason': '', 'entry_type': 'or_breakout', 'atr': 14.834899449773163, 'atr_value': 14.834899449773163, 'adx_value': 22.434416763289875, 'market_state': 'OR_BREAKOUT', 'trend_label': '', 'trend_label_htf': '', 'session_type': 'RTH', 'entry_bar_index': 3649}",OR_BREAK_LONG
ES,LONG,2025-11-26 09:15:00-06:00,6805.25,2025-11-26 09:30:00-06:00,6817.5,1,58.85,12.25,2.4,take_profit,"{'signal_confidence': 0.7, 'signal_reason': 'TREND_CONT_LONG | ADX=20 | RSI=54 | MACD_H=0.88 | e9=6803.8 | #2 | SL=10.3pts | TP=12.8pts', 'entry_module': '', 'entry_reason': '', 'entry_type': 'trend_continuation_long', 'atr': 8.222117783578453, 'atr_value': 8.222117783578453, 'adx_value': 20.477747668361307, 'market_state': 'UPTREND_CONTINUATION', 'trend_label': '', 'trend_label_htf': '', 'session_type': 'RTH', 'entry_bar_index': 3736}",TREND_CONT_LONG
ES,LONG,2025-11-28 09:15:00-06:00,6842.75,2025-11-28 09:45:00-06:00,6851.25,1,40.1,8.5,2.4,take_profit,"{'signal_confidence': 0.7, 'signal_reason': 'EMA21_PB_LONG | ADX=30 | RSI=69 | MACD_H=0.53 | ATR=3.1 | SL=6.5pts[STRUCT] | TP=8.8pts', 'entry_module': '', 'entry_reason': '', 'entry_type': 'ema21_pullback', 'atr': 3.098449785598679, 'atr_value': 3.098449785598679, 'adx_value': 30.335867945354714, 'market_state': 'UPTREND_PULLBACK', 'trend_label': '', 'trend_label_htf': '', 'session_type': 'RTH', 'entry_bar_index': 3904}",EMA21_PB_LONG
ES,LONG,2025-12-02 09:15:00-06:00,6855.0,2025-12-02 09:30:00-06:00,6840.25,1,-76.15,14.75,2.4,stop_loss,"{'signal_confidence': 0.7, 'signal_reason': 'EMA21_PB_LONG | ADX=26 | RSI=68 | MACD_H=0.15 | ATR=6.3 | SL=8.0pts[STRUCT] | TP=10.8pts', 'entry_module': '', 'entry_reason': '', 'entry_type': 'ema21_pullback', 'atr': 6.269717818680931, 'atr_value': 6.269717818680931, 'adx_value': 25.548466691907137, 'market_state': 'UPTREND_PULLBACK', 'trend_label': '', 'trend_label_htf': '', 'session_type': 'RTH', 'entry_bar_index': 4073}",EMA21_PB_LONG
ES,LONG,2025-12-02 10:00:00-06:00,6860.5,2025-12-02 10:15:00-06:00,6840.25,1,-103.65,20.25,2.4,stop_loss,"{'signal_confidence': 0.7, 'signal_reason': 'TREND_CONT_LONG | ADX=22 | RSI=64 | MACD_H=0.34 | e9=6850.2 | #2 | SL=10.4pts | TP=13.0pts', 'entry_module': '', 'entry_reason': '', 'entry_type': 'trend_continuation_long', 'atr': 8.339220133980323, 'atr_value': 8.339220133980323, 'adx_value': 22.21468053141113, 'market_state': 'UPTREND_CONTINUATION', 'trend_label': '', 'trend_label_htf': '', 'session_type': 'RTH', 'entry_bar_index': 4076}",TREND_CONT_LONG
ES,LONG,2025-12-09 09:45:00-06:00,6864.0,2025-12-09 10:15:00-06:00,6871.5,1,35.1,7.5,2.4,take_profit,"{'signal_confidence': 0.7, 'signal_reason': 'OR_BREAK_LONG | ADX=31 | OR_H=6861.50 | SL=6.0pt | TP=8.0pt', 'entry_module': '', 'entry_reason': '', 'entry_type': 'or_breakout', 'atr': 6.371760956495323, 'atr_value': 6.371760956495323, 'adx_value': 30.670500926264282, 'market_state': 'OR_BREAKOUT', 'trend_label': '', 'trend_label_htf': '', 'session_type': 'RTH', 'entry_bar_index': 4535}",OR_BREAK_LONG
ES,LONG,2025-12-09 11:00:00-06:00,6868.75,2025-12-09 11:30:00-06:00,6860.25,1,-44.9,8.5,2.4,stop_loss,"{'signal_confidence': 0.7, 'signal_reason': 'TREND_CONT_LONG | ADX=24 | RSI=63 | MACD_H=1.38 | e9=6864.1 | #1 | SL=8.3pts | TP=10.4pts', 'entry_module': '', 'entry_reason': '', 'entry_type': 'trend_continuation_long', 'atr': 6.66714388130693, 'atr_value': 6.66714388130693, 'adx_value': 23.52559884377466, 'market_state': 'UPTREND_CONTINUATION', 'trend_label': '', 'trend_label_htf': '', 'session_type': 'RTH', 'entry_bar_index': 4540}",TREND_CONT_LONG
ES,LONG,2025-12-09 12:00:00-06:00,6861.75,2025-12-09 12:30:00-06:00,6855.5,1,-33.65,6.25,2.4,stop_loss,"{'signal_confidence': 0.7, 'signal_reason': 'OR_BREAK_LONG | ADX=21 | OR_H=6861.50 | SL=6.0pt | TP=8.0pt | retest#2', 'entry_module': '', 'entry_reason': '', 'entry_type': 'or_breakout', 'atr': 6.8645433255416295, 'atr_value': 6.8645433255416295, 'adx_value': 21.416565341646994, 'market_state': 'OR_BREAKOUT', 'trend_label': '', 'trend_label_htf': '', 'session_type': 'RTH', 'entry_bar_index': 4544}",OR_BREAK_LONG
ES,LONG,2025-12-10 12:00:00-06:00,6856.5,2025-12-10 12:15:00-06:00,6846.25,1,-53.65,10.25,2.4,stop_loss,"{'signal_confidence': 0.7, 'signal_reason': 'TREND_CONT_LONG | ADX=18 | RSI=59 | MACD_H=0.83 | e9=6850.6 | #1 | SL=9.8pts | TP=12.3pts', 'entry_module': '', 'entry_reason': '', 'entry_type': 'trend_continuation_long', 'atr': 7.840271787942562, 'atr_value': 7.840271787942562, 'adx_value': 18.31227155436144, 'market_state': 'UPTREND_CONTINUATION', 'trend_label': '', 'trend_label_htf': '', 'session_type': 'RTH', 'entry_bar_index': 4636}",TREND_CONT_LONG
ES,LONG,2025-12-10 13:15:00-06:00,6865.5,2025-12-10 13:30:00-06:00,6853.5,1,-62.4,12.0,2.4,stop_loss,"{'signal_confidence': 0.7, 'signal_reason': 'TREND_CONT_LONG | ADX=19 | RSI=64 | MACD_H=0.76 | e9=6852.2 | #2 | SL=11.7pts | TP=14.7pts', 'entry_module': '', 'entry_reason': '', 'entry_type': 'trend_continuation_long', 'atr': 9.394004884424195, 'atr_value': 9.394004884424195, 'adx_value': 18.690187398619493, 'market_state': 'UPTREND_CONTINUATION', 'trend_label': '', 'trend_label_htf': '', 'session_type': 'RTH', 'entry_bar_index': 4641}",TREND_CONT_LONG
ES,LONG,2025-12-23 09:45:00-06:00,6942.5,2025-12-23 11:45:00-06:00,6952.0,1,45.1,9.5,2.4,flatten,"{'signal_confidence': 0.7, 'signal_reason': 'EMA21_PB_LONG | ADX=30 | RSI=63 | MACD_H=1.59 | ATR=6.5 | SL=9.5pts[STRUCT] | TP=12.8pts', 'entry_module': '', 'entry_reason': '', 'entry_type': 'ema21_pullback', 'atr': 6.537905845572619, 'atr_value': 6.537905845572619, 'adx_value': 30.00302642010295, 'market_state': 'UPTREND_PULLBACK', 'trend_label': '', 'trend_label_htf': '', 'session_type': 'RTH', 'entry_bar_index': 5455}",EMA21_PB_LONG
ES,LONG,2025-12-23 12:15:00-06:00,6955.5,2025-12-23 14:15:00-06:00,6960.5,1,22.6,5.0,2.4,flatten,"{'signal_confidence': 0.7, 'signal_reason': 'TREND_CONT_LONG | ADX=31 | RSI=72 | MACD_H=1.54 | e9=6949.4 | #2 | SL=6.4pts | TP=8.0pts', 'entry_module': '', 'entry_reason': '', 'entry_type': 'trend_continuation_long', 'atr': 5.1461522925418794, 'atr_value': 5.1461522925418794, 'adx_value': 30.956181013480453, 'market_state': 'UPTREND_CONTINUATION', 'trend_label': '', 'trend_label_htf': '', 'session_type': 'RTH', 'entry_bar_index': 5465}",TREND_CONT_LONG
ES,LONG,2025-12-24 09:15:00-06:00,6970.5,2025-12-24 10:00:00-06:00,6977.75,1,33.85,7.25,2.4,take_profit,"{'signal_confidence': 0.7, 'signal_reason': 'TREND_CONT_LONG | ADX=21 | RSI=76 | MACD_H=0.91 | e9=6963.1 | #2 | SL=6.0pts | TP=7.5pts', 'entry_module': '', 'entry_reason': '', 'entry_type': 'trend_continuation_long', 'atr': 3.022418534950006, 'atr_value': 3.022418534950006, 'adx_value': 20.862116822999027, 'market_state': 'UPTREND_CONTINUATION', 'trend_label': '', 'trend_label_htf': '', 'session_type': 'RTH', 'entry_bar_index': 5545}",TREND_CONT_LONG
ES,LONG,2025-12-26 09:30:00-06:00,6984.25,2025-12-26 11:00:00-06:00,6972.25,1,-62.4,12.0,2.4,stop_loss,"{'signal_confidence': 0.7, 'signal_reason': 'EMA21_PB_LONG | ADX=22 | RSI=53 | MACD_H=0.11 | ATR=5.1 | SL=11.5pts[STRUCT] | TP=15.2pts', 'entry_module': '', 'entry_reason': '', 'entry_type': 'ema21_pullback', 'atr': 5.051405527938551, 'atr_value': 5.051405527938551, 'adx_value': 22.388971290821008, 'market_state': 'UPTREND_PULLBACK', 'trend_label': '', 'trend_label_htf': '', 'session_type': 'RTH', 'entry_bar_index': 5623}",EMA21_PB_LONG
ES,LONG,2026-01-06 10:30:00-06:00,6958.25,2026-01-06 11:00:00-06:00,6966.25,1,37.6,8.0,2.4,take_profit,"{'signal_confidence': 0.7, 'signal_reason': 'EMA21_PB_LONG | ADX=24 | RSI=56 | MACD_H=0.85 | ATR=6.6 | SL=6.0pts[STRUCT] | TP=8.0pts', 'entry_module': '', 'entry_reason': '', 'entry_type': 'ema21_pullback', 'atr': 6.64559475852859, 'atr_value': 6.64559475852859, 'adx_value': 24.451302539041407, 'market_state': 'UPTREND_PULLBACK', 'trend_label': '', 'trend_label_htf': '', 'session_type': 'RTH', 'entry_bar_index': 6179}",EMA21_PB_LONG
ES,LONG,2026-01-06 11:15:00-06:00,6966.5,2026-01-06 11:30:00-06:00,6976.5,1,47.6,10.0,2.4,take_profit,"{'signal_confidence': 0.7, 'signal_reason': 'EMA21_PB_LONG | ADX=23 | RSI=62 | MACD_H=0.43 | ATR=6.9 | SL=7.8pts[STRUCT] | TP=10.2pts', 'entry_module': '', 'entry_reason': '', 'entry_type': 'ema21_pullback', 'atr': 6.919322771314618, 'atr_value': 6.919322771314618, 'adx_value': 22.87383557944585, 'market_state': 'UPTREND_PULLBACK', 'trend_label': '', 'trend_label_htf': '', 'session_type': 'RTH', 'entry_bar_index': 6182}",EMA21_PB_LONG
ES,LONG,2026-01-06 11:45:00-06:00,6976.25,2026-01-06 13:00:00-06:00,6986.0,1,46.35,9.75,2.4,take_profit,"{'signal_confidence': 0.7, 'signal_reason': 'EMA9_PB_LONG | ADX=25 | RSI=68 | ATR=7.1 | SL=8.0pts | TP=10.0pts', 'entry_module': '', 'entry_reason': '', 'entry_type': 'ema9_pullback', 'atr': 7.050334430368217, 'atr_value': 7.050334430368217, 'adx_value': 24.63303822019975, 'market_state': 'UPTREND_PULLBACK', 'trend_label': '', 'trend_label_htf': '', 'session_type': 'RTH', 'entry_bar_index': 6184}",EMA9_PB_LONG
ES,LONG,2026-01-07 10:00:00-06:00,6992.25,2026-01-07 10:45:00-06:00,7001.0,1,41.35,8.75,2.4,take_profit,"{'signal_confidence': 0.7, 'signal_reason': 'TREND_CONT_LONG | ADX=18 | RSI=60 | MACD_H=0.15 | e9=6987.3 | #2 | SL=7.4pts | TP=9.2pts', 'entry_module': '', 'entry_reason': '', 'entry_type': 'trend_continuation_long', 'atr': 5.913993597177902, 'atr_value': 5.913993597177902, 'adx_value': 18.347937239690477, 'market_state': 'UPTREND_CONTINUATION', 'trend_label': '', 'trend_label_htf': '', 'session_type': 'RTH', 'entry_bar_index': 6269}",TREND_CONT_LONG
ES,LONG,2026-01-09 11:00:00-06:00,7004.0,2026-01-09 13:00:00-06:00,7009.75,1,26.35,5.75,2.4,flatten,"{'signal_confidence': 0.7, 'signal_reason': 'EMA9_PB_LONG | ADX=22 | RSI=65 | ATR=10.3 | SL=10.3pts | TP=12.8pts', 'entry_module': '', 'entry_reason': '', 'entry_type': 'ema9_pullback', 'atr': 10.253649131701463, 'atr_value': 10.253649131701463, 'adx_value': 22.46703327169454, 'market_state': 'UPTREND_PULLBACK', 'trend_label': '', 'trend_label_htf': '', 'session_type': 'RTH', 'entry_bar_index': 6457}",EMA9_PB_LONG
ES,LONG,2026-01-15 09:15:00-06:00,7003.0,2026-01-15 09:45:00-06:00,6994.25,1,-46.15,8.75,2.4,stop_loss,"{'signal_confidence': 0.7, 'signal_reason': 'TREND_CONT_LONG | ADX=49 | RSI=65 | MACD_H=0.06 | e9=6999.8 | #1 | SL=8.2pts | TP=10.3pts', 'entry_module': '', 'entry_reason': '', 'entry_type': 'trend_continuation_long', 'atr': 6.584853141874366, 'atr_value': 6.584853141874366, 'adx_value': 49.03001963745855, 'market_state': 'UPTREND_CONTINUATION', 'trend_label': '', 'trend_label_htf': '', 'session_type': 'RTH', 'entry_bar_index': 6818}",TREND_CONT_LONG
ES,LONG,2026-01-15 10:15:00-06:00,7008.0,2026-01-15 12:15:00-06:00,7008.25,1,-1.15,0.25,2.4,flatten,"{'signal_confidence': 0.7, 'signal_reason': 'TREND_CONT_LONG | ADX=46 | RSI=69 | MACD_H=0.05 | e9=7003.1 | #2 | SL=9.6pts | TP=11.9pts', 'entry_module': '', 'entry_reason': '', 'entry_type': 'trend_continuation_long', 'atr': 7.6408655400112915, 'atr_value': 7.6408655400112915, 'adx_value': 46.34388639487985, 'market_state': 'UPTREND_CONTINUATION', 'trend_label': '', 'trend_label_htf': '', 'session_type': 'RTH', 'entry_bar_index': 6822}",TREND_CONT_LONG
