timestamp,price
2026-01-15 15:24:10,7007.75
2026-01-15 15:25:07,7006.25
2026-01-15 15:35:06,7009.25
2026-01-15 15:36:08,7009.5
2026-01-15 15:37:10,7008.75
2026-01-15 15:38:07,7011.0
2026-01-15 15:50:11,6994.25
2026-01-15 15:51:07,6996.25
2026-01-15 15:52:09,6996.5
2026-01-15 15:53:10,6994.5
2026-01-15 15:54:07,6995.0
2026-01-15 15:56:10,6995.5
2026-01-15 19:29:09,6998.25
2026-01-15 19:30:10,6997.5
2026-01-15 19:31:06,6991.0
2026-01-15 19:32:08,6989.25
2026-01-15 19:33:10,6991.75
2026-01-15 19:34:06,6993.25
2026-01-15 19:35:08,6994.5
2026-01-15 20:17:11,6984.25
2026-01-15 20:18:07,6982.5
2026-01-15 20:19:09,6980.5
2026-01-15 20:20:10,6978.25
2026-01-15 20:21:07,6979.25
2026-01-15 20:22:08,6978.5
2026-01-15 20:23:10,6981.0
2026-01-15 20:24:06,6979.25
2026-01-15 20:25:08,6977.0
2026-01-15 20:27:06,6977.0
2026-01-15 20:30:09,6979.0
2026-01-15 20:31:06,6979.75
2026-01-15 20:32:08,6979.0
2026-01-15 20:33:09,6981.25
2026-01-15 20:34:06,6979.5
2026-01-15 20:35:07,6981.5
2026-01-15 20:36:09,6982.25
2026-01-15 20:37:10,6980.0
2026-01-15 20:38:07,6978.25
2026-01-15 20:39:08,6977.75
2026-01-15 20:41:06,6979.5
2026-01-15 20:43:10,6982.25
2026-01-15 21:00:11,6984.0
2026-01-15 21:01:07,6983.5
2026-01-15 21:02:09,6984.75
2026-01-15 21:03:10,6984.5
2026-01-15 21:04:07,6985.25
2026-01-15 21:05:08,6984.75
2026-01-15 21:06:10,6984.25
2026-01-15 21:07:06,6984.25
2026-01-15 21:08:08,6985.0
2026-01-15 21:09:10,6984.75
2026-01-15 21:10:06,6984.5
2026-01-15 21:11:08,6984.25
2026-01-15 21:12:09,6983.75
2026-01-16 02:24:13,6995.25
2026-01-16 07:11:10,7004.0
2026-01-16 07:12:07,7003.75
2026-01-16 07:13:08,7004.0
2026-01-16 07:14:10,7003.75
2026-01-16 08:38:13,6998.75
2026-01-16 08:39:10,6998.75
2026-01-16 08:40:06,6997.25
2026-01-16 08:41:08,6998.0
2026-01-16 08:42:09,6998.0
2026-01-16 08:43:06,6999.25
2026-01-16 09:03:09,7001.75
2026-01-16 09:04:11,7003.0
2026-01-16 09:05:07,7003.0
2026-01-16 09:06:09,7003.75
2026-01-16 09:07:11,7003.25
2026-01-16 09:08:07,7002.75
2026-01-16 09:10:10,7002.75
2026-01-16 09:11:07,7002.75
2026-01-16 09:12:09,7003.0
2026-01-16 09:13:10,7002.75
2026-01-16 09:18:08,6999.5
2026-01-16 09:19:10,7000.25
2026-01-16 09:20:06,7000.0
2026-01-16 09:21:08,6998.75
2026-01-16 09:22:09,7000.25
2026-01-16 09:27:07,7002.75
2026-01-16 09:28:09,7002.75
2026-01-16 09:29:06,7003.25
2026-01-16 09:30:07,7003.75
2026-01-16 10:00:13,6998.0
2026-01-16 10:01:09,6998.75
2026-01-16 10:02:11,6999.0
2026-01-16 10:03:07,6998.25
2026-01-16 10:04:09,6998.75
2026-01-16 10:05:10,6999.0
2026-01-16 10:08:10,6998.5
2026-01-16 10:09:07,6997.5
2026-01-16 10:25:11,7001.0
2026-01-16 10:26:07,7001.25
2026-01-16 10:27:08,7001.25
2026-01-16 10:28:10,7001.75
2026-01-16 10:29:06,7001.75
2026-01-16 10:30:08,7001.5
2026-01-16 11:54:12,6995.25
2026-01-16 11:55:08,6994.5
2026-01-16 11:56:10,6993.75
2026-01-16 11:57:06,6993.75
2026-01-16 11:58:07,6993.75
2026-01-16 11:59:09,6993.25
2026-01-16 12:00:05,6991.0
2026-01-16 12:52:08,6992.0
2026-01-16 12:53:09,6992.5
2026-01-16 12:54:14,6991.75
2026-01-16 12:55:10,6990.25
2026-01-16 12:56:07,6989.0
2026-01-16 12:57:08,6989.25
2026-01-16 12:58:10,6989.75
2026-01-16 12:59:07,6990.25
2026-01-16 13:00:08,6991.75
2026-01-16 14:22:13,6998.25
2026-01-16 14:23:09,6997.25
2026-01-16 14:24:06,6996.75
2026-01-16 14:44:08,6993.5
2026-01-16 14:45:10,6992.75
2026-01-16 14:46:07,6995.5
2026-01-16 14:47:08,6997.25
2026-01-16 14:48:10,6994.75
2026-01-16 14:49:06,6993.75
2026-01-16 14:50:08,6994.25
2026-01-16 14:51:10,6992.75
2026-01-16 14:52:06,6992.75
2026-01-16 14:53:08,6992.0
2026-01-16 14:54:10,6988.25
2026-01-16 14:55:06,6987.75
2026-01-16 14:56:08,6986.5
2026-01-16 14:57:10,6983.75
2026-01-16 14:58:07,6982.5
2026-01-16 14:59:08,6982.25
2026-01-16 15:00:10,6978.0
2026-01-16 15:35:13,6969.25
2026-01-16 15:36:10,6969.0
2026-01-16 15:37:06,6967.25
2026-01-16 15:38:08,6967.75
2026-01-16 15:39:10,6966.25
2026-01-16 15:40:06,6966.0
2026-01-16 15:41:08,6963.75
2026-01-16 15:42:10,6962.75
2026-01-16 15:43:06,6961.5
2026-01-16 15:44:08,6965.25
2026-01-16 15:45:09,6965.5
2026-01-16 15:55:07,6974.25
2026-01-16 15:59:08,6977.0
2026-01-16 16:04:06,6976.75
2026-01-16 16:06:10,6978.75
2026-01-16 16:07:07,6980.25
2026-01-16 16:08:08,6979.5
2026-01-16 16:09:10,6983.75
2026-01-16 16:10:06,6984.75
2026-01-16 16:11:08,6986.0
2026-01-16 16:12:10,6984.25
2026-01-16 16:13:06,6982.5
2026-01-16 16:17:07,6983.0
2026-01-16 16:18:09,6984.5
2026-01-16 16:19:10,6983.0
2026-01-16 16:20:07,6984.75
2026-01-16 16:21:09,6986.25
2026-01-16 16:22:05,6988.25
2026-01-16 16:25:10,6985.0
2026-01-16 16:27:08,6984.25
2026-01-16 16:28:10,6985.75
2026-01-16 16:29:06,6987.5
2026-01-16 16:30:08,6987.75
2026-01-16 16:31:09,6990.5
2026-01-16 16:35:06,6987.75
2026-01-16 16:36:11,6988.5
2026-01-16 16:37:08,6990.25
2026-01-16 16:38:09,6990.5
2026-01-16 16:39:06,6990.25
2026-01-16 16:40:08,6989.0
2026-01-16 16:41:10,6989.75
2026-01-16 16:42:06,6990.25
2026-01-16 16:43:07,6992.0
2026-01-16 16:44:09,6992.25
2026-01-16 16:45:05,6992.0
2026-01-16 16:48:10,6991.5
2026-01-16 16:49:06,6991.0
2026-01-16 16:50:08,6991.75
2026-01-16 16:51:10,6993.5
2026-01-16 16:55:06,6988.25
2026-01-16 16:56:08,6985.25
2026-01-16 16:57:09,6981.75
2026-01-16 16:58:06,6985.25
2026-01-16 16:59:07,6986.5
2026-01-16 17:00:09,6986.5
2026-01-16 17:01:06,6985.25
2026-01-16 17:02:07,6986.5
2026-01-16 17:03:09,6985.5
2026-01-16 17:04:10,6986.0
2026-01-16 17:05:07,6987.5
2026-01-16 17:06:09,6989.0
2026-01-16 17:09:08,6985.5
2026-01-16 17:10:10,6985.5
2026-01-16 17:26:10,6985.75
2026-01-16 17:27:07,6986.25
2026-01-16 17:28:08,6986.75
2026-01-16 17:29:09,6985.5
2026-01-16 17:30:06,6984.75
2026-01-16 17:31:08,6983.5
2026-01-16 17:32:09,6983.5
2026-01-16 17:33:06,6984.25
2026-01-16 17:34:07,6985.75
2026-01-16 17:35:09,6987.0
2026-01-16 17:46:09,6984.75
2026-01-16 17:47:06,6983.75
2026-01-16 17:48:08,6985.75
2026-01-16 17:49:09,6984.0
2026-01-16 17:50:06,6982.75
2026-01-16 17:51:07,6982.75
2026-01-16 17:52:09,6982.5
2026-01-16 18:19:08,6989.75
2026-01-16 18:20:09,6989.75
2026-01-16 18:21:06,6990.0
2026-01-16 18:22:08,6990.25
2026-01-16 18:24:06,6991.25
2026-01-16 18:25:08,6991.5
2026-01-16 18:30:06,6989.75
2026-01-16 18:31:07,6990.5
2026-01-16 18:32:09,6990.75
2026-01-16 18:33:11,6991.0
2026-01-16 18:34:07,6992.0
2026-01-16 18:35:09,6992.0
2026-01-16 18:36:11,6991.25
2026-01-16 18:37:10,6991.0
2026-01-16 18:38:07,6991.25
2026-01-16 18:41:07,6989.75
2026-01-16 18:44:06,6988.75
2026-01-16 18:45:08,6988.5
2026-01-16 18:46:10,6989.25
2026-01-16 18:47:06,6989.25
2026-01-16 18:48:08,6989.5
2026-01-16 18:49:09,6987.75
2026-01-16 18:50:06,6988.25
2026-01-16 18:51:07,6987.5
2026-01-16 18:52:09,6987.5
2026-01-16 18:53:06,6987.75
