symbol,direction,entry_time,entry_price,exit_time,exit_price,quantity,realized_pnl,pnl_points,commission,exit_reason,entry_metadata,sig
ES,LONG,2024-03-28 19:30:00+00:00,5319.5,2024-03-28 19:45:00+00:00,5311.75,1,-41.15,7.75,2.4,stop_loss,"{'signal_confidence': 0.7, 'signal_reason': 'MOM_BRK_LONG | ADX=17 | RSI=64 | brkH=5318.75 | SL=7.2pt | TP=14.2pt', 'entry_module': '', 'entry_reason': '', 'entry_type': 'or_breakout', 'atr': 4.786696052085054, 'atr_value': 4.786696052085054, 'adx_value': 16.91557476720192, 'market_state': 'OR_BREAKOUT', 'trend_label': '', 'trend_label_htf': '', 'session_type': 'RTH', 'entry_bar_index': 905}",MOM_BRK_LONG
ES,LONG,2024-04-23 14:45:00+00:00,5098.75,2024-04-23 16:45:00+00:00,5106.25,1,35.1,7.5,2.4,flatten,"{'signal_confidence': 0.7, 'signal_reason': 'MOM_BRK_LONG | ADX=35 | RSI=84 | brkH=5096.00 | SL=10.6pt | TP=21.0pt', 'entry_module': '', 'entry_reason': '', 'entry_type': 'or_breakout', 'atr': 7.038006287735212, 'atr_value': 7.038006287735212, 'adx_value': 34.72839159521656, 'market_state': 'OR_BREAKOUT', 'trend_label': '', 'trend_label_htf': '', 'session_type': 'RTH', 'entry_bar_index': 2450}",MOM_BRK_LONG
ES,LONG,2024-05-15 14:45:00+00:00,5307.5,2024-05-15 16:45:00+00:00,5316.5,1,42.6,9.0,2.4,flatten,"{'signal_confidence': 0.7, 'signal_reason': 'MOM_BRK_LONG | ADX=35 | RSI=78 | brkH=5303.25 | SL=9.4pt | TP=18.8pt', 'entry_module': '', 'entry_reason': '', 'entry_type': 'or_breakout', 'atr': 6.261756090420354, 'atr_value': 6.261756090420354, 'adx_value': 35.20589141383247, 'market_state': 'OR_BREAKOUT', 'trend_label': '', 'trend_label_htf': '', 'session_type': 'RTH', 'entry_bar_index': 3922}",MOM_BRK_LONG
ES,LONG,2024-05-15 17:15:00+00:00,5323.5,2024-05-15 19:15:00+00:00,5324.5,1,2.6,1.0,2.4,flatten,"{'signal_confidence': 0.7, 'signal_reason': 'MOM_BRK_LONG | ADX=48 | RSI=83 | brkH=5321.50 | SL=7.8pt | TP=15.8pt', 'entry_module': '', 'entry_reason': '', 'entry_type': 'or_breakout', 'atr': 5.215756218365159, 'atr_value': 5.215756218365159, 'adx_value': 47.59252521677538, 'market_state': 'OR_BREAKOUT', 'trend_label': '', 'trend_label_htf': '', 'session_type': 'RTH', 'entry_bar_index': 3932}",MOM_BRK_LONG
ES,LONG,2024-06-05 15:30:00+00:00,5339.25,2024-06-05 17:30:00+00:00,5347.0,1,36.35,7.75,2.4,flatten,"{'signal_confidence': 0.7, 'signal_reason': 'MOM_BRK_LONG | ADX=19 | RSI=71 | brkH=5337.75 | SL=8.9pt | TP=17.8pt', 'entry_module': '', 'entry_reason': '', 'entry_type': 'or_breakout', 'atr': 5.954217306800543, 'atr_value': 5.954217306800543, 'adx_value': 19.282450433940888, 'market_state': 'OR_BREAKOUT', 'trend_label': '', 'trend_label_htf': '', 'session_type': 'RTH', 'entry_bar_index': 5289}",MOM_BRK_LONG
ES,LONG,2024-06-12 14:15:00+00:00,5445.5,2024-06-12 16:15:00+00:00,5440.75,1,-26.15,4.75,2.4,flatten,"{'signal_confidence': 0.7, 'signal_reason': 'MOM_BRK_LONG | ADX=50 | RSI=92 | brkH=5443.50 | SL=9.5pt | TP=19.0pt', 'entry_module': '', 'entry_reason': '', 'entry_type': 'or_breakout', 'atr': 6.305034654620212, 'atr_value': 6.305034654620212, 'adx_value': 50.26335722577367, 'market_state': 'OR_BREAKOUT', 'trend_label': '', 'trend_label_htf': '', 'session_type': 'RTH', 'entry_bar_index': 5744}",MOM_BRK_LONG
ES,LONG,2024-06-25 18:30:00+00:00,5536.25,2024-06-25 18:45:00+00:00,5527.0,1,-48.65,9.25,2.4,stop_loss,"{'signal_confidence': 0.7, 'signal_reason': 'MOM_BRK_LONG | ADX=15 | RSI=64 | brkH=5532.25 | SL=8.7pt | TP=17.2pt', 'entry_module': '', 'entry_reason': '', 'entry_type': 'or_breakout', 'atr': 5.773985639306758, 'atr_value': 5.773985639306758, 'adx_value': 14.528946518280213, 'market_state': 'OR_BREAKOUT', 'trend_label': '', 'trend_label_htf': '', 'session_type': 'RTH', 'entry_bar_index': 6573}",MOM_BRK_LONG
ES,LONG,2024-06-25 19:30:00+00:00,5538.5,2024-06-25 19:45:00+00:00,5529.5,1,-47.4,9.0,2.4,stop_loss,"{'signal_confidence': 0.7, 'signal_reason': 'MOM_BRK_LONG | ADX=14 | RSI=64 | brkH=5536.25 | SL=8.8pt | TP=17.8pt', 'entry_module': '', 'entry_reason': '', 'entry_type': 'or_breakout', 'atr': 5.8903660934048405, 'atr_value': 5.8903660934048405, 'adx_value': 13.95732922812877, 'market_state': 'OR_BREAKOUT', 'trend_label': '', 'trend_label_htf': '', 'session_type': 'RTH', 'entry_bar_index': 6577}",MOM_BRK_LONG
ES,LONG,2024-07-02 18:15:00+00:00,5556.0,2024-07-03 13:30:00+00:00,5564.0,1,37.6,8.0,2.4,flatten,"{'signal_confidence': 0.7, 'signal_reason': 'MOM_BRK_LONG | ADX=29 | RSI=77 | brkH=5554.00 | SL=9.0pt | TP=18.0pt', 'entry_module': '', 'entry_reason': '', 'entry_type': 'or_breakout', 'atr': 5.973226935501914, 'atr_value': 5.973226935501914, 'adx_value': 29.47755381948584, 'market_state': 'OR_BREAKOUT', 'trend_label': '', 'trend_label_htf': '', 'session_type': 'RTH', 'entry_bar_index': 7032}",MOM_BRK_LONG
ES,LONG,2024-07-05 17:30:00+00:00,5614.25,2024-07-05 19:30:00+00:00,5618.5,1,18.85,4.25,2.4,flatten,"{'signal_confidence': 0.7, 'signal_reason': 'MOM_BRK_LONG | ADX=46 | RSI=67 | brkH=5612.75 | SL=8.1pt | TP=16.2pt', 'entry_module': '', 'entry_reason': '', 'entry_type': 'or_breakout', 'atr': 5.417355182609162, 'atr_value': 5.417355182609162, 'adx_value': 45.56293984876795, 'market_state': 'OR_BREAKOUT', 'trend_label': '', 'trend_label_htf': '', 'session_type': 'RTH', 'entry_bar_index': 7274}",MOM_BRK_LONG
ES,LONG,2024-07-12 15:00:00+00:00,5682.75,2024-07-12 16:00:00+00:00,5672.0,1,-56.15,10.75,2.4,stop_loss,"{'signal_confidence': 0.7, 'signal_reason': 'MOM_BRK_LONG | ADX=29 | RSI=88 | brkH=5681.50 | SL=10.3pt | TP=20.5pt', 'entry_module': '', 'entry_reason': '', 'entry_type': 'or_breakout', 'atr': 6.862740252913964, 'atr_value': 6.862740252913964, 'adx_value': 29.495441535311514, 'market_state': 'OR_BREAKOUT', 'trend_label': '', 'trend_label_htf': '', 'session_type': 'RTH', 'entry_bar_index': 7724}",MOM_BRK_LONG
ES,LONG,2024-07-12 17:15:00+00:00,5690.75,2024-07-12 19:15:00+00:00,5699.0,1,38.85,8.25,2.4,flatten,"{'signal_confidence': 0.7, 'signal_reason': 'MOM_BRK_LONG | ADX=28 | RSI=74 | brkH=5688.50 | SL=10.6pt | TP=21.2pt', 'entry_module': '', 'entry_reason': '', 'entry_type': 'or_breakout', 'atr': 7.0678971093165694, 'atr_value': 7.0678971093165694, 'adx_value': 28.088188416337395, 'market_state': 'OR_BREAKOUT', 'trend_label': '', 'trend_label_htf': '', 'session_type': 'RTH', 'entry_bar_index': 7733}",MOM_BRK_LONG
ES,LONG,2024-07-16 19:00:00+00:00,5715.5,2024-07-16 20:00:00+00:00,5715.75,1,-1.15,0.25,2.4,stop_loss,"{'signal_confidence': 0.7, 'signal_reason': 'MOM_BRK_LONG | ADX=13 | RSI=66 | brkH=5714.25 | SL=11.0pt | TP=22.0pt', 'entry_module': '', 'entry_reason': '', 'entry_type': 'or_breakout', 'atr': 7.349134697751883, 'atr_value': 7.349134697751883, 'adx_value': 12.574414498384183, 'market_state': 'OR_BREAKOUT', 'trend_label': '', 'trend_label_htf': '', 'session_type': 'RTH', 'entry_bar_index': 7924}",MOM_BRK_LONG
ES,LONG,2024-09-13 14:45:00+00:00,5635.25,2024-09-13 16:45:00+00:00,5626.0,1,-48.65,9.25,2.4,flatten,"{'signal_confidence': 0.7, 'signal_reason': 'MOM_BRK_LONG | ADX=16 | RSI=73 | brkH=5634.75 | SL=12.0pt | TP=24.0pt', 'entry_module': '', 'entry_reason': '', 'entry_type': 'or_breakout', 'atr': 7.988891930807743, 'atr_value': 7.988891930807743, 'adx_value': 16.150972604855916, 'market_state': 'OR_BREAKOUT', 'trend_label': '', 'trend_label_htf': '', 'session_type': 'RTH', 'entry_bar_index': 11847}",MOM_BRK_LONG
ES,LONG,2024-09-17 14:15:00+00:00,5667.75,2024-09-17 14:45:00+00:00,5657.75,1,-52.4,10.0,2.4,stop_loss,"{'signal_confidence': 0.7, 'signal_reason': 'MOM_BRK_LONG | ADX=44 | RSI=65 | brkH=5665.75 | SL=9.4pt | TP=19.0pt', 'entry_module': '', 'entry_reason': '', 'entry_type': 'or_breakout', 'atr': 6.29491949024536, 'atr_value': 6.29491949024536, 'adx_value': 43.753061296600116, 'market_state': 'OR_BREAKOUT', 'trend_label': '', 'trend_label_htf': '', 'session_type': 'RTH', 'entry_bar_index': 12029}",MOM_BRK_LONG
ES,LONG,2024-10-09 15:30:00+00:00,5826.75,2024-10-09 17:30:00+00:00,5833.5,1,31.35,6.75,2.4,flatten,"{'signal_confidence': 0.7, 'signal_reason': 'MOM_BRK_LONG | ADX=27 | RSI=86 | brkH=5825.25 | SL=8.5pt | TP=17.0pt', 'entry_module': '', 'entry_reason': '', 'entry_type': 'or_breakout', 'atr': 5.672965779076985, 'atr_value': 5.672965779076985, 'adx_value': 27.152723842785274, 'market_state': 'OR_BREAKOUT', 'trend_label': '', 'trend_label_htf': '', 'session_type': 'RTH', 'entry_bar_index': 13506}",MOM_BRK_LONG
ES,LONG,2024-10-11 19:15:00+00:00,5866.75,2024-10-11 20:00:00+00:00,5859.5,1,-38.65,7.25,2.4,stop_loss,"{'signal_confidence': 0.7, 'signal_reason': 'MOM_BRK_LONG | ADX=33 | RSI=69 | brkH=5864.00 | SL=9.6pt | TP=19.2pt', 'entry_module': '', 'entry_reason': '', 'entry_type': 'or_breakout', 'atr': 6.397378765052525, 'atr_value': 6.397378765052525, 'adx_value': 32.79919589773419, 'market_state': 'OR_BREAKOUT', 'trend_label': '', 'trend_label_htf': '', 'session_type': 'RTH', 'entry_bar_index': 13705}",MOM_BRK_LONG
ES,LONG,2024-10-22 18:00:00+00:00,5899.25,2024-10-22 18:45:00+00:00,5889.25,1,-52.4,10.0,2.4,stop_loss,"{'signal_confidence': 0.7, 'signal_reason': 'MOM_BRK_LONG | ADX=21 | RSI=73 | brkH=5895.75 | SL=9.5pt | TP=19.0pt', 'entry_module': '', 'entry_reason': '', 'entry_type': 'or_breakout', 'atr': 6.356910352159869, 'atr_value': 6.356910352159869, 'adx_value': 20.868455720816552, 'market_state': 'OR_BREAKOUT', 'trend_label': '', 'trend_label_htf': '', 'session_type': 'RTH', 'entry_bar_index': 14344}",MOM_BRK_LONG
ES,LONG,2024-10-25 14:15:00+00:00,5893.75,2024-10-25 14:45:00+00:00,5886.0,1,-41.15,7.75,2.4,stop_loss,"{'signal_confidence': 0.7, 'signal_reason': 'MOM_BRK_LONG | ADX=44 | RSI=85 | brkH=5890.75 | SL=7.2pt | TP=14.5pt', 'entry_module': '', 'entry_reason': '', 'entry_type': 'or_breakout', 'atr': 4.822510506899707, 'atr_value': 4.822510506899707, 'adx_value': 43.86508362573846, 'market_state': 'OR_BREAKOUT', 'trend_label': '', 'trend_label_htf': '', 'session_type': 'RTH', 'entry_bar_index': 14605}",MOM_BRK_LONG
ES,LONG,2024-10-29 17:15:00+00:00,5880.0,2024-10-29 19:15:00+00:00,5878.75,1,-8.65,1.25,2.4,flatten,"{'signal_confidence': 0.7, 'signal_reason': 'MOM_BRK_LONG | ADX=20 | RSI=70 | brkH=5874.75 | SL=11.3pt | TP=22.8pt', 'entry_module': '', 'entry_reason': '', 'entry_type': 'or_breakout', 'atr': 7.542643059308454, 'atr_value': 7.542643059308454, 'adx_value': 20.392597319500325, 'market_state': 'OR_BREAKOUT', 'trend_label': '', 'trend_label_htf': '', 'session_type': 'RTH', 'entry_bar_index': 14801}",MOM_BRK_LONG
ES,LONG,2024-11-05 15:45:00+00:00,5795.75,2024-11-05 16:00:00+00:00,5784.0,1,-61.15,11.75,2.4,stop_loss,"{'signal_confidence': 0.7, 'signal_reason': 'MOM_BRK_LONG | ADX=27 | RSI=81 | brkH=5794.50 | SL=11.3pt | TP=22.8pt', 'entry_module': '', 'entry_reason': '', 'entry_type': 'or_breakout', 'atr': 7.555996887300105, 'atr_value': 7.555996887300105, 'adx_value': 26.654936270827044, 'market_state': 'OR_BREAKOUT', 'trend_label': '', 'trend_label_htf': '', 'session_type': 'RTH', 'entry_bar_index': 15251}",MOM_BRK_LONG
ES,LONG,2024-11-07 20:00:00+00:00,6007.0,2024-11-07 21:00:00+00:00,6002.25,1,-26.15,4.75,2.4,stop_loss,"{'signal_confidence': 0.7, 'signal_reason': 'MOM_BRK_LONG | ADX=27 | RSI=71 | brkH=6002.00 | SL=11.5pt | TP=23.0pt', 'entry_module': '', 'entry_reason': '', 'entry_type': 'or_breakout', 'atr': 7.664952706908613, 'atr_value': 7.664952706908613, 'adx_value': 26.65366710796131, 'market_state': 'OR_BREAKOUT', 'trend_label': '', 'trend_label_htf': '', 'session_type': 'RTH', 'entry_bar_index': 15452}",MOM_BRK_LONG
ES,LONG,2024-11-08 19:00:00+00:00,6034.25,2024-11-08 20:15:00+00:00,6026.0,1,-43.65,8.25,2.4,stop_loss,"{'signal_confidence': 0.7, 'signal_reason': 'MOM_BRK_LONG | ADX=40 | RSI=75 | brkH=6033.50 | SL=7.8pt | TP=15.8pt', 'entry_module': '', 'entry_reason': '', 'entry_type': 'or_breakout', 'atr': 5.217078957463694, 'atr_value': 5.217078957463694, 'adx_value': 40.172243488609915, 'market_state': 'OR_BREAKOUT', 'trend_label': '', 'trend_label_htf': '', 'session_type': 'RTH', 'entry_bar_index': 15540}",MOM_BRK_LONG
ES,LONG,2024-11-29 17:00:00+00:00,6053.75,2024-11-29 18:00:00+00:00,6051.25,1,-14.9,2.5,2.4,flatten,"{'signal_confidence': 0.7, 'signal_reason': 'MOM_BRK_LONG | ADX=28 | RSI=73 | brkH=6051.00 | SL=7.0pt | TP=14.0pt', 'entry_module': '', 'entry_reason': '', 'entry_type': 'or_breakout', 'atr': 4.65832202791521, 'atr_value': 4.65832202791521, 'adx_value': 28.010324161928104, 'market_state': 'OR_BREAKOUT', 'trend_label': '', 'trend_label_htf': '', 'session_type': 'RTH', 'entry_bar_index': 16896}",MOM_BRK_LONG
ES,LONG,2024-12-10 15:45:00+00:00,6074.0,2024-12-10 16:00:00+00:00,6067.5,1,-34.9,6.5,2.4,stop_loss,"{'signal_confidence': 0.7, 'signal_reason': 'MOM_BRK_LONG | ADX=19 | RSI=63 | brkH=6073.25 | SL=5.9pt | TP=11.8pt', 'entry_module': '', 'entry_reason': '', 'entry_type': 'or_breakout', 'atr': 3.9324526355552636, 'atr_value': 3.9324526355552636, 'adx_value': 19.265841599228185, 'market_state': 'OR_BREAKOUT', 'trend_label': '', 'trend_label_htf': '', 'session_type': 'RTH', 'entry_bar_index': 618}",MOM_BRK_LONG
ES,LONG,2024-12-11 16:45:00+00:00,6096.5,2024-12-11 18:45:00+00:00,6099.25,1,11.35,2.75,2.4,flatten,"{'signal_confidence': 0.7, 'signal_reason': 'MOM_BRK_LONG | ADX=54 | RSI=82 | brkH=6093.25 | SL=7.6pt | TP=15.2pt', 'entry_module': '', 'entry_reason': '', 'entry_type': 'or_breakout', 'atr': 5.0780647700779955, 'atr_value': 5.0780647700779955, 'adx_value': 54.17340216854288, 'market_state': 'OR_BREAKOUT', 'trend_label': '', 'trend_label_htf': '', 'session_type': 'RTH', 'entry_bar_index': 714}",MOM_BRK_LONG
ES,LONG,2024-12-24 16:45:00+00:00,6084.5,2024-12-24 17:00:00+00:00,6075.75,1,-46.15,8.75,2.4,stop_loss,"{'signal_confidence': 0.7, 'signal_reason': 'MOM_BRK_LONG | ADX=40 | RSI=83 | brkH=6081.25 | SL=8.5pt | TP=17.0pt', 'entry_module': '', 'entry_reason': '', 'entry_type': 'or_breakout', 'atr': 5.652155051050347, 'atr_value': 5.652155051050347, 'adx_value': 40.39552914275946, 'market_state': 'OR_BREAKOUT', 'trend_label': '', 'trend_label_htf': '', 'session_type': 'RTH', 'entry_bar_index': 1542}",MOM_BRK_LONG
ES,LONG,2025-01-31 16:15:00+00:00,6146.75,2025-01-31 16:30:00+00:00,6137.25,1,-49.9,9.5,2.4,stop_loss,"{'signal_confidence': 0.7, 'signal_reason': 'MOM_BRK_LONG | ADX=22 | RSI=75 | brkH=6144.25 | SL=8.7pt | TP=17.2pt', 'entry_module': '', 'entry_reason': '', 'entry_type': 'or_breakout', 'atr': 5.767344889261592, 'atr_value': 5.767344889261592, 'adx_value': 22.063484215197555, 'market_state': 'OR_BREAKOUT', 'trend_label': '', 'trend_label_htf': '', 'session_type': 'RTH', 'entry_bar_index': 3871}",MOM_BRK_LONG
ES,LONG,2025-02-11 16:00:00+00:00,6087.0,2025-02-11 17:00:00+00:00,6077.0,1,-52.4,10.0,2.4,stop_loss,"{'signal_confidence': 0.7, 'signal_reason': 'MOM_BRK_LONG | ADX=20 | RSI=67 | brkH=6084.50 | SL=9.4pt | TP=18.8pt', 'entry_module': '', 'entry_reason': '', 'entry_type': 'or_breakout', 'atr': 6.254952164249715, 'atr_value': 6.254952164249715, 'adx_value': 20.262014409372114, 'market_state': 'OR_BREAKOUT', 'trend_label': '', 'trend_label_htf': '', 'session_type': 'RTH', 'entry_bar_index': 4514}",MOM_BRK_LONG
ES,LONG,2025-02-14 15:15:00+00:00,6142.25,2025-02-14 15:30:00+00:00,6135.0,1,-38.65,7.25,2.4,stop_loss,"{'signal_confidence': 0.7, 'signal_reason': 'MOM_BRK_LONG | ADX=28 | RSI=69 | brkH=6141.75 | SL=6.7pt | TP=13.2pt', 'entry_module': '', 'entry_reason': '', 'entry_type': 'or_breakout', 'atr': 4.457622120329125, 'atr_value': 4.457622120329125, 'adx_value': 27.627662760586063, 'market_state': 'OR_BREAKOUT', 'trend_label': '', 'trend_label_htf': '', 'session_type': 'RTH', 'entry_bar_index': 4787}",MOM_BRK_LONG
ES,LONG,2025-02-19 19:30:00+00:00,6162.5,2025-02-19 20:15:00+00:00,6153.0,1,-49.9,9.5,2.4,stop_loss,"{'signal_confidence': 0.7, 'signal_reason': 'MOM_BRK_LONG | ADX=22 | RSI=66 | brkH=6160.00 | SL=9.2pt | TP=18.5pt', 'entry_module': '', 'entry_reason': '', 'entry_type': 'or_breakout', 'atr': 6.145761120537811, 'atr_value': 6.145761120537811, 'adx_value': 22.319995174191277, 'market_state': 'OR_BREAKOUT', 'trend_label': '', 'trend_label_htf': '', 'session_type': 'RTH', 'entry_bar_index': 5064}",MOM_BRK_LONG
ES,LONG,2025-03-25 14:45:00+00:00,5835.5,2025-03-25 15:45:00+00:00,5824.5,1,-57.4,11.0,2.4,stop_loss,"{'signal_confidence': 0.7, 'signal_reason': 'MOM_BRK_LONG | ADX=22 | RSI=67 | brkH=5834.00 | SL=10.3pt | TP=20.5pt', 'entry_module': '', 'entry_reason': '', 'entry_type': 'or_breakout', 'atr': 6.8493912324693795, 'atr_value': 6.8493912324693795, 'adx_value': 21.810723185192597, 'market_state': 'OR_BREAKOUT', 'trend_label': '', 'trend_label_htf': '', 'session_type': 'RTH', 'entry_bar_index': 7257}",MOM_BRK_LONG
ES,LONG,2025-05-16 19:15:00+00:00,5973.75,2025-05-16 20:00:00+00:00,5974.0,1,-1.15,0.25,2.4,stop_loss,"{'signal_confidence': 0.7, 'signal_reason': 'MOM_BRK_LONG | ADX=27 | RSI=70 | brkH=5972.75 | SL=10.4pt | TP=20.8pt', 'entry_module': '', 'entry_reason': '', 'entry_type': 'or_breakout', 'atr': 6.93756050405039, 'atr_value': 6.93756050405039, 'adx_value': 26.688599205441534, 'market_state': 'OR_BREAKOUT', 'trend_label': '', 'trend_label_htf': '', 'session_type': 'RTH', 'entry_bar_index': 10679}",MOM_BRK_LONG
ES,LONG,2025-05-27 18:00:00+00:00,5936.0,2025-05-27 19:30:00+00:00,5924.5,1,-59.9,11.5,2.4,stop_loss,"{'signal_confidence': 0.7, 'signal_reason': 'MOM_BRK_LONG | ADX=31 | RSI=75 | brkH=5932.25 | SL=10.9pt | TP=21.8pt', 'entry_module': '', 'entry_reason': '', 'entry_type': 'or_breakout', 'atr': 7.283971495496741, 'atr_value': 7.283971495496741, 'adx_value': 31.060257843487452, 'market_state': 'OR_BREAKOUT', 'trend_label': '', 'trend_label_htf': '', 'session_type': 'RTH', 'entry_bar_index': 11302}",MOM_BRK_LONG
ES,LONG,2025-06-03 16:30:00+00:00,5981.25,2025-06-03 18:00:00+00:00,5971.0,1,-53.65,10.25,2.4,stop_loss,"{'signal_confidence': 0.7, 'signal_reason': 'MOM_BRK_LONG | ADX=46 | RSI=81 | brkH=5977.50 | SL=10.1pt | TP=20.0pt', 'entry_module': '', 'entry_reason': '', 'entry_type': 'or_breakout', 'atr': 6.703202341012897, 'atr_value': 6.703202341012897, 'adx_value': 46.274513211467756, 'market_state': 'OR_BREAKOUT', 'trend_label': '', 'trend_label_htf': '', 'session_type': 'RTH', 'entry_bar_index': 11756}",MOM_BRK_LONG
ES,LONG,2025-06-10 17:00:00+00:00,6036.25,2025-06-10 18:00:00+00:00,6026.25,1,-52.4,10.0,2.4,stop_loss,"{'signal_confidence': 0.7, 'signal_reason': 'MOM_BRK_LONG | ADX=18 | RSI=67 | brkH=6035.25 | SL=9.6pt | TP=19.2pt', 'entry_module': '', 'entry_reason': '', 'entry_type': 'or_breakout', 'atr': 6.407111275418459, 'atr_value': 6.407111275418459, 'adx_value': 18.106610257353807, 'market_state': 'OR_BREAKOUT', 'trend_label': '', 'trend_label_htf': '', 'session_type': 'RTH', 'entry_bar_index': 12218}",MOM_BRK_LONG
ES,LONG,2025-06-24 16:30:00+00:00,6142.0,2025-06-24 18:30:00+00:00,6146.75,1,21.35,4.75,2.4,flatten,"{'signal_confidence': 0.7, 'signal_reason': 'MOM_BRK_LONG | ADX=18 | RSI=66 | brkH=6138.75 | SL=11.1pt | TP=22.2pt', 'entry_module': '', 'entry_reason': '', 'entry_type': 'or_breakout', 'atr': 7.40884331244414, 'atr_value': 7.40884331244414, 'adx_value': 18.38000129671889, 'market_state': 'OR_BREAKOUT', 'trend_label': '', 'trend_label_htf': '', 'session_type': 'RTH', 'entry_bar_index': 13120}",MOM_BRK_LONG
ES,LONG,2025-06-26 17:45:00+00:00,6192.25,2025-06-26 19:45:00+00:00,6189.75,1,-14.9,2.5,2.4,flatten,"{'signal_confidence': 0.7, 'signal_reason': 'MOM_BRK_LONG | ADX=26 | RSI=76 | brkH=6189.25 | SL=7.7pt | TP=15.5pt', 'entry_module': '', 'entry_reason': '', 'entry_type': 'or_breakout', 'atr': 5.133490430311959, 'atr_value': 5.133490430311959, 'adx_value': 25.716517849072897, 'market_state': 'OR_BREAKOUT', 'trend_label': '', 'trend_label_htf': '', 'session_type': 'RTH', 'entry_bar_index': 13309}",MOM_BRK_LONG
ES,LONG,2025-07-02 20:00:00+00:00,6275.5,2025-07-03 12:30:00+00:00,6290.25,1,71.35,14.75,2.4,take_profit,"{'signal_confidence': 0.7, 'signal_reason': 'MOM_BRK_LONG | ADX=24 | RSI=69 | brkH=6273.75 | SL=7.5pt | TP=15.0pt', 'entry_module': '', 'entry_reason': '', 'entry_type': 'or_breakout', 'atr': 4.9822763452883425, 'atr_value': 4.9822763452883425, 'adx_value': 23.79498702552215, 'market_state': 'OR_BREAKOUT', 'trend_label': '', 'trend_label_htf': '', 'session_type': 'RTH', 'entry_bar_index': 13686}",MOM_BRK_LONG
ES,LONG,2025-07-03 14:15:00+00:00,6317.75,2025-07-03 16:15:00+00:00,6328.75,1,52.6,11.0,2.4,flatten,"{'signal_confidence': 0.7, 'signal_reason': 'MOM_BRK_LONG | ADX=36 | RSI=85 | brkH=6315.25 | SL=9.3pt | TP=18.5pt', 'entry_module': '', 'entry_reason': '', 'entry_type': 'or_breakout', 'atr': 6.176946524611582, 'atr_value': 6.176946524611582, 'adx_value': 35.99774019856822, 'market_state': 'OR_BREAKOUT', 'trend_label': '', 'trend_label_htf': '', 'session_type': 'RTH', 'entry_bar_index': 13755}",MOM_BRK_LONG
ES,LONG,2025-07-03 16:45:00+00:00,6331.5,2025-07-03 17:00:00+00:00,6322.75,1,-46.15,8.75,2.4,stop_loss,"{'signal_confidence': 0.7, 'signal_reason': 'MOM_BRK_LONG | ADX=59 | RSI=79 | brkH=6331.25 | SL=8.4pt | TP=16.8pt', 'entry_module': '', 'entry_reason': '', 'entry_type': 'or_breakout', 'atr': 5.585077006829559, 'atr_value': 5.585077006829559, 'adx_value': 58.547490242999615, 'market_state': 'OR_BREAKOUT', 'trend_label': '', 'trend_label_htf': '', 'session_type': 'RTH', 'entry_bar_index': 13765}",MOM_BRK_LONG
ES,LONG,2025-07-17 15:30:00+00:00,6328.0,2025-07-17 17:30:00+00:00,6331.25,1,13.85,3.25,2.4,flatten,"{'signal_confidence': 0.7, 'signal_reason': 'MOM_BRK_LONG | ADX=17 | RSI=68 | brkH=6326.75 | SL=9.8pt | TP=19.5pt', 'entry_module': '', 'entry_reason': '', 'entry_type': 'or_breakout', 'atr': 6.5064999189448764, 'atr_value': 6.5064999189448764, 'adx_value': 16.99586765062747, 'market_state': 'OR_BREAKOUT', 'trend_label': '', 'trend_label_htf': '', 'session_type': 'RTH', 'entry_bar_index': 14649}",MOM_BRK_LONG
ES,LONG,2025-07-17 18:30:00+00:00,6340.0,2025-07-17 20:00:00+00:00,6340.25,1,-1.15,0.25,2.4,stop_loss,"{'signal_confidence': 0.7, 'signal_reason': 'MOM_BRK_LONG | ADX=23 | RSI=71 | brkH=6336.50 | SL=7.9pt | TP=15.8pt', 'entry_module': '', 'entry_reason': '', 'entry_type': 'or_breakout', 'atr': 5.283524740795762, 'atr_value': 5.283524740795762, 'adx_value': 22.992441216876184, 'market_state': 'OR_BREAKOUT', 'trend_label': '', 'trend_label_htf': '', 'session_type': 'RTH', 'entry_bar_index': 14661}",MOM_BRK_LONG
ES,LONG,2025-07-23 16:00:00+00:00,6377.75,2025-07-23 18:00:00+00:00,6382.0,1,18.85,4.25,2.4,flatten,"{'signal_confidence': 0.7, 'signal_reason': 'MOM_BRK_LONG | ADX=19 | RSI=63 | brkH=6376.75 | SL=9.8pt | TP=19.5pt', 'entry_module': '', 'entry_reason': '', 'entry_type': 'or_breakout', 'atr': 6.537853469755254, 'atr_value': 6.537853469755254, 'adx_value': 19.392620765144517, 'market_state': 'OR_BREAKOUT', 'trend_label': '', 'trend_label_htf': '', 'session_type': 'RTH', 'entry_bar_index': 15019}",MOM_BRK_LONG
ES,LONG,2025-07-25 17:15:00+00:00,6425.25,2025-07-25 19:15:00+00:00,6429.0,1,16.35,3.75,2.4,flatten,"{'signal_confidence': 0.7, 'signal_reason': 'MOM_BRK_LONG | ADX=24 | RSI=74 | brkH=6424.50 | SL=6.4pt | TP=12.8pt', 'entry_module': '', 'entry_reason': '', 'entry_type': 'or_breakout', 'atr': 4.261283694252782, 'atr_value': 4.261283694252782, 'adx_value': 24.29564121074177, 'market_state': 'OR_BREAKOUT', 'trend_label': '', 'trend_label_htf': '', 'session_type': 'RTH', 'entry_bar_index': 15208}",MOM_BRK_LONG
ES,LONG,2025-08-08 14:15:00+00:00,6404.25,2025-08-08 15:30:00+00:00,6395.5,1,-46.15,8.75,2.4,stop_loss,"{'signal_confidence': 0.7, 'signal_reason': 'MOM_BRK_LONG | ADX=25 | RSI=75 | brkH=6401.50 | SL=8.1pt | TP=16.0pt', 'entry_module': '', 'entry_reason': '', 'entry_type': 'or_breakout', 'atr': 5.369129227635418, 'atr_value': 5.369129227635418, 'adx_value': 24.84258359428603, 'market_state': 'OR_BREAKOUT', 'trend_label': '', 'trend_label_htf': '', 'session_type': 'RTH', 'entry_bar_index': 16116}",MOM_BRK_LONG
ES,LONG,2025-08-19 14:15:00+00:00,6472.75,2025-08-19 14:30:00+00:00,6464.75,1,-42.4,8.0,2.4,stop_loss,"{'signal_confidence': 0.7, 'signal_reason': 'MOM_BRK_LONG | ADX=15 | RSI=64 | brkH=6469.50 | SL=7.8pt | TP=15.5pt', 'entry_module': '', 'entry_reason': '', 'entry_type': 'or_breakout', 'atr': 5.16800060305129, 'atr_value': 5.16800060305129, 'adx_value': 15.05235491886685, 'market_state': 'OR_BREAKOUT', 'trend_label': '', 'trend_label_htf': '', 'session_type': 'RTH', 'entry_bar_index': 240}",MOM_BRK_LONG
ES,LONG,2025-08-26 20:00:00+00:00,6481.0,2025-08-27 13:30:00+00:00,6473.75,1,-38.65,7.25,2.4,flatten,"{'signal_confidence': 0.7, 'signal_reason': 'MOM_BRK_LONG | ADX=22 | RSI=71 | brkH=6478.50 | SL=9.6pt | TP=19.2pt', 'entry_module': '', 'entry_reason': '', 'entry_type': 'or_breakout', 'atr': 6.386747885577928, 'atr_value': 6.386747885577928, 'adx_value': 21.561300494678783, 'market_state': 'OR_BREAKOUT', 'trend_label': '', 'trend_label_htf': '', 'session_type': 'RTH', 'entry_bar_index': 723}",MOM_BRK_LONG
ES,LONG,2025-09-03 15:00:00+00:00,6462.0,2025-09-03 15:15:00+00:00,6450.0,1,-62.4,12.0,2.4,stop_loss,"{'signal_confidence': 0.7, 'signal_reason': 'MOM_BRK_LONG | ADX=18 | RSI=61 | brkH=6461.00 | SL=11.5pt | TP=23.0pt', 'entry_module': '', 'entry_reason': '', 'entry_type': 'or_breakout', 'atr': 7.666230879522792, 'atr_value': 7.666230879522792, 'adx_value': 18.001945273824568, 'market_state': 'OR_BREAKOUT', 'trend_label': '', 'trend_label_htf': '', 'session_type': 'RTH', 'entry_bar_index': 1239}",MOM_BRK_LONG
ES,LONG,2025-09-19 19:30:00+00:00,6724.25,2025-09-19 20:00:00+00:00,6721.5,1,-16.15,2.75,2.4,stop_loss,"{'signal_confidence': 0.7, 'signal_reason': 'MOM_BRK_LONG | ADX=20 | RSI=74 | brkH=6721.25 | SL=8.3pt | TP=16.5pt', 'entry_module': '', 'entry_reason': '', 'entry_type': 'or_breakout', 'atr': 5.511228196438825, 'atr_value': 5.511228196438825, 'adx_value': 20.377481103562246, 'market_state': 'OR_BREAKOUT', 'trend_label': '', 'trend_label_htf': '', 'session_type': 'RTH', 'entry_bar_index': 2361}",MOM_BRK_LONG
ES,LONG,2025-09-30 19:00:00+00:00,6721.5,2025-09-30 20:30:00+00:00,6721.75,1,-1.15,0.25,2.4,stop_loss,"{'signal_confidence': 0.7, 'signal_reason': 'MOM_BRK_LONG | ADX=19 | RSI=64 | brkH=6720.00 | SL=12.1pt | TP=24.2pt', 'entry_module': '', 'entry_reason': '', 'entry_type': 'or_breakout', 'atr': 8.070827375335163, 'atr_value': 8.070827375335163, 'adx_value': 18.82909514981417, 'market_state': 'OR_BREAKOUT', 'trend_label': '', 'trend_label_htf': '', 'session_type': 'RTH', 'entry_bar_index': 3003}",MOM_BRK_LONG
ES,LONG,2025-10-01 18:15:00+00:00,6761.5,2025-10-01 20:00:00+00:00,6760.25,1,-8.65,1.25,2.4,stop_loss,"{'signal_confidence': 0.7, 'signal_reason': 'MOM_BRK_LONG | ADX=45 | RSI=77 | brkH=6756.50 | SL=10.2pt | TP=20.2pt', 'entry_module': '', 'entry_reason': '', 'entry_type': 'or_breakout', 'atr': 6.772768547829122, 'atr_value': 6.772768547829122, 'adx_value': 44.59735762083239, 'market_state': 'OR_BREAKOUT', 'trend_label': '', 'trend_label_htf': '', 'session_type': 'RTH', 'entry_bar_index': 3092}",MOM_BRK_LONG
ES,LONG,2025-10-03 16:00:00+00:00,6798.25,2025-10-03 17:00:00+00:00,6788.5,1,-51.15,9.75,2.4,stop_loss,"{'signal_confidence': 0.7, 'signal_reason': 'MOM_BRK_LONG | ADX=26 | RSI=70 | brkH=6795.50 | SL=9.1pt | TP=18.2pt', 'entry_module': '', 'entry_reason': '', 'entry_type': 'or_breakout', 'atr': 6.064565771668929, 'atr_value': 6.064565771668929, 'adx_value': 26.26076536974393, 'market_state': 'OR_BREAKOUT', 'trend_label': '', 'trend_label_htf': '', 'session_type': 'RTH', 'entry_bar_index': 3267}",MOM_BRK_LONG
ES,LONG,2025-10-08 15:30:00+00:00,6797.0,2025-10-08 17:30:00+00:00,6800.25,1,13.85,3.25,2.4,flatten,"{'signal_confidence': 0.7, 'signal_reason': 'MOM_BRK_LONG | ADX=21 | RSI=73 | brkH=6793.75 | SL=9.0pt | TP=18.0pt', 'entry_module': '', 'entry_reason': '', 'entry_type': 'or_breakout', 'atr': 6.025202910707493, 'atr_value': 6.025202910707493, 'adx_value': 21.301444058463233, 'market_state': 'OR_BREAKOUT', 'trend_label': '', 'trend_label_htf': '', 'session_type': 'RTH', 'entry_bar_index': 3541}",MOM_BRK_LONG
ES,LONG,2025-11-28 16:00:00+00:00,6851.25,2025-11-28 16:15:00+00:00,6844.75,1,-34.9,6.5,2.4,stop_loss,"{'signal_confidence': 0.7, 'signal_reason': 'MOM_BRK_LONG | ADX=39 | RSI=80 | brkH=6850.00 | SL=5.9pt | TP=12.0pt', 'entry_module': '', 'entry_reason': '', 'entry_type': 'or_breakout', 'atr': 3.9623885491837822, 'atr_value': 3.9623885491837822, 'adx_value': 39.02247940698909, 'market_state': 'OR_BREAKOUT', 'trend_label': '', 'trend_label_htf': '', 'session_type': 'RTH', 'entry_bar_index': 6927}",MOM_BRK_LONG
ES,LONG,2026-01-07 17:15:00+00:00,7004.5,2026-01-07 17:45:00+00:00,6994.5,1,-52.4,10.0,2.4,stop_loss,"{'signal_confidence': 0.7, 'signal_reason': 'MOM_BRK_LONG | ADX=18 | RSI=69 | brkH=7002.50 | SL=9.3pt | TP=18.5pt', 'entry_module': '', 'entry_reason': '', 'entry_type': 'or_breakout', 'atr': 6.166698910195482, 'atr_value': 6.166698910195482, 'adx_value': 18.248777876634577, 'market_state': 'OR_BREAKOUT', 'trend_label': '', 'trend_label_htf': '', 'session_type': 'RTH', 'entry_bar_index': 9294}",MOM_BRK_LONG
ES,LONG,2026-01-27 15:45:00+00:00,7011.75,2026-01-27 17:45:00+00:00,7009.25,1,-14.9,2.5,2.4,flatten,"{'signal_confidence': 0.7, 'signal_reason': 'MOM_BRK_LONG | ADX=18 | RSI=68 | brkH=7007.75 | SL=8.3pt | TP=16.8pt', 'entry_module': '', 'entry_reason': '', 'entry_type': 'or_breakout', 'atr': 5.559372079145696, 'atr_value': 5.559372079145696, 'adx_value': 17.5383219668819, 'market_state': 'OR_BREAKOUT', 'trend_label': '', 'trend_label_htf': '', 'session_type': 'RTH', 'entry_bar_index': 10560}",MOM_BRK_LONG
ES,LONG,2026-02-25 19:15:00+00:00,6957.5,2026-02-25 21:30:00+00:00,6974.5,1,82.6,17.0,2.4,take_profit,"{'signal_confidence': 0.7, 'signal_reason': 'MOM_BRK_LONG | ADX=50 | RSI=71 | brkH=6956.00 | SL=8.5pt | TP=17.0pt', 'entry_module': '', 'entry_reason': '', 'entry_type': 'or_breakout', 'atr': 5.640825054767812, 'atr_value': 5.640825054767812, 'adx_value': 50.21107025858725, 'market_state': 'OR_BREAKOUT', 'trend_label': '', 'trend_label_htf': '', 'session_type': 'RTH', 'entry_bar_index': 12490}",MOM_BRK_LONG
ES,LONG,2026-04-14 16:30:00+00:00,6998.5,2026-04-14 18:15:00+00:00,6986.75,1,-61.15,11.75,2.4,stop_loss,"{'signal_confidence': 0.7, 'signal_reason': 'MOM_BRK_LONG | ADX=59 | RSI=81 | brkH=6995.25 | SL=11.1pt | TP=22.2pt', 'entry_module': '', 'entry_reason': '', 'entry_type': 'or_breakout', 'atr': 7.420448350209476, 'atr_value': 7.420448350209476, 'adx_value': 59.01612358326689, 'market_state': 'OR_BREAKOUT', 'trend_label': '', 'trend_label_htf': '', 'session_type': 'RTH', 'entry_bar_index': 15580}",MOM_BRK_LONG
ES,LONG,2026-04-15 18:15:00+00:00,7045.25,2026-04-15 23:45:00+00:00,7069.25,1,117.6,24.0,2.4,take_profit,"{'signal_confidence': 0.7, 'signal_reason': 'MOM_BRK_LONG | ADX=34 | RSI=70 | brkH=7042.25 | SL=12.1pt | TP=24.2pt', 'entry_module': '', 'entry_reason': '', 'entry_type': 'or_breakout', 'atr': 8.072615155000442, 'atr_value': 8.072615155000442, 'adx_value': 34.30119717030017, 'market_state': 'OR_BREAKOUT', 'trend_label': '', 'trend_label_htf': '', 'session_type': 'RTH', 'entry_bar_index': 15679}",MOM_BRK_LONG
ES,LONG,2026-05-01 14:15:00+00:00,7296.75,2026-05-01 14:30:00+00:00,7285.0,1,-61.15,11.75,2.4,stop_loss,"{'signal_confidence': 0.7, 'signal_reason': 'MOM_BRK_LONG | ADX=32 | RSI=82 | brkH=7293.25 | SL=11.2pt | TP=22.5pt', 'entry_module': '', 'entry_reason': '', 'entry_type': 'or_breakout', 'atr': 7.466261627768802, 'atr_value': 7.466261627768802, 'adx_value': 31.631901411914715, 'market_state': 'OR_BREAKOUT', 'trend_label': '', 'trend_label_htf': '', 'session_type': 'RTH', 'entry_bar_index': 16767}",MOM_BRK_LONG
ES,LONG,2026-05-08 14:15:00+00:00,7415.5,2026-05-08 16:15:00+00:00,7420.5,1,22.6,5.0,2.4,flatten,"{'signal_confidence': 0.7, 'signal_reason': 'MOM_BRK_LONG | ADX=19 | RSI=69 | brkH=7413.75 | SL=10.3pt | TP=20.5pt', 'entry_module': '', 'entry_reason': '', 'entry_type': 'or_breakout', 'atr': 6.8384769504519545, 'atr_value': 6.8384769504519545, 'adx_value': 19.262022294628217, 'market_state': 'OR_BREAKOUT', 'trend_label': '', 'trend_label_htf': '', 'session_type': 'RTH', 'entry_bar_index': 17227}",MOM_BRK_LONG
