date,open,high,low,close
2012-06-01,25.8700008392334,26.709999084472656,23.940000534057617,26.65999984741211
2012-06-04,26.350000381469727,27.729999542236328,25.719999313354492,26.1200008392334
2012-06-05,25.899999618530273,25.899999618530273,24.5,24.68000030517578
2012-06-06,23.760000228881836,23.889999389648438,21.799999237060547,22.15999984741211
2012-06-07,21.0,22.479999542236328,20.739999771118164,21.719999313354492
2012-06-08,22.540000915527344,23.100000381469727,20.290000915527344,21.229999542236328
2012-06-11,19.8700008392334,23.559999465942383,19.6299991607666,23.559999465942383
2012-06-12,23.149999618530273,23.899999618530273,22.09000015258789,22.09000015258789
2012-06-13,22.93000030517578,24.93000030517578,22.65999984741211,24.270000457763672
2012-06-14,24.190000534057617,24.809999465942383,21.549999237060547,21.68000030517578
2012-06-15,22.469999313354492,23.09000015258789,20.610000610351562,21.110000610351562
2012-06-18,21.760000228881836,21.979999542236328,18.239999771118164,18.31999969482422
2012-06-19,17.65999984741211,18.6200008392334,17.360000610351562,18.3799991607666
2012-06-20,17.959999084472656,20.049999237060547,17.09000015258789,17.239999771118164
2012-06-21,16.889999389648438,20.479999542236328,16.770000457763672,20.079999923706055
2012-06-22,18.649999618530273,19.3700008392334,17.899999618530273,18.110000610351562
2012-06-25,20.469999313354492,21.360000610351562,19.889999389648438,20.3799991607666
2012-06-26,20.010000228881836,20.56999969482422,19.420000076293945,19.719999313354492
2012-06-27,19.549999237060547,20.1200008392334,19.3799991607666,19.450000762939453
2012-06-28,20.329999923706055,21.190000534057617,19.600000381469727,19.709999084472656
2012-06-29,17.520000457763672,19.709999084472656,16.8700008392334,17.079999923706055
2012-07-02,17.6200008392334,18.190000534057617,16.65999984741211,16.799999237060547
2012-07-03,16.670000076293945,16.920000076293945,16.270000457763672,16.65999984741211
2012-07-05,17.610000610351562,18.219999313354492,17.18000030517578,17.5
2012-07-06,18.200000762939453,18.25,16.950000762939453,17.100000381469727
2012-07-09,18.170000076293945,18.31999969482422,17.729999542236328,17.979999542236328
2012-07-10,17.510000228881836,19.190000534057617,17.290000915527344,18.719999313354492
2012-07-11,17.979999542236328,19.170000076293945,17.84000015258789,17.950000762939453
2012-07-12,18.81999969482422,19.510000228881836,17.75,18.329999923706055
2012-07-13,17.780000686645508,17.81999969482422,16.360000610351562,16.739999771118164
2012-07-16,17.309999465942383,17.31999969482422,16.459999084472656,17.110000610351562
2012-07-17,16.719999313354492,17.459999084472656,16.09000015258789,16.479999542236328
2012-07-18,16.809999465942383,16.809999465942383,15.6899995803833,16.15999984741211
2012-07-19,16.059999465942383,16.700000762939453,15.449999809265137,15.449999809265137
2012-07-20,16.649999618530273,17.049999237060547,15.970000267028809,16.270000457763672
2012-07-23,20.40999984741211,20.489999771118164,18.34000015258789,18.6200008392334
2012-07-24,18.3799991607666,21.0,18.3700008392334,20.469999313354492
2012-07-25,19.790000915527344,20.670000076293945,18.989999771118164,19.34000015258789
2012-07-26,17.68000030517578,18.469999313354492,17.06999969482422,17.530000686645508
2012-07-27,17.110000610351562,17.299999237060547,16.520000457763672,16.700000762939453
2012-07-30,17.549999237060547,18.079999923706055,17.229999542236328,18.030000686645508
2012-07-31,18.399999618530273,19.09000015258789,18.260000228881836,18.93000030517578
2012-08-01,18.799999237060547,19.18000030517578,18.200000762939453,18.959999084472656
2012-08-02,19.049999237060547,19.25,17.559999465942383,17.56999969482422
2012-08-03,16.049999237060547,16.450000762939453,15.640000343322754,15.640000343322754
2012-08-06,15.850000381469727,16.270000457763672,15.819999694824219,15.949999809265137
2012-08-07,15.550000190734863,16.030000686645508,15.479999542236328,15.989999771118164
2012-08-08,16.459999084472656,16.469999313354492,15.270000457763672,15.319999694824219
2012-08-09,15.390000343322754,15.670000076293945,15.279999732971191,15.279999732971191
2012-08-10,15.34000015258789,15.5,14.729999542236328,14.739999771118164
2012-08-13,14.09000015258789,14.670000076293945,13.670000076293945,13.699999809265137
2012-08-14,13.90999984741211,15.0600004196167,13.90999984741211,14.850000381469727
2012-08-15,14.819999694824219,14.979999542236328,14.359999656677246,14.630000114440918
2012-08-16,14.880000114440918,15.149999618530273,14.279999732971191,14.289999961853027
2012-08-17,14.229999542236328,14.300000190734863,13.300000190734863,13.449999809265137
2012-08-20,14.109999656677246,14.779999732971191,13.380000114440918,14.020000457763672
2012-08-21,14.100000381469727,15.4399995803833,13.460000038146973,15.020000457763672
2012-08-22,15.319999694824219,15.520000457763672,14.75,15.109999656677246
2012-08-23,15.0,16.450000762939453,15.0,15.960000038146973
2012-08-24,15.989999771118164,16.0,15.180000305175781,15.180000305175781
2012-08-27,16.149999618530273,16.3799991607666,15.75,16.350000381469727
2012-08-28,16.31999969482422,16.920000076293945,16.010000228881836,16.489999771118164
2012-08-29,16.610000610351562,17.059999465942383,16.5,17.059999465942383
2012-08-30,17.479999542236328,18.049999237060547,17.440000534057617,17.829999923706055
2012-08-31,17.25,18.040000915527344,16.559999465942383,17.469999313354492
2012-09-04,18.649999618530273,18.959999084472656,17.850000381469727,17.979999542236328
2012-09-05,17.3799991607666,17.84000015258789,16.989999771118164,17.739999771118164
2012-09-06,17.299999237060547,17.299999237060547,15.600000381469727,15.600000381469727
2012-09-07,15.600000381469727,15.600000381469727,14.329999923706055,14.380000114440918
2012-09-10,14.270000457763672,16.280000686645508,13.970000267028809,16.280000686645508
2012-09-11,16.110000610351562,16.40999984741211,15.460000038146973,16.40999984741211
2012-09-12,15.59000015258789,16.309999465942383,15.430000305175781,15.800000190734863
2012-09-13,15.600000381469727,16.540000915527344,13.90999984741211,14.050000190734863
2012-09-14,13.819999694824219,14.710000038146973,13.510000228881836,14.510000228881836
2012-09-17,14.670000076293945,14.920000076293945,14.380000114440918,14.59000015258789
2012-09-18,14.510000228881836,14.880000114440918,13.970000267028809,14.180000305175781
2012-09-19,13.949999809265137,14.079999923706055,13.609999656677246,13.880000114440918
2012-09-20,14.630000114440918,14.670000076293945,14.069999694824219,14.069999694824219
2012-09-21,13.9399995803833,14.180000305175781,13.6899995803833,13.979999542236328
2012-09-24,15.0600004196167,15.0600004196167,13.869999885559082,14.149999618530273
2012-09-25,14.1899995803833,15.720000267028809,14.029999732971191,15.430000305175781
2012-09-26,15.829999923706055,17.079999923706055,15.829999923706055,16.809999465942383
2012-09-27,16.3799991607666,16.5,14.829999923706055,14.84000015258789
2012-09-28,15.229999542236328,15.770000457763672,14.949999809265137,15.729999542236328
2012-10-01,16.030000686645508,16.530000686645508,15.130000114440918,16.31999969482422
2012-10-02,15.850000381469727,16.5,15.699999809265137,15.710000038146973
2012-10-03,15.630000114440918,16.020000457763672,15.130000114440918,15.430000305175781
2012-10-04,15.229999542236328,15.329999923706055,14.529999732971191,14.550000190734863
2012-10-05,13.680000305175781,14.779999732971191,13.670000076293945,14.329999923706055
2012-10-08,15.1899995803833,15.460000038146973,15.039999961853027,15.109999656677246
2012-10-09,15.279999732971191,16.399999618530273,15.180000305175781,16.3700008392334
2012-10-10,16.520000457763672,16.790000915527344,16.1299991607666,16.290000915527344
2012-10-11,15.329999923706055,15.800000190734863,15.3100004196167,15.59000015258789
2012-10-12,15.40999984741211,16.18000030517578,14.960000038146973,16.139999389648438
2012-10-15,16.049999237060547,16.209999084472656,15.229999542236328,15.270000457763672
2012-10-16,14.84000015258789,15.229999542236328,14.5,15.220000267028809
2012-10-17,15.430000305175781,15.630000114440918,14.899999618530273,15.069999694824219
2012-10-18,15.25,15.5,14.680000305175781,15.029999732971191
2012-10-19,14.90999984741211,17.600000381469727,14.899999618530273,17.059999465942383
2012-10-22,17.440000534057617,17.979999542236328,16.6200008392334,16.6200008392334
2012-10-23,18.229999542236328,19.649999618530273,18.170000076293945,18.829999923706055
2012-10-24,18.219999313354492,18.670000076293945,17.93000030517578,18.329999923706055
2012-10-25,17.559999465942383,18.639999389648438,17.299999237060547,18.1200008392334
2012-10-26,18.030000686645508,18.639999389648438,17.520000457763672,17.809999465942383
2012-10-31,17.68000030517578,18.84000015258789,17.559999465942383,18.600000381469727
2012-11-01,17.770000457763672,17.790000915527344,16.450000762939453,16.690000534057617
2012-11-02,16.059999465942383,17.600000381469727,16.049999237060547,17.59000015258789
2012-11-05,18.329999923706055,18.700000762939453,18.1299991607666,18.420000076293945
2012-11-06,18.15999984741211,18.170000076293945,17.190000534057617,17.579999923706055
2012-11-07,17.719999313354492,19.399999618530273,17.6200008392334,19.079999923706055
2012-11-08,18.690000534057617,18.690000534057617,17.959999084472656,18.489999771118164
2012-11-09,18.799999237060547,18.809999465942383,17.670000076293945,18.610000610351562
2012-11-12,18.149999618530273,18.149999618530273,16.450000762939453,16.68000030517578
2012-11-13,17.360000610351562,17.3799991607666,16.1200008392334,16.649999618530273
2012-11-14,16.31999969482422,18.049999237060547,15.930000305175781,17.920000076293945
2012-11-15,17.739999771118164,18.639999389648438,17.6200008392334,17.989999771118164
2012-11-16,17.649999618530273,18.5,16.40999984741211,16.40999984741211
2012-11-19,15.880000114440918,15.979999542236328,15.100000381469727,15.239999771118164
2012-11-20,15.109999656677246,15.649999618530273,15.0600004196167,15.079999923706055
2012-11-21,14.960000038146973,15.430000305175781,14.770000457763672,15.3100004196167
2012-11-23,15.0,15.260000228881836,15.0,15.140000343322754
2012-11-26,15.630000114440918,15.84000015258789,15.470000267028809,15.5
2012-11-27,15.300000190734863,15.930000305175781,15.010000228881836,15.920000076293945
2012-11-28,16.43000030517578,16.979999542236328,15.470000267028809,15.510000228881836
2012-11-29,15.210000038146973,15.510000228881836,15.020000457763672,15.0600004196167
2012-11-30,15.260000228881836,16.170000076293945,14.890000343322754,15.869999885559082
2012-12-03,15.8100004196167,16.690000534057617,15.760000228881836,16.639999389648438
2012-12-04,16.65999984741211,17.3700008392334,16.3799991607666,17.1200008392334
2012-12-05,16.950000762939453,17.530000686645508,16.270000457763672,16.459999084472656
2012-12-06,16.59000015258789,16.850000381469727,16.309999465942383,16.579999923706055
2012-12-07,16.1200008392334,16.649999618530273,15.729999542236328,15.899999618530273
2012-12-10,16.469999313354492,16.469999313354492,15.960000038146973,16.049999237060547
2012-12-11,15.9399995803833,16.010000228881836,15.420000076293945,15.569999694824219
2012-12-12,15.600000381469727,16.09000015258789,15.40999984741211,15.949999809265137
2012-12-13,15.869999885559082,16.670000076293945,15.710000038146973,16.559999465942383
2012-12-14,16.68000030517578,17.149999618530273,16.610000610351562,17.0
2012-12-17,17.200000762939453,17.200000762939453,16.209999084472656,16.34000015258789
2012-12-18,16.389999389648438,16.43000030517578,15.460000038146973,15.569999694824219
2012-12-19,16.049999237060547,17.459999084472656,16.040000915527344,17.360000610351562
2012-12-20,17.260000228881836,17.959999084472656,17.110000610351562,17.670000076293945
2012-12-21,19.850000381469727,19.93000030517578,17.760000228881836,17.84000015258789
2012-12-24,18.459999084472656,18.65999984741211,17.84000015258789,17.84000015258789
2012-12-26,18.709999084472656,19.6299991607666,18.610000610351562,19.479999542236328
2012-12-27,19.389999389648438,20.899999618530273,19.110000610351562,19.469999313354492
2012-12-28,20.31999969482422,23.229999542236328,19.940000534057617,22.719999313354492
2012-12-31,22.139999389648438,22.719999313354492,17.8799991607666,18.020000457763672
2013-01-02,15.239999771118164,15.930000305175781,14.600000381469727,14.680000305175781
2013-01-03,14.770000457763672,14.920000076293945,14.239999771118164,14.5600004196167
2013-01-04,14.229999542236328,14.3100004196167,13.640000343322754,13.829999923706055
2013-01-07,14.529999732971191,14.529999732971191,13.710000038146973,13.789999961853027
2013-01-08,13.880000114440918,14.289999961853027,13.619999885559082,13.619999885559082
2013-01-09,13.319999694824219,13.930000305175781,13.220000267028809,13.8100004196167
2013-01-10,13.329999923706055,13.880000114440918,13.329999923706055,13.489999771118164
2013-01-11,13.550000190734863,13.789999961853027,13.220000267028809,13.359999656677246
2013-01-14,13.65999984741211,13.850000381469727,13.40999984741211,13.520000457763672
2013-01-15,13.970000267028809,13.989999771118164,13.329999923706055,13.550000190734863
2013-01-16,13.699999809265137,13.760000228881836,13.199999809265137,13.420000076293945
2013-01-17,13.449999809265137,13.699999809265137,13.15999984741211,13.569999694824219
2013-01-18,13.520000457763672,13.529999732971191,12.289999961853027,12.460000038146973
2013-01-22,13.279999732971191,13.319999694824219,12.430000305175781,12.430000305175781
2013-01-23,12.670000076293945,12.670000076293945,12.300000190734863,12.460000038146973
2013-01-24,12.729999542236328,13.5,12.399999618530273,12.6899995803833
2013-01-25,12.630000114440918,12.989999771118164,12.5,12.890000343322754
2013-01-28,13.289999961853027,13.90999984741211,13.289999961853027,13.569999694824219
2013-01-29,13.869999885559082,13.880000114440918,13.039999961853027,13.3100004196167
2013-01-30,13.640000343322754,14.329999923706055,13.600000381469727,14.319999694824219
2013-01-31,14.430000305175781,14.430000305175781,14.039999961853027,14.279999732971191
2013-02-01,13.369999885559082,13.380000114440918,12.720000267028809,12.899999618530273
2013-02-04,14.0,14.75,13.800000190734863,14.670000076293945
2013-02-05,14.210000038146973,14.210000038146973,13.390000343322754,13.720000267028809
2013-02-06,14.0600004196167,14.079999923706055,13.34000015258789,13.40999984741211
2013-02-07,13.470000267028809,14.40999984741211,13.430000305175781,13.5
2013-02-08,13.199999809265137,13.199999809265137,12.890000343322754,13.020000457763672
2013-02-11,13.369999885559082,13.420000076293945,12.90999984741211,12.9399995803833
2013-02-12,12.819999694824219,13.130000114440918,12.630000114440918,12.640000343322754
2013-02-13,12.880000114440918,13.1899995803833,12.670000076293945,12.979999542236328
2013-02-14,13.300000190734863,13.319999694824219,12.640000343322754,12.65999984741211
2013-02-15,12.470000267028809,12.890000343322754,12.239999771118164,12.460000038146973
2013-02-19,12.8100004196167,12.850000381469727,12.079999923706055,12.3100004196167
2013-02-20,12.319999694824219,14.680000305175781,12.319999694824219,14.680000305175781
2013-02-21,14.680000305175781,16.209999084472656,14.670000076293945,15.220000267028809
2013-02-22,14.600000381469727,15.020000457763672,14.15999984741211,14.170000076293945
2013-02-25,13.6899995803833,19.280000686645508,13.569999694824219,18.989999771118164
2013-02-26,17.5,18.229999542236328,16.75,16.8700008392334
2013-02-27,16.56999969482422,16.600000381469727,14.420000076293945,14.729999542236328
2013-02-28,15.0,15.600000381469727,14.15999984741211,15.510000228881836
2013-03-01,16.100000381469727,16.81999969482422,15.140000343322754,15.359999656677246
2013-03-04,16.15999984741211,16.15999984741211,14.010000228881836,14.010000228881836
2013-03-05,13.4399995803833,13.65999984741211,13.239999771118164,13.479999542236328
2013-03-06,13.180000305175781,13.770000457763672,13.170000076293945,13.529999732971191
2013-03-07,13.449999809265137,13.5600004196167,13.029999732971191,13.0600004196167
2013-03-08,12.670000076293945,13.300000190734863,12.489999771118164,12.59000015258789
2013-03-11,12.3100004196167,12.34000015258789,11.5,11.5600004196167
2013-03-12,11.789999961853027,12.930000305175781,11.739999771118164,12.270000457763672
2013-03-13,12.180000305175781,12.550000190734863,11.789999961853027,11.829999923706055
2013-03-14,11.699999809265137,11.75,11.050000190734863,11.300000190734863
2013-03-15,11.520000457763672,11.989999771118164,11.210000038146973,11.300000190734863
2013-03-18,13.470000267028809,13.640000343322754,12.569999694824219,13.359999656677246
2013-03-19,13.029999732971191,15.399999618530273,12.920000076293945,14.390000343322754
2013-03-20,13.180000305175781,13.180000305175781,12.300000190734863,12.670000076293945
2013-03-21,13.069999694824219,14.210000038146973,12.619999885559082,13.989999771118164
2013-03-22,13.34000015258789,13.850000381469727,13.1899995803833,13.569999694824219
2013-03-25,12.850000381469727,14.609999656677246,12.390000343322754,13.739999771118164
2013-03-26,12.949999809265137,13.210000038146973,12.6899995803833,12.770000457763672
2013-03-27,13.720000267028809,13.970000267028809,12.970000267028809,13.149999618530273
2013-03-28,12.90999984741211,13.069999694824219,12.539999961853027,12.699999809265137
2013-04-01,13.460000038146973,14.050000190734863,13.260000228881836,13.579999923706055
2013-04-02,13.109999656677246,13.180000305175781,12.760000228881836,12.779999732971191
2013-04-03,12.649999618530273,14.65999984741211,12.619999885559082,14.210000038146973
2013-04-04,14.100000381469727,14.789999961853027,13.890000343322754,13.890000343322754
2013-04-05,15.640000343322754,15.649999618530273,13.859999656677246,13.920000076293945
2013-04-08,14.039999961853027,14.5,13.1899995803833,13.1899995803833
2013-04-09,13.109999656677246,13.680000305175781,12.75,12.84000015258789
2013-04-10,12.65999984741211,12.880000114440918,12.319999694824219,12.359999656677246
2013-04-11,12.550000190734863,12.619999885559082,12.149999618530273,12.239999771118164
2013-04-12,12.609999656677246,13.119999885559082,11.989999771118164,12.0600004196167
2013-04-15,13.119999885559082,17.270000457763672,12.65999984741211,17.270000457763672
2013-04-16,14.720000267028809,14.869999885559082,13.90999984741211,13.960000038146973
2013-04-17,15.350000381469727,17.899999618530273,14.979999542236328,16.510000228881836
2013-04-18,16.34000015258789,18.200000762939453,16.31999969482422,17.559999465942383
2013-04-19,16.670000076293945,16.979999542236328,14.869999885559082,14.970000267028809
2013-04-22,15.079999923706055,16.0,14.039999961853027,14.390000343322754
2013-04-23,13.8100004196167,14.869999885559082,13.460000038146973,13.479999542236328
2013-04-24,13.569999694824219,13.75,13.359999656677246,13.609999656677246
2013-04-25,13.609999656677246,13.869999885559082,13.130000114440918,13.619999885559082
2013-04-26,13.9399995803833,14.180000305175781,13.489999771118164,13.609999656677246
2013-04-29,13.720000267028809,13.9399995803833,13.359999656677246,13.710000038146973
2013-04-30,13.710000038146973,14.279999732971191,13.510000228881836,13.520000457763672
2013-05-01,13.880000114440918,14.670000076293945,13.869999885559082,14.489999771118164
2013-05-02,14.479999542236328,14.479999542236328,13.579999923706055,13.59000015258789
2013-05-03,12.920000076293945,13.149999618530273,12.770000457763672,12.850000381469727
2013-05-06,13.0600004196167,13.1899995803833,12.65999984741211,12.65999984741211
2013-05-07,12.630000114440918,12.960000038146973,12.489999771118164,12.829999923706055
2013-05-08,12.869999885559082,13.039999961853027,12.619999885559082,12.65999984741211
2013-05-09,12.90999984741211,13.529999732971191,12.779999732971191,13.130000114440918
2013-05-10,13.079999923706055,13.449999809265137,12.539999961853027,12.59000015258789
2013-05-13,12.569999694824219,12.869999885559082,12.489999771118164,12.550000190734863
2013-05-14,12.609999656677246,13.210000038146973,12.539999961853027,12.770000457763672
2013-05-15,12.979999542236328,13.430000305175781,12.779999732971191,12.8100004196167
2013-05-16,13.069999694824219,13.460000038146973,12.789999961853027,13.069999694824219
2013-05-17,12.729999542236328,12.9399995803833,12.260000228881836,12.449999809265137
2013-05-20,13.279999732971191,13.279999732971191,12.84000015258789,13.020000457763672
2013-05-21,13.079999923706055,13.4399995803833,12.890000343322754,13.369999885559082
2013-05-22,13.449999809265137,14.449999809265137,13.050000190734863,13.819999694824219
2013-05-23,14.9399995803833,15.109999656677246,13.869999885559082,14.069999694824219
2013-05-24,14.59000015258789,14.789999961853027,13.989999771118164,13.989999771118164
2013-05-28,13.670000076293945,14.5600004196167,13.5600004196167,14.479999542236328
2013-05-29,15.300000190734863,15.649999618530273,14.59000015258789,14.829999923706055
2013-05-30,14.899999618530273,14.979999542236328,14.270000457763672,14.529999732971191
2013-05-31,15.020000457763672,16.350000381469727,14.359999656677246,16.299999237060547
2013-06-03,16.399999618530273,17.579999923706055,16.149999618530273,16.280000686645508
2013-06-04,16.15999984741211,17.25,15.819999694824219,16.270000457763672
2013-06-05,16.860000610351562,17.84000015258789,16.56999969482422,17.5
2013-06-06,17.700000762939453,18.510000228881836,16.600000381469727,16.6299991607666
2013-06-07,15.899999618530273,16.209999084472656,14.960000038146973,15.140000343322754
2013-06-10,15.15999984741211,15.600000381469727,15.100000381469727,15.4399995803833
2013-06-11,16.90999984741211,17.139999389648438,16.0,17.06999969482422
2013-06-12,16.510000228881836,18.600000381469727,16.43000030517578,18.59000015258789
2013-06-13,18.3799991607666,18.579999923706055,16.3700008392334,16.40999984741211
2013-06-14,16.6299991607666,17.260000228881836,16.030000686645508,17.149999618530273
2013-06-17,16.530000686645508,17.6200008392334,16.329999923706055,16.799999237060547
2013-06-18,16.809999465942383,16.950000762939453,16.459999084472656,16.610000610351562
2013-06-19,16.889999389648438,17.18000030517578,15.359999656677246,16.639999389648438
2013-06-20,18.399999618530273,21.31999969482422,18.010000228881836,20.489999771118164
2013-06-21,18.969999313354492,20.93000030517578,18.25,18.899999618530273
2013-06-24,20.8700008392334,21.90999984741211,18.579999923706055,20.110000610351562
2013-06-25,18.649999618530273,19.219999313354492,17.81999969482422,18.469999313354492
2013-06-26,17.229999542236328,18.059999465942383,17.079999923706055,17.209999084472656
2013-06-27,16.600000381469727,16.969999313354492,16.34000015258789,16.860000610351562
2013-06-28,17.25,17.690000534057617,16.190000534057617,16.860000610351562
2013-07-01,16.899999618530273,16.899999618530273,16.0,16.3700008392334
2013-07-02,16.489999771118164,16.93000030517578,15.880000114440918,16.440000534057617
2013-07-03,17.219999313354492,17.31999969482422,16.200000762939453,16.200000762939453
2013-07-05,15.59000015258789,16.280000686645508,14.890000343322754,14.890000343322754
2013-07-08,14.65999984741211,15.270000457763672,14.65999984741211,14.779999732971191
2013-07-09,14.329999923706055,14.649999618530273,14.260000228881836,14.350000381469727
2013-07-10,14.460000038146973,14.619999885559082,14.0600004196167,14.210000038146973
2013-07-11,13.569999694824219,14.199999809265137,13.569999694824219,14.010000228881836
2013-07-12,13.899999618530273,14.039999961853027,13.739999771118164,13.84000015258789
2013-07-15,13.979999542236328,14.109999656677246,13.5,13.789999961853027
2013-07-16,13.779999732971191,14.5600004196167,13.779999732971191,14.420000076293945
2013-07-17,14.199999809265137,14.4399995803833,13.760000228881836,13.779999732971191
2013-07-18,13.630000114440918,13.800000190734863,13.199999809265137,13.770000457763672
2013-07-19,13.890000343322754,13.970000267028809,12.539999961853027,12.539999961853027
2013-07-22,13.229999542236328,13.369999885559082,12.289999961853027,12.289999961853027
2013-07-23,12.149999618530273,13.0600004196167,12.069999694824219,12.65999984741211
2013-07-24,12.6899995803833,13.489999771118164,12.6899995803833,13.180000305175781
2013-07-25,13.470000267028809,13.539999961853027,12.90999984741211,12.970000267028809
2013-07-26,13.40999984741211,13.729999542236328,12.710000038146973,12.720000267028809
2013-07-29,13.539999961853027,13.859999656677246,13.380000114440918,13.390000343322754
2013-07-30,13.449999809265137,14.140000343322754,13.350000381469727,13.390000343322754
2013-07-31,13.550000190734863,13.829999923706055,12.9399995803833,13.449999809265137
2013-08-01,12.890000343322754,13.25,12.819999694824219,12.9399995803833
2013-08-02,12.65999984741211,12.739999771118164,11.979999542236328,11.979999542236328
2013-08-05,12.289999961853027,12.420000076293945,11.829999923706055,11.84000015258789
2013-08-06,12.1899995803833,12.930000305175781,12.0600004196167,12.720000267028809
2013-08-07,13.170000076293945,13.90999984741211,12.960000038146973,12.979999542236328
2013-08-08,12.5,13.130000114440918,12.369999885559082,12.729999542236328
2013-08-09,12.880000114440918,13.65999984741211,12.710000038146973,13.40999984741211
2013-08-12,13.520000457763672,13.569999694824219,12.800000190734863,12.8100004196167
2013-08-13,12.859999656677246,13.369999885559082,12.289999961853027,12.3100004196167
2013-08-14,12.479999542236328,13.09000015258789,12.350000381469727,13.039999961853027
2013-08-15,14.140000343322754,14.850000381469727,13.90999984741211,14.729999542236328
2013-08-16,14.5600004196167,14.880000114440918,13.619999885559082,14.369999885559082
2013-08-19,14.9399995803833,15.199999809265137,14.350000381469727,15.100000381469727
2013-08-20,15.220000267028809,15.25,14.289999961853027,14.90999984741211
2013-08-21,16.0,16.559999465942383,14.670000076293945,15.9399995803833
2013-08-22,15.260000228881836,15.260000228881836,14.65999984741211,14.760000228881836
2013-08-23,14.289999961853027,14.819999694824219,13.979999542236328,13.979999542236328
2013-08-26,14.369999885559082,15.010000228881836,13.899999618530273,14.989999771118164
2013-08-27,16.559999465942383,17.1299991607666,15.819999694824219,16.770000457763672
2013-08-28,16.959999084472656,17.110000610351562,16.100000381469727,16.489999771118164
2013-08-29,16.790000915527344,16.979999542236328,15.989999771118164,16.809999465942383
2013-08-30,16.75,17.809999465942383,16.700000762939453,17.010000228881836
2013-09-03,16.469999313354492,17.3700008392334,16.110000610351562,16.610000610351562
2013-09-04,16.8799991607666,17.010000228881836,15.770000457763672,15.880000114440918
2013-09-05,16.1200008392334,16.1200008392334,15.630000114440918,15.770000457763672
2013-09-06,15.350000381469727,16.809999465942383,15.170000076293945,15.850000381469727
2013-09-09,15.859999656677246,16.020000457763672,15.220000267028809,15.630000114440918
2013-09-10,14.890000343322754,15.09000015258789,14.5,14.529999732971191
2013-09-11,14.739999771118164,14.739999771118164,13.819999694824219,13.819999694824219
2013-09-12,13.930000305175781,14.390000343322754,13.729999542236328,14.289999961853027
2013-09-13,14.270000457763672,14.550000190734863,14.109999656677246,14.15999984741211
2013-09-16,14.100000381469727,14.489999771118164,13.869999885559082,14.380000114440918
2013-09-17,14.4399995803833,14.609999656677246,14.279999732971191,14.529999732971191
2013-09-18,14.680000305175781,14.680000305175781,13.229999542236328,13.59000015258789
2013-09-19,13.020000457763672,13.390000343322754,13.020000457763672,13.15999984741211
2013-09-20,13.300000190734863,13.470000267028809,12.520000457763672,13.119999885559082
2013-09-23,14.039999961853027,14.710000038146973,14.020000457763672,14.3100004196167
2013-09-24,14.170000076293945,14.369999885559082,13.75,14.079999923706055
2013-09-25,14.239999771118164,14.619999885559082,13.890000343322754,14.010000228881836
2013-09-26,13.800000190734863,14.399999618530273,13.579999923706055,14.0600004196167
2013-09-27,14.619999885559082,15.789999961853027,14.619999885559082,15.460000038146973
2013-09-30,17.489999771118164,17.489999771118164,16.15999984741211,16.600000381469727
2013-10-01,16.309999465942383,16.459999084472656,15.470000267028809,15.539999961853027
2013-10-02,16.399999618530273,16.809999465942383,16.1299991607666,16.600000381469727
2013-10-03,16.6299991607666,18.709999084472656,16.6299991607666,17.670000076293945
2013-10-04,17.719999313354492,17.8700008392334,16.65999984741211,16.739999771118164
2013-10-07,18.760000228881836,19.40999984741211,18.079999923706055,19.40999984741211
2013-10-08,19.010000228881836,21.010000228881836,18.979999542236328,20.34000015258789
2013-10-09,20.190000534057617,21.34000015258789,19.040000915527344,19.600000381469727
2013-10-10,17.65999984741211,17.920000076293945,16.290000915527344,16.479999542236328
2013-10-11,16.309999465942383,16.3799991607666,15.460000038146973,15.720000267028809
2013-10-14,17.079999923706055,17.739999771118164,15.800000190734863,16.06999969482422
2013-10-15,16.40999984741211,18.670000076293945,16.15999984741211,18.65999984741211
2013-10-16,17.139999389648438,17.149999618530273,14.670000076293945,14.710000038146973
2013-10-17,14.520000457763672,14.59000015258789,12.890000343322754,13.479999542236328
2013-10-18,12.859999656677246,13.529999732971191,12.34000015258789,13.039999961853027
2013-10-21,13.34000015258789,13.630000114440918,13.069999694824219,13.15999984741211
2013-10-22,12.989999771118164,13.920000076293945,12.930000305175781,13.329999923706055
2013-10-23,13.710000038146973,14.210000038146973,13.420000076293945,13.420000076293945
2013-10-24,13.5,13.619999885559082,13.149999618530273,13.199999809265137
2013-10-25,13.15999984741211,13.4399995803833,13.079999923706055,13.09000015258789
2013-10-28,13.619999885559082,13.720000267028809,13.220000267028809,13.3100004196167
2013-10-29,13.25,13.630000114440918,13.0600004196167,13.40999984741211
2013-10-30,13.720000267028809,14.350000381469727,13.640000343322754,13.649999618530273
2013-10-31,13.829999923706055,14.020000457763672,13.279999732971191,13.75
2013-11-01,13.460000038146973,13.920000076293945,13.220000267028809,13.279999732971191
2013-11-04,13.350000381469727,13.670000076293945,12.90999984741211,12.930000305175781
2013-11-05,13.220000267028809,13.640000343322754,12.859999656677246,13.270000457763672
2013-11-06,13.010000228881836,13.329999923706055,12.670000076293945,12.670000076293945
2013-11-07,12.989999771118164,14.140000343322754,12.930000305175781,13.90999984741211
2013-11-08,13.760000228881836,13.800000190734863,12.84000015258789,12.899999618530273
2013-11-11,12.850000381469727,12.930000305175781,12.399999618530273,12.529999732971191
2013-11-12,12.800000190734863,13.0600004196167,12.630000114440918,12.819999694824219
2013-11-13,13.350000381469727,13.350000381469727,12.460000038146973,12.520000457763672
2013-11-14,12.800000190734863,12.9399995803833,12.279999732971191,12.369999885559082
2013-11-15,12.119999885559082,12.449999809265137,11.989999771118164,12.1899995803833
2013-11-18,12.40999984741211,13.220000267028809,12.40999984741211,13.100000381469727
2013-11-19,13.029999732971191,13.680000305175781,12.880000114440918,13.390000343322754
2013-11-20,13.5600004196167,13.9399995803833,12.970000267028809,13.399999618530273
2013-11-21,13.09000015258789,13.09000015258789,12.4399995803833,12.65999984741211
2013-11-22,12.6899995803833,12.90999984741211,12.239999771118164,12.260000228881836
2013-11-25,12.550000190734863,12.920000076293945,12.489999771118164,12.789999961853027
2013-11-26,12.84000015258789,12.989999771118164,12.489999771118164,12.8100004196167
2013-11-27,12.8100004196167,12.979999542236328,12.4399995803833,12.979999542236328
2013-11-29,13.0600004196167,13.779999732971191,12.930000305175781,13.699999809265137
2013-12-02,13.90999984741211,14.3100004196167,13.779999732971191,14.229999542236328
2013-12-03,14.739999771118164,15.039999961853027,14.430000305175781,14.550000190734863
2013-12-04,15.029999732971191,15.710000038146973,14.220000267028809,14.699999809265137
2013-12-05,14.819999694824219,15.380000114440918,14.699999809265137,15.079999923706055
2013-12-06,13.970000267028809,14.09000015258789,13.619999885559082,13.789999961853027
2013-12-09,13.970000267028809,14.069999694824219,13.489999771118164,13.489999771118164
2013-12-10,14.140000343322754,14.220000267028809,13.6899995803833,13.90999984741211
2013-12-11,13.979999542236328,15.430000305175781,13.979999542236328,15.420000076293945
2013-12-12,15.4399995803833,16.09000015258789,15.210000038146973,15.539999961853027
2013-12-13,15.170000076293945,15.800000190734863,15.0600004196167,15.760000228881836
2013-12-16,15.640000343322754,16.079999923706055,15.300000190734863,16.030000686645508
2013-12-17,16.040000915527344,16.670000076293945,15.8100004196167,16.209999084472656
2013-12-18,15.949999809265137,16.75,13.739999771118164,13.800000190734863
2013-12-19,13.59000015258789,14.210000038146973,12.890000343322754,14.149999618530273
2013-12-20,13.609999656677246,13.869999885559082,13.119999885559082,13.789999961853027
2013-12-23,13.369999885559082,13.529999732971191,13.020000457763672,13.039999961853027
2013-12-24,12.850000381469727,12.890000343322754,12.479999542236328,12.479999542236328
2013-12-26,12.479999542236328,12.5,11.6899995803833,12.329999923706055
2013-12-27,12.210000038146973,12.59000015258789,12.199999809265137,12.460000038146973
2013-12-30,12.869999885559082,13.579999923706055,12.829999923706055,13.5600004196167
2013-12-31,13.430000305175781,14.350000381469727,13.380000114440918,13.720000267028809
2014-01-02,14.319999694824219,14.59000015258789,14.0,14.229999542236328
2014-01-03,14.0600004196167,14.220000267028809,13.569999694824219,13.760000228881836
2014-01-06,13.40999984741211,14.0,13.220000267028809,13.550000190734863
2014-01-07,12.380000114440918,13.279999732971191,12.15999984741211,12.920000076293945
2014-01-08,13.039999961853027,13.239999771118164,12.859999656677246,12.869999885559082
2014-01-09,12.829999923706055,13.260000228881836,12.829999923706055,12.890000343322754
2014-01-10,12.600000381469727,12.899999618530273,12.140000343322754,12.140000343322754
2014-01-13,12.180000305175781,13.649999618530273,11.819999694824219,13.279999732971191
2014-01-14,12.890000343322754,12.899999618530273,11.960000038146973,12.279999732971191
2014-01-15,12.149999618530273,12.399999618530273,11.8100004196167,12.279999732971191
2014-01-16,12.319999694824219,12.65999984741211,12.279999732971191,12.529999732971191
2014-01-17,12.34000015258789,12.930000305175781,12.039999961853027,12.4399995803833
2014-01-21,12.630000114440918,13.420000076293945,12.609999656677246,12.869999885559082
2014-01-22,12.569999694824219,13.119999885559082,12.550000190734863,12.84000015258789
2014-01-23,13.670000076293945,14.65999984741211,13.670000076293945,13.770000457763672
2014-01-24,14.949999809265137,18.139999389648438,14.920000076293945,18.139999389648438
2014-01-27,17.290000915527344,18.989999771118164,16.850000381469727,17.420000076293945
2014-01-28,17.270000457763672,17.280000686645508,15.800000190734863,15.800000190734863
2014-01-29,17.950000762939453,18.040000915527344,16.709999084472656,17.350000381469727
2014-01-30,16.3700008392334,17.389999389648438,15.960000038146973,17.290000915527344
2014-01-31,18.709999084472656,18.989999771118164,17.270000457763672,18.40999984741211
2014-02-03,18.56999969482422,21.479999542236328,18.34000015258789,21.440000534057617
2014-02-04,19.989999771118164,20.06999969482422,18.440000534057617,19.110000610351562
2014-02-05,19.59000015258789,20.719999313354492,19.1299991607666,19.950000762939453
2014-02-06,19.09000015258789,19.09000015258789,17.09000015258789,17.229999542236328
2014-02-07,16.149999618530273,16.309999465942383,15.09000015258789,15.289999961853027
2014-02-10,15.630000114440918,15.760000228881836,15.100000381469727,15.260000228881836
2014-02-11,15.289999961853027,15.289999961853027,14.079999923706055,14.510000228881836
2014-02-12,14.3100004196167,14.640000343322754,14.020000457763672,14.300000190734863
2014-02-13,15.239999771118164,15.239999771118164,13.979999542236328,14.140000343322754
2014-02-14,14.210000038146973,14.220000267028809,13.4399995803833,13.569999694824219
2014-02-18,13.949999809265137,14.510000228881836,13.770000457763672,13.869999885559082
2014-02-19,14.850000381469727,15.729999542236328,14.119999885559082,15.5
2014-02-20,15.279999732971191,15.800000190734863,14.59000015258789,14.789999961853027
2014-02-21,14.739999771118164,14.789999961853027,14.1899995803833,14.680000305175781
2014-02-24,14.829999923706055,14.829999923706055,13.970000267028809,14.229999542236328
2014-02-25,14.170000076293945,14.829999923706055,13.65999984741211,13.670000076293945
2014-02-26,13.829999923706055,14.539999961853027,13.729999542236328,14.350000381469727
2014-02-27,14.5600004196167,14.6899995803833,13.920000076293945,14.039999961853027
2014-02-28,14.220000267028809,14.789999961853027,13.489999771118164,14.0
2014-03-03,16.469999313354492,16.780000686645508,15.380000114440918,16.0
2014-03-04,14.529999732971191,14.539999961853027,14.0,14.100000381469727
2014-03-05,14.130000114440918,14.319999694824219,13.8100004196167,13.890000343322754
2014-03-06,13.819999694824219,14.420000076293945,13.729999542236328,14.210000038146973
2014-03-07,13.510000228881836,14.430000305175781,13.510000228881836,14.109999656677246
2014-03-10,14.760000228881836,15.279999732971191,14.199999809265137,14.199999809265137
2014-03-11,14.220000267028809,14.930000305175781,13.84000015258789,14.800000190734863
2014-03-12,15.369999885559082,15.640000343322754,14.430000305175781,14.470000267028809
2014-03-13,14.279999732971191,16.65999984741211,14.239999771118164,16.219999313354492
2014-03-14,16.739999771118164,18.219999313354492,16.09000015258789,17.81999969482422
2014-03-17,16.389999389648438,16.399999618530273,15.369999885559082,15.640000343322754
2014-03-18,15.420000076293945,15.470000267028809,14.15999984741211,14.520000457763672
2014-03-19,14.5600004196167,15.949999809265137,13.890000343322754,15.119999885559082
2014-03-20,15.579999923706055,15.619999885559082,14.5,14.520000457763672
2014-03-21,13.960000038146973,15.170000076293945,13.770000457763672,15.0
2014-03-24,14.699999809265137,16.06999969482422,14.5600004196167,15.09000015258789
2014-03-25,14.15999984741211,15.050000190734863,13.960000038146973,14.020000457763672
2014-03-26,13.640000343322754,15.279999732971191,13.460000038146973,14.930000305175781
2014-03-27,15.0,15.630000114440918,14.489999771118164,14.619999885559082
2014-03-28,14.149999618530273,14.859999656677246,13.729999542236328,14.40999984741211
2014-03-31,13.880000114440918,14.15999984741211,13.569999694824219,13.880000114440918
2014-04-01,13.430000305175781,13.5600004196167,13.0600004196167,13.100000381469727
2014-04-02,13.170000076293945,13.350000381469727,12.920000076293945,13.09000015258789
2014-04-03,13.020000457763672,13.699999809265137,13.020000457763672,13.369999885559082
2014-04-04,12.880000114440918,14.550000190734863,12.600000381469727,13.960000038146973
2014-04-07,14.960000038146973,16.010000228881836,14.569999694824219,15.569999694824219
2014-04-08,15.59000015258789,16.200000762939453,14.8100004196167,14.890000343322754
2014-04-09,14.579999923706055,14.9399995803833,13.699999809265137,13.819999694824219
2014-04-10,13.979999542236328,16.3799991607666,13.8100004196167,15.890000343322754
2014-04-11,16.65999984741211,17.850000381469727,15.890000343322754,17.030000686645508
2014-04-14,16.139999389648438,17.399999618530273,16.100000381469727,16.110000610351562
2014-04-15,16.139999389648438,17.5,15.470000267028809,15.609999656677246
2014-04-16,14.890000343322754,15.270000457763672,14.050000190734863,14.180000305175781
2014-04-17,14.09000015258789,14.170000076293945,13.069999694824219,13.359999656677246
2014-04-21,14.100000381469727,14.109999656677246,13.170000076293945,13.25
2014-04-22,13.130000114440918,13.260000228881836,12.899999618530273,13.1899995803833
2014-04-23,13.350000381469727,13.75,13.270000457763672,13.270000457763672
2014-04-24,13.359999656677246,14.079999923706055,13.09000015258789,13.319999694824219
2014-04-25,13.930000305175781,14.670000076293945,13.90999984741211,14.0600004196167
2014-04-28,14.270000457763672,15.279999732971191,13.819999694824219,13.970000267028809
2014-04-29,13.880000114440918,14.239999771118164,13.609999656677246,13.710000038146973
2014-04-30,14.050000190734863,14.180000305175781,13.34000015258789,13.40999984741211
2014-05-01,13.640000343322754,13.75,13.100000381469727,13.25
2014-05-02,13.149999618530273,13.5,12.829999923706055,12.90999984741211
2014-05-05,13.949999809265137,14.199999809265137,13.079999923706055,13.289999961853027
2014-05-06,13.649999618530273,13.899999618530273,13.279999732971191,13.800000190734863
2014-05-07,13.640000343322754,14.489999771118164,13.390000343322754,13.399999618530273
2014-05-08,13.6899995803833,13.880000114440918,12.920000076293945,13.430000305175781
2014-05-09,13.550000190734863,14.029999732971191,12.869999885559082,12.920000076293945
2014-05-12,12.460000038146973,12.579999923706055,11.880000114440918,12.229999542236328
2014-05-13,12.359999656677246,12.739999771118164,12.050000190734863,12.130000114440918
2014-05-14,12.420000076293945,12.510000228881836,12.029999732971191,12.170000076293945
2014-05-15,12.729999542236328,13.770000457763672,12.720000267028809,13.170000076293945
2014-05-16,13.3100004196167,13.65999984741211,12.260000228881836,12.4399995803833
2014-05-19,13.170000076293945,13.210000038146973,12.279999732971191,12.420000076293945
2014-05-20,12.6899995803833,13.300000190734863,12.319999694824219,12.960000038146973
2014-05-21,12.380000114440918,12.460000038146973,11.800000190734863,11.90999984741211
2014-05-22,11.930000305175781,12.09000015258789,11.680000305175781,12.029999732971191
2014-05-23,11.960000038146973,11.970000267028809,11.359999656677246,11.359999656677246
2014-05-27,11.6899995803833,11.84000015258789,11.5,11.510000228881836
2014-05-28,11.600000381469727,11.859999656677246,11.5,11.680000305175781
2014-05-29,11.579999923706055,11.819999694824219,11.40999984741211,11.569999694824219
2014-05-30,11.65999984741211,11.699999809265137,11.319999694824219,11.399999618530273
2014-06-02,11.6899995803833,12.170000076293945,11.289999961853027,11.579999923706055
2014-06-03,12.029999732971191,12.130000114440918,11.720000267028809,11.869999885559082
2014-06-04,12.149999618530273,12.329999923706055,11.90999984741211,12.079999923706055
2014-06-05,12.09000015258789,12.34000015258789,11.4399995803833,11.680000305175781
2014-06-06,11.319999694824219,11.390000343322754,10.729999542236328,10.729999542236328
2014-06-09,11.229999542236328,11.510000228881836,10.989999771118164,11.149999618530273
2014-06-10,11.300000190734863,11.65999984741211,10.930000305175781,10.989999771118164
2014-06-11,11.420000076293945,11.869999885559082,11.1899995803833,11.600000381469727
2014-06-12,11.8100004196167,12.8100004196167,11.710000038146973,12.5600004196167
2014-06-13,12.449999809265137,12.6899995803833,11.890000343322754,12.180000305175781
2014-06-16,12.649999618530273,12.869999885559082,12.279999732971191,12.649999618530273
2014-06-17,12.8100004196167,12.890000343322754,12.0600004196167,12.0600004196167
2014-06-18,11.800000190734863,11.90999984741211,10.569999694824219,10.609999656677246
2014-06-19,10.529999732971191,10.819999694824219,10.420000076293945,10.619999885559082
2014-06-20,10.399999618530273,11.020000457763672,10.34000015258789,10.850000381469727
2014-06-23,11.260000228881836,11.350000381469727,10.920000076293945,10.979999542236328
2014-06-24,11.020000457763672,12.270000457763672,10.869999885559082,12.130000114440918
2014-06-25,12.3100004196167,12.329999923706055,11.369999885559082,11.59000015258789
2014-06-26,11.510000228881836,12.510000228881836,11.5,11.630000114440918
2014-06-27,11.720000267028809,12.039999961853027,11.1899995803833,11.260000228881836
2014-06-30,11.75,11.8100004196167,11.300000190734863,11.569999694824219
2014-07-01,11.279999732971191,11.420000076293945,10.920000076293945,11.149999618530273
2014-07-02,11.180000305175781,11.180000305175781,10.5600004196167,10.819999694824219
2014-07-03,10.470000267028809,10.760000228881836,10.279999732971191,10.319999694824219
2014-07-07,11.149999618530273,11.539999961853027,11.010000228881836,11.329999923706055
2014-07-08,11.720000267028809,12.510000228881836,11.720000267028809,11.979999542236328
2014-07-09,11.739999771118164,12.050000190734863,11.5,11.649999618530273
2014-07-10,13.220000267028809,13.229999542236328,12.050000190734863,12.59000015258789
2014-07-11,12.5,12.680000305175781,12.069999694824219,12.079999923706055
2014-07-14,11.600000381469727,11.829999923706055,11.399999618530273,11.819999694824219
2014-07-15,11.529999732971191,12.470000267028809,11.460000038146973,11.960000038146973
2014-07-16,10.8100004196167,11.449999809265137,10.59000015258789,11.0
2014-07-17,11.350000381469727,15.380000114440918,10.850000381469727,14.539999961853027
2014-07-18,13.34000015258789,13.550000190734863,12.039999961853027,12.0600004196167
2014-07-21,12.850000381469727,13.619999885559082,12.460000038146973,12.8100004196167
2014-07-22,11.970000267028809,12.239999771118164,11.6899995803833,12.239999771118164
2014-07-23,11.539999961853027,12.15999984741211,11.40999984741211,11.520000457763672
2014-07-24,11.430000305175781,12.0600004196167,11.430000305175781,11.84000015258789
2014-07-25,12.029999732971191,12.75,12.029999732971191,12.6899995803833
2014-07-28,12.930000305175781,13.640000343322754,12.539999961853027,12.5600004196167
2014-07-29,12.350000381469727,13.350000381469727,12.119999885559082,13.279999732971191
2014-07-30,12.630000114440918,14.069999694824219,12.529999732971191,13.329999923706055
2014-07-31,14.350000381469727,17.110000610351562,14.260000228881836,16.950000762939453
2014-08-01,16.670000076293945,17.56999969482422,15.520000457763672,17.030000686645508
2014-08-04,16.639999389648438,16.799999237060547,14.6899995803833,15.119999885559082
2014-08-05,15.539999961853027,17.139999389648438,15.100000381469727,16.8700008392334
2014-08-06,17.219999313354492,17.299999237060547,15.699999809265137,16.3700008392334
2014-08-07,15.5,17.25,15.4399995803833,16.65999984741211
2014-08-08,16.43000030517578,17.09000015258789,15.529999732971191,15.770000457763672
2014-08-11,15.15999984741211,15.15999984741211,13.720000267028809,14.229999542236328
2014-08-12,14.420000076293945,14.739999771118164,13.760000228881836,14.130000114440918
2014-08-13,13.569999694824219,13.930000305175781,12.84000015258789,12.899999618530273
2014-08-14,13.050000190734863,13.130000114440918,12.420000076293945,12.420000076293945
2014-08-15,11.90999984741211,14.9399995803833,11.890000343322754,13.149999618530273
2014-08-18,12.850000381469727,12.850000381469727,12.260000228881836,12.319999694824219
2014-08-19,12.140000343322754,12.460000038146973,11.90999984741211,12.210000038146973
2014-08-20,12.229999542236328,12.239999771118164,11.600000381469727,11.779999732971191
2014-08-21,11.930000305175781,13.510000228881836,11.520000457763672,11.760000228881836
2014-08-22,11.880000114440918,12.479999542236328,11.470000267028809,11.470000267028809
2014-08-25,11.579999923706055,11.770000457763672,11.239999771118164,11.699999809265137
2014-08-26,11.329999923706055,11.930000305175781,11.329999923706055,11.630000114440918
2014-08-27,11.6899995803833,11.930000305175781,11.539999961853027,11.779999732971191
2014-08-28,12.380000114440918,12.729999542236328,12.050000190734863,12.050000190734863
2014-08-29,11.859999656677246,12.4399995803833,11.779999732971191,12.09000015258789
2014-09-02,12.319999694824219,13.40999984741211,12.229999542236328,12.25
2014-09-03,12.029999732971191,12.550000190734863,11.90999984741211,12.359999656677246
2014-09-04,12.399999618530273,12.989999771118164,11.699999809265137,12.640000343322754
2014-09-05,12.369999885559082,13.180000305175781,11.960000038146973,12.09000015258789
2014-09-08,12.640000343322754,13.09000015258789,12.399999618530273,12.65999984741211
2014-09-09,12.699999809265137,13.90999984741211,12.699999809265137,13.5
2014-09-10,13.359999656677246,14.0600004196167,12.859999656677246,12.880000114440918
2014-09-11,13.529999732971191,13.670000076293945,12.65999984741211,12.800000190734863
2014-09-12,12.850000381469727,14.270000457763672,12.850000381469727,13.3100004196167
2014-09-15,13.539999961853027,14.1899995803833,13.539999961853027,14.119999885559082
2014-09-16,14.479999542236328,14.529999732971191,12.720000267028809,12.729999542236328
2014-09-17,13.0600004196167,14.529999732971191,11.729999542236328,12.649999618530273
2014-09-18,12.550000190734863,12.579999923706055,11.979999542236328,12.029999732971191
2014-09-19,11.729999542236328,12.609999656677246,11.520000457763672,12.109999656677246
2014-09-22,13.140000343322754,13.979999542236328,13.130000114440918,13.6899995803833
2014-09-23,14.819999694824219,14.9399995803833,13.829999923706055,14.930000305175781
2014-09-24,14.619999885559082,14.930000305175781,13.239999771118164,13.270000457763672
2014-09-25,14.109999656677246,16.690000534057617,14.029999732971191,15.640000343322754
2014-09-26,15.770000457763672,15.979999542236328,14.3100004196167,14.850000381469727
2014-09-29,16.959999084472656,17.079999923706055,15.449999809265137,15.979999542236328
2014-09-30,15.489999771118164,16.43000030517578,15.180000305175781,16.309999465942383
2014-10-01,16.440000534057617,17.559999465942383,16.079999923706055,16.709999084472656
2014-10-02,16.700000762939453,17.979999542236328,15.899999618530273,16.15999984741211
2014-10-03,15.15999984741211,15.430000305175781,14.4399995803833,14.550000190734863
2014-10-06,14.460000038146973,15.770000457763672,14.050000190734863,15.460000038146973
2014-10-07,16.18000030517578,17.459999084472656,15.970000267028809,17.200000762939453
2014-10-08,17.350000381469727,18.030000686645508,14.970000267028809,15.109999656677246
2014-10-09,15.640000343322754,19.3799991607666,15.34000015258789,18.760000228881836
2014-10-10,19.110000610351562,22.059999465942383,18.139999389648438,21.239999771118164
2014-10-13,21.15999984741211,24.639999389648438,20.520000457763672,24.639999389648438
2014-10-14,23.770000457763672,24.549999237060547,21.479999542236328,22.790000915527344
2014-10-15,26.360000610351562,31.059999465942383,24.639999389648438,25.270000457763672
2014-10-16,29.260000228881836,29.40999984741211,24.610000610351562,25.200000762939453
2014-10-17,21.68000030517578,23.079999923706055,20.229999542236328,21.989999771118164
2014-10-20,22.110000610351562,22.15999984741211,18.510000228881836,18.56999969482422
2014-10-21,17.719999313354492,17.75,16.030000686645508,16.079999923706055
2014-10-22,16.059999465942383,18.43000030517578,15.5600004196167,17.8700008392334
2014-10-23,16.06999969482422,17.059999465942383,15.680000305175781,16.530000686645508
2014-10-24,16.43000030517578,18.059999465942383,16.09000015258789,16.110000610351562
2014-10-27,17.239999771118164,17.8700008392334,16.0,16.040000915527344
2014-10-28,15.6899995803833,15.779999732971191,14.390000343322754,14.390000343322754
2014-10-29,14.609999656677246,16.280000686645508,14.1899995803833,15.149999618530273
2014-10-30,15.3100004196167,15.75,14.069999694824219,14.520000457763672
2014-10-31,13.84000015258789,14.829999923706055,13.720000267028809,14.029999732971191
2014-11-03,14.40999984741211,14.989999771118164,14.229999542236328,14.729999542236328
2014-11-04,15.050000190734863,15.930000305175781,14.829999923706055,14.890000343322754
2014-11-05,14.149999618530273,14.989999771118164,14.149999618530273,14.170000076293945
2014-11-06,14.460000038146973,15.079999923706055,13.670000076293945,13.670000076293945
2014-11-07,13.710000038146973,14.15999984741211,13.010000228881836,13.119999885559082
2014-11-10,13.15999984741211,13.25,12.380000114440918,12.670000076293945
2014-11-11,12.710000038146973,13.180000305175781,12.600000381469727,12.920000076293945
2014-11-12,13.760000228881836,13.760000228881836,12.989999771118164,13.020000457763672
2014-11-13,13.329999923706055,14.3100004196167,12.869999885559082,13.789999961853027
2014-11-14,13.789999961853027,14.149999618530273,13.3100004196167,13.3100004196167
2014-11-17,14.699999809265137,14.729999542236328,13.84000015258789,13.989999771118164
2014-11-18,13.859999656677246,13.989999771118164,13.130000114440918,13.859999656677246
2014-11-19,14.010000228881836,14.779999732971191,13.829999923706055,13.960000038146973
2014-11-20,14.65999984741211,15.739999771118164,13.579999923706055,13.579999923706055
2014-11-21,13.15999984741211,13.800000190734863,12.899999618530273,12.899999618530273
2014-11-24,12.920000076293945,13.020000457763672,12.430000305175781,12.619999885559082
2014-11-25,12.550000190734863,13.020000457763672,12.229999542236328,12.25
2014-11-26,12.270000457763672,12.399999618530273,11.90999984741211,12.069999694824219
2014-11-28,12.640000343322754,13.489999771118164,12.359999656677246,13.329999923706055
2014-12-01,14.15999984741211,14.75,13.9399995803833,14.15999984741211
2014-12-02,14.100000381469727,14.170000076293945,12.850000381469727,12.850000381469727
2014-12-03,12.75,12.880000114440918,12.210000038146973,12.5
2014-12-04,12.699999809265137,13.229999542236328,12.09000015258789,12.380000114440918
2014-12-05,12.079999923706055,12.279999732971191,11.529999732971191,11.890000343322754
2014-12-08,13.050000190734863,14.670000076293945,12.550000190734863,14.210000038146973
2014-12-09,16.229999542236328,16.68000030517578,15.119999885559082,15.350000381469727
2014-12-10,15.5600004196167,18.920000076293945,15.399999618530273,18.530000686645508
2014-12-11,17.68000030517578,20.1299991607666,15.9399995803833,20.079999923706055
2014-12-12,20.510000228881836,23.059999465942383,18.34000015258789,21.079999923706055
2014-12-15,19.59000015258789,24.829999923706055,17.770000457763672,20.420000076293945
2014-12-16,23.549999237060547,25.200000762939453,19.600000381469727,23.56999969482422
2014-12-17,23.899999618530273,24.610000610351562,19.260000228881836,19.440000534057617
2014-12-18,17.139999389648438,18.510000228881836,16.06999969482422,16.809999465942383
2014-12-19,16.56999969482422,17.200000762939453,16.110000610351562,16.489999771118164
2014-12-22,16.31999969482422,16.8799991607666,15.029999732971191,15.25
2014-12-23,14.470000267028809,15.210000038146973,14.319999694824219,14.800000190734863
2014-12-24,14.520000457763672,14.539999961853027,14.010000228881836,14.369999885559082
2014-12-26,14.600000381469727,14.84000015258789,14.130000114440918,14.5
2014-12-29,16.040000915527344,16.139999389648438,15.0600004196167,15.0600004196167
2014-12-30,15.899999618530273,16.200000762939453,15.479999542236328,15.920000076293945
2014-12-31,15.90999984741211,19.90999984741211,15.859999656677246,19.200000762939453
2015-01-02,17.760000228881836,20.139999389648438,17.049999237060547,17.790000915527344
2015-01-05,19.190000534057617,21.290000915527344,19.190000534057617,19.920000076293945
2015-01-06,20.329999923706055,22.899999618530273,19.520000457763672,21.1200008392334
2015-01-07,20.149999618530273,20.719999313354492,19.040000915527344,19.309999465942383
2015-01-08,17.93000030517578,18.09000015258789,16.989999771118164,17.010000228881836
2015-01-09,16.440000534057617,18.420000076293945,16.440000534057617,17.549999237060547
2015-01-12,18.020000457763672,20.440000534057617,18.020000457763672,19.600000381469727
2015-01-13,18.209999084472656,21.579999923706055,17.649999618530273,20.559999465942383
2015-01-14,22.8700008392334,23.34000015258789,21.31999969482422,21.479999542236328
2015-01-15,21.229999542236328,23.309999465942383,20.860000610351562,22.389999389648438
2015-01-16,22.799999237060547,23.43000030517578,20.950000762939453,20.950000762939453
2015-01-20,20.06999969482422,21.3700008392334,19.579999923706055,19.889999389648438
2015-01-21,20.920000076293945,21.280000686645508,18.639999389648438,18.850000381469727
2015-01-22,17.979999542236328,19.229999542236328,16.06999969482422,16.399999618530273
2015-01-23,16.790000915527344,17.09000015258789,15.8100004196167,16.65999984741211
2015-01-26,16.959999084472656,17.43000030517578,15.520000457763672,15.520000457763672
2015-01-27,17.600000381469727,18.40999984741211,16.670000076293945,17.219999313354492
2015-01-28,16.969999313354492,20.440000534057617,16.920000076293945,20.440000534057617
2015-01-29,20.459999084472656,21.559999465942383,18.65999984741211,18.760000228881836
2015-01-30,20.229999542236328,22.18000030517578,19.239999771118164,20.969999313354492
2015-02-02,20.889999389648438,22.809999465942383,19.350000381469727,19.43000030517578
2015-02-03,18.40999984741211,18.889999389648438,17.200000762939453,17.329999923706055
2015-02-04,17.81999969482422,18.3799991607666,16.81999969482422,18.329999923706055
2015-02-05,17.290000915527344,17.43000030517578,16.670000076293945,16.850000381469727
2015-02-06,16.290000915527344,18.739999771118164,16.059999465942383,17.290000915527344
2015-02-09,19.15999984741211,19.280000686645508,18.209999084472656,18.549999237060547
2015-02-10,17.719999313354492,18.360000610351562,16.969999313354492,17.229999542236328
2015-02-11,17.43000030517578,17.809999465942383,16.81999969482422,16.959999084472656
2015-02-12,16.389999389648438,16.469999313354492,15.279999732971191,15.34000015258789
2015-02-13,15.109999656677246,15.640000343322754,14.6899995803833,14.6899995803833
2015-02-17,15.850000381469727,16.329999923706055,15.529999732971191,15.800000190734863
2015-02-18,16.739999771118164,16.739999771118164,15.4399995803833,15.449999809265137
2015-02-19,16.110000610351562,16.219999313354492,15.100000381469727,15.289999961853027
2015-02-20,15.729999542236328,16.290000915527344,14.270000457763672,14.300000190734863
2015-02-23,15.050000190734863,15.479999542236328,14.489999771118164,14.5600004196167
2015-02-24,14.5,14.630000114440918,13.529999732971191,13.6899995803833
2015-02-25,13.640000343322754,14.0600004196167,12.859999656677246,13.84000015258789
2015-02-26,13.550000190734863,14.569999694824219,13.550000190734863,13.90999984741211
2015-02-27,14.069999694824219,14.170000076293945,13.289999961853027,13.34000015258789
2015-03-02,13.899999618530273,13.899999618530273,12.869999885559082,13.039999961853027
2015-03-03,13.350000381469727,14.6899995803833,13.25,13.859999656677246
2015-03-04,14.279999732971191,14.710000038146973,14.130000114440918,14.229999542236328
2015-03-05,14.010000228881836,14.579999923706055,13.880000114440918,14.039999961853027
2015-03-06,14.609999656677246,15.829999923706055,14.180000305175781,15.199999809265137
2015-03-09,15.720000267028809,15.760000228881836,14.710000038146973,15.0600004196167
2015-03-10,16.469999313354492,16.90999984741211,16.030000686645508,16.690000534057617
2015-03-11,16.440000534057617,17.190000534057617,16.290000915527344,16.8700008392334
2015-03-12,16.450000762939453,16.450000762939453,15.300000190734863,15.420000076293945
2015-03-13,15.470000267028809,16.739999771118164,15.319999694824219,16.0
2015-03-16,15.779999732971191,15.890000343322754,15.359999656677246,15.609999656677246
2015-03-17,16.309999465942383,16.3700008392334,15.65999984741211,15.65999984741211
2015-03-18,14.600000381469727,16.290000915527344,13.380000114440918,13.970000267028809
2015-03-19,14.680000305175781,14.970000267028809,13.84000015258789,14.069999694824219
2015-03-20,13.520000457763672,13.529999732971191,12.539999961853027,13.020000457763672
2015-03-23,13.520000457763672,13.529999732971191,12.890000343322754,13.40999984741211
2015-03-24,13.359999656677246,13.680000305175781,12.59000015258789,13.619999885559082
2015-03-25,13.260000228881836,15.550000190734863,13.199999809265137,15.4399995803833
2015-03-26,16.639999389648438,17.190000534057617,15.229999542236328,15.800000190734863
2015-03-27,15.729999542236328,15.829999923706055,14.1899995803833,15.069999694824219
2015-03-30,14.760000228881836,14.760000228881836,14.079999923706055,14.510000228881836
2015-03-31,14.970000267028809,15.739999771118164,14.329999923706055,15.289999961853027
2015-04-01,15.319999694824219,16.65999984741211,15.079999923706055,15.109999656677246
2015-04-02,15.300000190734863,15.510000228881836,14.270000457763672,14.670000076293945
2015-04-06,15.75,15.760000228881836,14.039999961853027,14.739999771118164
2015-04-07,14.569999694824219,14.8100004196167,14.010000228881836,14.779999732971191
2015-04-08,14.59000015258789,14.770000457763672,13.75,13.979999542236328
2015-04-09,14.140000343322754,14.59000015258789,13.09000015258789,13.09000015258789
2015-04-10,13.199999809265137,13.260000228881836,12.510000228881836,12.579999923706055
2015-04-13,13.170000076293945,14.3100004196167,12.710000038146973,13.9399995803833
2015-04-14,14.34000015258789,14.739999771118164,13.640000343322754,13.670000076293945
2015-04-15,13.579999923706055,13.579999923706055,12.829999923706055,12.84000015258789
2015-04-16,13.270000457763672,13.350000381469727,12.5,12.600000381469727
2015-04-17,13.970000267028809,15.020000457763672,13.729999542236328,13.890000343322754
2015-04-20,13.670000076293945,13.670000076293945,12.829999923706055,13.300000190734863
2015-04-21,12.75,13.510000228881836,12.65999984741211,13.25
2015-04-22,12.970000267028809,13.800000190734863,12.569999694824219,12.710000038146973
2015-04-23,12.960000038146973,12.960000038146973,12.119999885559082,12.479999542236328
2015-04-24,12.210000038146973,13.020000457763672,12.15999984741211,12.289999961853027
2015-04-27,12.34000015258789,13.399999618530273,12.329999923706055,13.119999885559082
2015-04-28,13.260000228881836,14.229999542236328,12.40999984741211,12.40999984741211
2015-04-29,13.4399995803833,14.34000015258789,12.609999656677246,13.390000343322754
2015-04-30,13.890000343322754,15.289999961853027,12.489999771118164,14.550000190734863
2015-05-01,13.979999542236328,13.979999542236328,12.680000305175781,12.699999809265137
2015-05-04,13.119999885559082,13.180000305175781,12.100000381469727,12.850000381469727
2015-05-05,13.210000038146973,14.40999984741211,12.970000267028809,14.3100004196167
2015-05-06,13.930000305175781,16.360000610351562,13.890000343322754,15.149999618530273
2015-05-07,15.479999542236328,15.970000267028809,14.8100004196167,15.130000114440918
2015-05-08,13.359999656677246,13.420000076293945,12.699999809265137,12.859999656677246
2015-05-11,13.350000381469727,13.850000381469727,13.0,13.850000381469727
2015-05-12,14.729999542236328,15.130000114440918,13.729999542236328,13.859999656677246
2015-05-13,13.630000114440918,14.039999961853027,13.0600004196167,13.760000228881836
2015-05-14,13.140000343322754,13.289999961853027,12.720000267028809,12.739999771118164
2015-05-15,12.460000038146973,13.09000015258789,12.350000381469727,12.380000114440918
2015-05-18,13.079999923706055,13.220000267028809,12.550000190734863,12.729999542236328
2015-05-19,12.949999809265137,13.130000114440918,12.550000190734863,12.850000381469727
2015-05-20,12.899999618530273,13.270000457763672,12.619999885559082,12.880000114440918
2015-05-21,13.029999732971191,13.09000015258789,12.09000015258789,12.109999656677246
2015-05-22,12.369999885559082,12.369999885559082,11.819999694824219,12.130000114440918
2015-05-26,13.449999809265137,14.630000114440918,13.34000015258789,14.0600004196167
2015-05-27,14.15999984741211,14.40999984741211,13.050000190734863,13.270000457763672
2015-05-28,13.489999771118164,13.989999771118164,13.3100004196167,13.3100004196167
2015-05-29,13.59000015258789,14.430000305175781,13.399999618530273,13.84000015258789
2015-06-01,13.920000076293945,14.859999656677246,13.470000267028809,13.970000267028809
2015-06-02,14.720000267028809,15.050000190734863,13.59000015258789,14.239999771118164
2015-06-03,13.729999542236328,14.199999809265137,13.399999618530273,13.65999984741211
2015-06-04,14.569999694824219,15.489999771118164,13.989999771118164,14.710000038146973
2015-06-05,15.010000228881836,15.649999618530273,14.210000038146973,14.210000038146973
2015-06-08,14.84000015258789,15.5,14.670000076293945,15.289999961853027
2015-06-09,15.180000305175781,15.739999771118164,14.470000267028809,14.470000267028809
2015-06-10,14.239999771118164,14.369999885559082,12.960000038146973,13.220000267028809
2015-06-11,13.039999961853027,13.220000267028809,12.5600004196167,12.850000381469727
2015-06-12,13.3100004196167,14.020000457763672,13.300000190734863,13.779999732971191
2015-06-15,15.479999542236328,15.569999694824219,14.90999984741211,15.390000343322754
2015-06-16,15.619999885559082,15.619999885559082,14.8100004196167,14.8100004196167
2015-06-17,14.65999984741211,15.489999771118164,14.069999694824219,14.5
2015-06-18,14.029999732971191,14.029999732971191,12.539999961853027,13.1899995803833
2015-06-19,13.350000381469727,14.0,12.960000038146973,13.960000038146973
2015-06-22,13.420000076293945,13.460000038146973,12.430000305175781,12.739999771118164
2015-06-23,12.5,12.680000305175781,11.930000305175781,12.109999656677246
2015-06-24,12.569999694824219,13.329999923706055,12.010000228881836,13.260000228881836
2015-06-25,12.960000038146973,14.15999984741211,12.920000076293945,14.010000228881836
2015-06-26,14.130000114440918,14.90999984741211,13.640000343322754,14.020000457763672
2015-06-29,16.700000762939453,19.5,15.819999694824219,18.850000381469727
2015-06-30,17.600000381469727,19.799999237060547,17.489999771118164,18.229999542236328
2015-07-01,16.6299991607666,17.260000228881836,15.649999618530273,16.09000015258789
2015-07-02,15.430000305175781,17.479999542236328,15.390000343322754,16.790000915527344
2015-07-06,18.649999618530273,18.950000762939453,16.56999969482422,17.010000228881836
2015-07-07,17.219999313354492,19.200000762939453,15.930000305175781,16.09000015258789
2015-07-08,17.3799991607666,19.760000228881836,16.940000534057617,19.65999984741211
2015-07-09,17.459999084472656,20.049999237060547,17.200000762939453,19.969999313354492
2015-07-10,17.450000762939453,18.170000076293945,16.600000381469727,16.829999923706055
2015-07-13,15.289999961853027,15.359999656677246,13.819999694824219,13.899999618530273
2015-07-14,13.90999984741211,13.949999809265137,12.899999618530273,13.369999885559082
2015-07-15,13.350000381469727,13.970000267028809,12.8100004196167,13.229999542236328
2015-07-16,12.59000015258789,12.609999656677246,11.869999885559082,12.109999656677246
2015-07-17,11.770000457763672,12.220000267028809,11.770000457763672,11.949999809265137
2015-07-20,12.25,12.369999885559082,11.710000038146973,12.25
2015-07-21,12.420000076293945,12.789999961853027,12.210000038146973,12.220000267028809
2015-07-22,12.770000457763672,12.829999923706055,12.050000190734863,12.119999885559082
2015-07-23,12.0600004196167,13.079999923706055,11.729999542236328,12.640000343322754
2015-07-24,12.869999885559082,14.729999542236328,12.859999656677246,13.739999771118164
2015-07-27,15.600000381469727,16.270000457763672,15.029999732971191,15.600000381469727
2015-07-28,14.869999885559082,15.619999885559082,13.319999694824219,13.4399995803833
2015-07-29,13.569999694824219,13.59000015258789,11.850000381469727,12.5
2015-07-30,12.720000267028809,13.420000076293945,12.09000015258789,12.130000114440918
2015-07-31,12.029999732971191,12.630000114440918,11.819999694824219,12.119999885559082
2015-08-03,12.850000381469727,13.550000190734863,12.319999694824219,12.5600004196167
2015-08-04,12.65999984741211,13.220000267028809,12.289999961853027,13.0
2015-08-05,12.020000457763672,12.720000267028809,10.880000114440918,12.510000228881836
2015-08-06,12.199999809265137,14.25,12.15999984741211,13.770000457763672
2015-08-07,13.569999694824219,14.579999923706055,13.289999961853027,13.390000343322754
2015-08-10,12.729999542236328,12.779999732971191,12.180000305175781,12.229999542236328
2015-08-11,13.239999771118164,14.329999923706055,13.020000457763672,13.710000038146973
2015-08-12,15.1899995803833,16.280000686645508,13.449999809265137,13.609999656677246
2015-08-13,13.869999885559082,14.329999923706055,13.0600004196167,13.489999771118164
2015-08-14,13.6899995803833,13.869999885559082,12.800000190734863,12.829999923706055
2015-08-17,14.319999694824219,14.520000457763672,13.010000228881836,13.020000457763672
2015-08-18,13.40999984741211,13.9399995803833,13.170000076293945,13.789999961853027
2015-08-19,14.84000015258789,15.960000038146973,13.729999542236328,15.25
2015-08-20,16.549999237060547,19.239999771118164,16.1299991607666,19.139999389648438
2015-08-21,22.549999237060547,28.3799991607666,20.799999237060547,28.030000686645508
2015-08-24,28.030000686645508,53.290000915527344,28.030000686645508,40.7400016784668
2015-08-25,31.1299991607666,38.060001373291016,28.079999923706055,36.02000045776367
2015-08-26,31.1299991607666,35.619998931884766,28.670000076293945,30.31999969482422
2015-08-27,27.110000610351562,29.899999618530273,24.489999771118164,26.100000381469727
2015-08-28,26.690000534057617,29.200000762939453,25.770000457763672,26.049999237060547
2015-08-31,27.030000686645508,29.3700008392334,26.6299991607666,28.43000030517578
2015-09-01,31.90999984741211,33.81999969482422,29.90999984741211,31.399999618530273
2015-09-02,29.139999389648438,30.450000762939453,24.770000457763672,26.09000015258789
2015-09-03,25.209999084472656,26.309999465942383,23.450000762939453,25.610000610351562
2015-09-04,27.43000030517578,29.469999313354492,25.68000030517578,27.799999237060547
2015-09-08,25.049999237060547,26.25,24.1299991607666,24.899999618530273
2015-09-09,22.389999389648438,26.81999969482422,21.510000228881836,26.229999542236328
2015-09-10,26.8700008392334,27.219999313354492,23.530000686645508,24.3700008392334
2015-09-11,25.3799991607666,25.809999465942383,23.149999618530273,23.200000762939453
2015-09-14,24.030000686645508,25.31999969482422,23.639999389648438,24.25
2015-09-15,23.280000686645508,23.770000457763672,22.1299991607666,22.540000915527344
2015-09-16,22.56999969482422,22.940000534057617,21.09000015258789,21.350000381469727
2015-09-17,21.540000915527344,23.329999923706055,17.8700008392334,21.139999389648438
2015-09-18,23.06999969482422,23.989999771118164,20.979999542236328,22.280000686645508
2015-09-21,21.969999313354492,22.479999542236328,20.049999237060547,20.139999389648438
2015-09-22,22.969999313354492,26.290000915527344,22.25,22.440000534057617
2015-09-23,22.09000015258789,23.200000762939453,21.139999389648438,22.1299991607666
2015-09-24,23.530000686645508,25.299999237060547,21.809999465942383,23.469999313354492
2015-09-25,21.1200008392334,24.290000915527344,20.809999465942383,23.6200008392334
2015-09-28,25.020000457763672,28.329999923706055,24.940000534057617,27.6299991607666
2015-09-29,26.56999969482422,28.200000762939453,25.760000228881836,26.829999923706055
2015-09-30,24.639999389648438,25.8799991607666,23.25,24.5
2015-10-01,23.139999389648438,25.229999542236328,22.549999237060547,22.549999237060547
2015-10-02,23.989999771118164,24.469999313354492,20.350000381469727,20.940000534057617
2015-10-05,20.309999465942383,20.420000076293945,19.139999389648438,19.540000915527344
2015-10-06,19.540000915527344,20.31999969482422,18.81999969482422,19.399999618530273
2015-10-07,18.959999084472656,19.729999542236328,18.329999923706055,18.399999618530273
2015-10-08,18.6200008392334,19.020000457763672,16.34000015258789,17.420000076293945
2015-10-09,17.149999618530273,18.200000762939453,16.889999389648438,17.079999923706055
2015-10-12,17.68000030517578,17.809999465942383,16.149999618530273,16.170000076293945
2015-10-13,17.079999923706055,17.700000762939453,16.139999389648438,17.670000076293945
2015-10-14,17.670000076293945,18.780000686645508,17.299999237060547,18.030000686645508
2015-10-15,17.6200008392334,17.850000381469727,16.040000915527344,16.049999237060547
2015-10-16,15.640000343322754,16.860000610351562,15.050000190734863,15.050000190734863
2015-10-19,15.680000305175781,16.229999542236328,14.819999694824219,14.979999542236328
2015-10-20,15.170000076293945,16.34000015258789,14.720000267028809,15.75
2015-10-21,14.979999542236328,16.700000762939453,14.40999984741211,16.700000762939453
2015-10-22,15.020000457763672,15.920000076293945,14.449999809265137,14.449999809265137
2015-10-23,13.460000038146973,15.119999885559082,13.239999771118164,14.460000038146973
2015-10-26,14.760000228881836,15.430000305175781,14.680000305175781,15.289999961853027
2015-10-27,15.75,15.989999771118164,14.779999732971191,15.430000305175781
2015-10-28,15.140000343322754,15.729999542236328,12.800000190734863,14.329999923706055
2015-10-29,14.800000190734863,15.460000038146973,14.329999923706055,14.609999656677246
2015-10-30,14.600000381469727,15.390000343322754,14.0,15.069999694824219
2015-11-02,15.40999984741211,15.510000228881836,13.670000076293945,14.149999618530273
2015-11-03,14.329999923706055,14.729999542236328,13.8100004196167,14.539999961853027
2015-11-04,14.039999961853027,15.880000114440918,13.960000038146973,15.510000228881836
2015-11-05,15.390000343322754,16.389999389648438,15.0,15.050000190734863
2015-11-06,14.90999984741211,16.0,14.319999694824219,14.329999923706055
2015-11-09,15.34000015258789,17.09000015258789,15.140000343322754,16.520000457763672
2015-11-10,16.690000534057617,16.959999084472656,15.239999771118164,15.289999961853027
2015-11-11,15.069999694824219,16.149999618530273,15.020000457763672,16.059999465942383
2015-11-12,17.059999465942383,18.5,16.649999618530273,18.3700008392334
2015-11-13,18.68000030517578,20.670000076293945,18.200000762939453,20.079999923706055
2015-11-16,20.510000228881836,20.549999237060547,17.25,18.15999984741211
2015-11-17,17.81999969482422,19.59000015258789,16.860000610351562,18.84000015258789
2015-11-18,19.010000228881836,19.450000762939453,16.799999237060547,16.850000381469727
2015-11-19,16.25,18.260000228881836,16.0,16.989999771118164
2015-11-20,16.1299991607666,16.3799991607666,15.470000267028809,15.470000267028809
2015-11-23,16.149999618530273,16.739999771118164,15.380000114440918,15.619999885559082
2015-11-24,16.530000686645508,17.209999084472656,15.479999542236328,15.930000305175781
2015-11-25,15.550000190734863,15.890000343322754,15.050000190734863,15.1899995803833
2015-11-27,15.3100004196167,16.09000015258789,15.119999885559082,15.119999885559082
2015-11-30,15.550000190734863,16.56999969482422,15.520000457763672,16.1299991607666
2015-12-01,15.609999656677246,16.34000015258789,14.630000114440918,14.670000076293945
2015-12-02,15.039999961853027,16.489999771118164,14.710000038146973,15.90999984741211
2015-12-03,15.869999885559082,19.350000381469727,15.859999656677246,18.110000610351562
2015-12-04,17.43000030517578,17.649999618530273,14.6899995803833,14.8100004196167
2015-12-07,15.649999618530273,17.18000030517578,15.579999923706055,15.84000015258789
2015-12-08,17.690000534057617,18.329999923706055,16.520000457763672,17.600000381469727
2015-12-09,18.049999237060547,20.1299991607666,15.720000267028809,19.610000610351562
2015-12-10,19.25,19.719999313354492,18.1299991607666,19.34000015258789
2015-12-11,21.360000610351562,25.270000457763672,20.8799991607666,24.389999389648438
2015-12-14,24.700000762939453,26.809999465942383,21.469999313354492,22.729999542236328
2015-12-15,20.760000228881836,21.6200008392334,20.020000457763672,20.950000762939453
2015-12-16,19.25,20.239999771118164,17.1200008392334,17.860000610351562
2015-12-17,16.18000030517578,19.049999237060547,16.1299991607666,18.940000534057617
2015-12-18,19.34000015258789,23.299999237060547,18.75,20.700000762939453
2015-12-21,19.639999389648438,20.209999084472656,18.700000762939453,18.700000762939453
2015-12-22,17.610000610351562,18.219999313354492,16.600000381469727,16.600000381469727
2015-12-23,15.859999656677246,16.25,15.329999923706055,15.569999694824219
2015-12-24,15.4399995803833,15.880000114440918,14.449999809265137,15.739999771118164
2015-12-28,17.649999618530273,18.1299991607666,16.8799991607666,16.90999984741211
2015-12-29,15.90999984741211,16.479999542236328,15.630000114440918,16.079999923706055
2015-12-30,16.5,17.420000076293945,16.5,17.290000915527344
2015-12-31,17.969999313354492,20.389999389648438,17.510000228881836,18.209999084472656
2016-01-04,22.479999542236328,23.360000610351562,20.670000076293945,20.700000762939453
