date,signal_type,right,strike,confidence,confidence_tier,regime,spy_entry,spy_exit,entry_premium,exit_premium,pnl_per_contract,pnl_pct,holding_hours,vix,iv_rank,month
2025-05-14,CALL_SWEEP,C,586.0,0.8303388463494831,HIGH,TREND_UP,580.930419921875,587.465576171875,3.99,5.69,169.95,42.58,48.0,18.6200008392334,13.252702946291523,2025-05
2025-05-15,CALL_SWEEP,C,585.0,0.8587802380823539,HIGH,TREND_UP,583.7679443359375,588.1082153320312,5.4,6.89,149.49,27.7,48.0,17.829999923706055,11.219761917646078,2025-05
2025-05-16,CALL_SWEEP,C,594.0,0.7761072530740233,MEDIUM,TREND_UP,587.465576171875,586.130859375,3.12,2.1,-101.45,-32.53,48.0,17.239999771118164,9.70149087070388,2025-05
2025-05-19,CALL_SWEEP,C,589.0,0.8350952293288061,HIGH,TREND_UP,588.1082153320312,576.2540893554688,5.71,1.51,-285.29,-50.0,48.0,18.139999389648438,12.017495971855075,2025-05
2025-05-20,CALL_SWEEP,C,589.0,0.8357535147714183,HIGH,TREND_UP,586.130859375,576.2540893554688,4.76,1.91,-238.22,-50.0,24.0,18.09000015258789,11.888830930557615,2025-05
2025-05-21,CALL_SWEEP,C,577.0,0.8109572818467021,HIGH,TREND_UP,576.2540893554688,572.5465698242188,6.52,4.15,-236.89,-36.32,48.0,20.8700008392334,19.042718153297862,2025-05
2025-05-22,CALL_SWEEP,C,574.0,0.8124755528936445,HIGH,TREND_UP,576.4814453125,584.4501342773438,8.04,12.24,420.08,52.25,48.0,20.280000686645508,17.524447106355666,2025-05
2025-05-27,CALL_SWEEP,C,587.0,0.8434948756836378,HIGH,TREND_UP,584.4501342773438,583.362548828125,5.16,3.76,-140.17,-27.14,48.0,18.959999084472656,14.127634061976313,2025-05
2025-05-28,CALL_SWEEP,C,578.0,0.8453946473538643,HIGH,TREND_UP,581.06884765625,582.7101440429688,8.13,7.96,-16.24,-2.0,48.0,19.309999465942383,15.028304075828638,2025-05
2025-05-29,CALL_SWEEP,C,591.0,0.7560172852599019,MEDIUM,TREND_UP,583.362548828125,585.9925537109375,3.29,3.06,-23.61,-7.17,48.0,19.18000030517578,14.693772023501223,2025-05
2025-05-30,CALL_SWEEP,C,590.0,0.7887978110175379,MEDIUM,TREND_UP,582.7101440429688,589.3341064453125,3.22,4.72,149.85,46.52,48.0,18.56999969482422,13.124032996737359,2025-05
2025-06-02,CALL_SWEEP,C,588.0,0.8459843221723812,HIGH,TREND_UP,585.9925537109375,589.1759643554688,5.23,5.65,41.48,7.93,48.0,18.360000610351562,12.583633933379987,2025-06
2025-06-03,CALL_SWEEP,C,592.0,0.8591405041245922,HIGH,TREND_UP,589.3341064453125,586.3285522460938,4.76,2.86,-189.3,-39.8,48.0,17.690000534057617,10.85949587540783,2025-06
2025-06-04,CALL_SWEEP,C,589.0,0.8540493517220018,HIGH,TREND_UP,589.1759643554688,592.3495483398438,6.08,6.72,63.79,10.5,48.0,17.610000610351562,10.653628864377874,2025-06
2025-06-05,CALL_SWEEP,C,589.0,0.8296552619701081,HIGH,TREND_UP,586.3285522460938,592.8834228515625,4.98,7.16,217.9,43.78,48.0,18.479999542236328,12.892431995796569,2025-06
2025-06-06,CALL_SWEEP,C,599.0,0.861507977205565,HIGH,TREND_UP,592.3495483398438,596.2449951171875,2.98,3.63,64.73,21.7,48.0,16.770000457763672,8.49202279443497,2025-06
2025-06-09,CALL_SWEEP,C,601.0,0.7901985139172335,MEDIUM,TREND_UP,592.8834228515625,594.5443725585938,2.65,2.37,-27.83,-10.5,48.0,17.15999984741211,9.495623859673923,2025-06
2025-06-10,CALL_SWEEP,C,601.0,0.8287551805151527,HIGH,TREND_UP,596.2449951171875,596.9072265625,3.74,3.39,-34.39,-9.2,48.0,16.950000762939453,8.95522479631655,2025-06
2025-06-11,CALL_SWEEP,C,602.0,0.8417247584975412,HIGH,TREND_UP,594.5443725585938,590.2338256835938,2.89,1.79,-109.98,-38.02,48.0,17.260000228881836,9.752958850525545,2025-06
2025-06-12,CALL_SWEEP,C,602.0,0.7652378446182836,MEDIUM,TREND_UP,596.9072265625,595.8494873046875,3.96,2.94,-101.27,-25.6,48.0,18.020000457763672,11.708697909438492,2025-06
2025-06-13,CALL_SWEEP,C,589.0,0.8110859517962563,HIGH,TREND_UP,590.2338256835938,590.7578735351562,7.69,7.07,-61.77,-8.04,48.0,20.81999969482422,18.9140482037437,2025-06
2025-06-16,CALL_SWEEP,C,594.0,0.8197282420940566,HIGH,TREND_UP,595.8494873046875,590.6688232421875,7.53,4.21,-331.87,-44.07,48.0,19.110000610351562,14.513639002382101,2025-06
2025-06-17,CALL_SWEEP,C,589.0,0.8029433248998309,HIGH,TREND_UP,590.7578735351562,589.2816162109375,8.23,6.0,-222.85,-27.09,48.0,21.600000381469727,20.921255242478313,2025-06
2025-06-18,CALL_SWEEP,C,597.0,0.8166117256365704,HIGH,TREND_UP,590.6688232421875,595.1022338867188,4.1,4.79,68.61,16.74,48.0,20.139999389648438,17.164176155860712,2025-06
2025-06-20,PUT_SWEEP,P,594.0,0.7928060667792065,MEDIUM,RANGE_BOUND,589.2816162109375,601.6764526367188,9.05,1.88,-452.38,-50.0,48.0,20.6200008392334,18.39938313029716,2025-06
2025-06-23,CALL_SWEEP,C,604.0,0.8285323798399911,HIGH,RANGE_BOUND,595.1022338867188,602.0136108398438,3.21,3.95,74.47,23.2,48.0,19.829999923706055,16.366442101651714,2025-06
2025-06-24,CALL_SWEEP,C,597.0,0.7599970089474082,MEDIUM,TREND_UP,601.6764526367188,606.7236328125,8.75,11.34,259.68,29.69,48.0,17.479999542236328,10.319091903793751,2025-06
2025-06-25,CALL_SWEEP,C,605.0,0.858533711195476,HIGH,TREND_UP,602.0136108398438,609.738037109375,4.44,7.62,318.47,71.73,48.0,16.760000228881836,8.466288804524137,2025-06
2025-06-26,CALL_SWEEP,C,613.0,0.8619711792074466,HIGH,TREND_UP,606.7236328125,612.6533813476562,3.18,4.8,162.39,51.11,48.0,16.59000015258789,8.028820792553388,2025-06
2025-06-27,CALL_SWEEP,C,618.0,0.7926659822102691,MEDIUM,TREND_UP,609.738037109375,612.455078125,2.51,2.68,17.81,7.11,48.0,16.31999969482422,7.3340177897310195,2025-06
2025-06-30,CALL_SWEEP,C,618.0,0.8151760794786885,HIGH,TREND_UP,612.6533813476562,615.2315063476562,3.6,3.69,9.06,2.52,48.0,16.729999542236328,8.38908683479164,2025-06
2025-07-01,CALL_SWEEP,C,610.0,0.8053205248969675,HIGH,TREND_UP,612.455078125,620.0803833007812,7.3,11.67,437.29,59.94,48.0,16.829999923706055,8.64642182564326,2025-07
2025-07-02,CALL_SWEEP,C,618.0,0.8414093617337404,HIGH,TREND_UP,615.2315063476562,615.4595336914062,4.62,4.11,-50.47,-10.93,48.0,16.639999389648438,8.157485833850847,2025-07
2025-07-03,CALL_SWEEP,C,622.0,0.8473366829858548,HIGH,TREND_UP,620.0803833007812,615.1224365234375,4.95,2.28,-247.66,-50.0,48.0,16.3799991607666,7.48841682093931,2025-07
2025-07-07,CALL_SWEEP,C,619.0,0.8188831691337406,HIGH,TREND_UP,615.4595336914062,618.8110961914062,4.68,4.7,2.32,0.5,48.0,17.790000915527344,11.116830866259452,2025-07
2025-07-08,CALL_SWEEP,C,621.0,0.813612165603791,HIGH,TREND_UP,615.1224365234375,620.5563354492188,3.46,4.54,108.43,31.36,48.0,16.809999465942383,8.594953845821594,2025-07
2025-07-09,CALL_SWEEP,C,626.0,0.8621215955361659,HIGH,TREND_UP,618.8110961914062,618.3748168945312,2.78,1.99,-79.11,-28.42,48.0,15.9399995803833,6.356148260274545,2025-07
2025-07-10,CALL_SWEEP,C,623.0,0.8624352725493045,HIGH,TREND_UP,620.5563354492188,619.5547485351562,4.52,3.61,-91.24,-20.19,48.0,15.779999732971191,5.944414238214631,2025-07
2025-07-11,CALL_SWEEP,C,611.0,0.7759417458891799,MEDIUM,TREND_UP,618.3748168945312,616.9072875976562,10.39,8.74,-164.68,-15.85,48.0,16.399999618530273,7.5398848007609764,2025-07
2025-07-14,CALL_SWEEP,C,619.0,0.8215532497826517,HIGH,TREND_UP,619.5547485351562,618.9697265625,6.44,5.14,-130.69,-20.29,48.0,17.200000762939453,9.598559819317254,2025-07
2025-07-15,CALL_SWEEP,C,621.0,0.7884650288013437,MEDIUM,TREND_UP,616.9072875976562,622.7576293945312,4.33,5.94,161.07,37.19,48.0,17.3799991607666,10.061756912942128,2025-07
2025-07-16,CALL_SWEEP,C,617.0,0.7946907352255274,MEDIUM,TREND_UP,618.9697265625,622.301513671875,7.19,8.12,92.65,12.88,48.0,17.15999984741211,9.495623859673923,2025-07
2025-07-17,CALL_SWEEP,C,626.0,0.8310510172241085,HIGH,TREND_UP,622.7576293945312,623.4815063476562,4.45,3.86,-58.32,-13.12,48.0,16.520000457763672,7.848687771434265,2025-07
2025-07-18,CALL_SWEEP,C,620.0,0.8548118506170174,HIGH,TREND_UP,622.301513671875,623.5707397460938,7.16,7.02,-13.78,-1.92,48.0,16.40999984741211,7.565618790671809,2025-07
2025-07-21,CALL_SWEEP,C,623.0,0.8459537314376755,HIGH,TREND_UP,623.4815063476562,628.8757934570312,6.25,8.3,204.32,32.67,48.0,16.649999618530273,8.18321982376168,2025-07
2025-07-22,CALL_SWEEP,C,621.0,0.8457587618189253,HIGH,TREND_UP,623.5707397460938,629.083984375,7.36,9.94,257.9,35.05,48.0,16.5,7.797219791612599,2025-07
2025-07-23,CALL_SWEEP,C,634.0,0.8215500487462399,HIGH,TREND_UP,628.8757934570312,631.741455078125,3.38,3.54,16.04,4.75,48.0,15.369999885559082,4.889345193154012,2025-07
2025-07-24,CALL_SWEEP,C,628.0,0.8618420453480142,HIGH,TREND_UP,629.083984375,631.5828247070312,6.19,6.68,49.01,7.91,48.0,15.390000343322754,4.940813172975679,2025-07
2025-07-25,CALL_SWEEP,C,639.0,0.8662429233675107,HIGH,TREND_UP,631.741455078125,629.9168701171875,2.55,1.6,-95.02,-37.21,48.0,14.930000305175781,3.757076632489248,2025-07
2025-07-28,CALL_SWEEP,C,633.0,0.8567082098155828,HIGH,TREND_UP,631.5828247070312,629.1236572265625,4.82,3.03,-179.67,-37.25,48.0,15.029999732971191,4.014409169212518,2025-07
2025-07-29,CALL_SWEEP,C,628.0,0.8268525327850624,HIGH,TREND_UP,629.9168701171875,626.7637329101562,6.87,4.48,-238.26,-34.7,48.0,15.979999542236328,6.4590817657895245,2025-07
2025-07-30,CALL_SWEEP,C,630.0,0.7912877910780105,MEDIUM,TREND_UP,629.1236572265625,616.49072265625,5.22,1.54,-260.85,-50.0,48.0,15.479999542236328,5.172411719788116,2025-07
2025-07-31,CALL_SWEEP,C,632.0,0.8207231020877097,HIGH,TREND_UP,626.7637329101562,616.49072265625,3.76,1.57,-188.22,-50.0,24.0,16.719999313354492,8.363352844880804,2025-07
2025-08-01,PUT_SWEEP,P,611.0,0.8282954106386343,HIGH,RANGE_BOUND,616.49072265625,625.8612670898438,4.31,0.95,-215.57,-50.0,24.0,20.3799991607666,17.78177718895058,2025-08
2025-08-04,CALL_SWEEP,C,630.0,0.8118163671795685,HIGH,RANGE_BOUND,625.8612670898438,627.457763671875,4.45,3.92,-52.67,-11.85,48.0,17.520000457763672,10.422027863437084,2025-08
2025-08-05,PUT_SWEEP,P,617.0,0.8158405926101308,HIGH,RANGE_BOUND,622.6881713867188,627.457763671875,3.5,1.56,-174.84,-50.0,24.0,17.850000381469727,11.271229897467745,2025-08
2025-08-06,PUT_SWEEP,P,631.0,0.783431729015336,MEDIUM,RANGE_BOUND,627.457763671875,631.8207397460938,7.45,3.89,-356.2,-47.82,48.0,16.770000457763672,8.49202279443497,2025-08
2025-08-07,CALL_SWEEP,C,625.0,0.8514142177801489,HIGH,TREND_UP,626.9321899414062,630.5713500976562,7.05,8.32,127.28,18.06,48.0,16.56999969482422,7.9773528127317235,2025-08
2025-08-08,CALL_SWEEP,C,640.0,0.7900080545405689,MEDIUM,TREND_UP,631.8207397460938,637.2844848632812,2.35,3.33,97.41,41.38,48.0,15.149999618530273,4.323209685757454,2025-08
2025-08-11,CALL_SWEEP,C,628.0,0.8493360057755808,HIGH,TREND_UP,630.5713500976562,639.4659423828125,7.34,12.59,524.59,71.48,48.0,16.25,7.153884768611894,2025-08
2025-08-12,CALL_SWEEP,C,642.0,0.866757593349214,HIGH,TREND_UP,637.2844848632812,639.525390625,3.38,3.47,8.85,2.62,48.0,14.729999542236328,3.242406650786002,2025-08
2025-08-13,CALL_SWEEP,C,642.0,0.8009689443823039,HIGH,TREND_UP,639.4659423828125,638.0281372070312,4.2,2.94,-125.38,-29.87,48.0,14.489999771118164,2.6248056176961305,2025-08
2025-08-14,CALL_SWEEP,C,646.0,0.8020033469739329,HIGH,TREND_UP,639.525390625,637.8892822265625,2.83,1.65,-117.6,-41.62,48.0,14.829999923706055,3.499741641637625,2025-08
2025-08-15,CALL_SWEEP,C,641.0,0.8455128374485056,HIGH,TREND_UP,638.0281372070312,634.4286499023438,4.21,2.19,-202.03,-48.02,48.0,15.09000015258789,4.168810654549163,2025-08
2025-08-19,CALL_SWEEP,C,638.0,0.8292298451576527,HIGH,TREND_UP,634.4286499023438,630.2044677734375,4.09,2.07,-201.82,-49.32,48.0,15.569999694824219,5.404012720728906,2025-08
2025-08-20,CALL_SWEEP,C,635.0,0.8258860254552087,HIGH,TREND_UP,632.742919921875,639.8824462890625,4.68,7.38,270.08,57.71,48.0,15.6899995803833,5.712813237273841,2025-08
2025-08-21,CALL_SWEEP,C,631.0,0.7989266713965386,MEDIUM,RANGE_BOUND,630.2044677734375,637.0662231445312,5.66,8.34,268.51,47.47,48.0,16.600000381469727,8.054554782464223,2025-08
2025-08-22,CALL_SWEEP,C,638.0,0.8027002020824796,HIGH,RANGE_BOUND,639.8824462890625,639.733642578125,6.33,5.51,-82.19,-12.99,48.0,14.220000267028809,1.9300050690021133,2025-08
2025-08-25,CALL_SWEEP,C,637.0,0.83804759361642,HIGH,TREND_UP,637.0662231445312,641.1912841796875,5.52,7.09,157.75,28.59,48.0,14.789999961853027,3.396808136122646,2025-08
2025-08-26,CALL_SWEEP,C,646.0,0.8032748285753565,HIGH,TREND_UP,639.733642578125,643.4619750976562,2.83,3.36,52.88,18.7,48.0,14.619999885559082,2.9593401241518995,2025-08
2025-08-27,CALL_SWEEP,C,640.0,0.8508707347596405,HIGH,TREND_UP,641.1912841796875,639.6245727539062,6.17,4.6,-157.42,-25.51,48.0,14.850000381469727,3.551209621459291,2025-08
2025-08-28,CALL_SWEEP,C,644.0,0.8516991134621046,HIGH,TREND_UP,643.4619750976562,634.884765625,5.14,1.9,-256.92,-50.0,48.0,14.430000305175781,2.4704065864878393,2025-08
2025-08-29,CALL_SWEEP,C,644.0,0.8108104174728553,HIGH,TREND_UP,639.6245727539062,638.3255615234375,3.75,2.7,-104.54,-27.91,48.0,15.359999656677246,4.863611203243179,2025-08
2025-09-03,CALL_SWEEP,C,642.0,0.8154008804292813,HIGH,TREND_UP,638.3255615234375,641.796142578125,4.35,4.64,29.16,6.7,48.0,16.350000381469727,7.411219759463518,2025-09
2025-09-04,CALL_SWEEP,C,634.0,0.7765798017568127,MEDIUM,TREND_UP,643.6602783203125,643.3727416992188,11.97,10.97,-99.55,-8.32,48.0,15.300000190734863,4.7092121720348885,2025-09
2025-09-05,CALL_SWEEP,C,640.0,0.8167408178892359,HIGH,TREND_UP,641.796142578125,644.8601684570312,6.63,7.62,98.78,14.9,48.0,15.180000305175781,4.400411655489952,2025-09
2025-09-08,CALL_SWEEP,C,644.0,0.8622344783203397,HIGH,TREND_UP,643.3727416992188,646.724365234375,5.34,6.35,101.61,19.04,48.0,15.109999656677246,4.220276180242475,2025-09
2025-09-09,CALL_SWEEP,C,644.0,0.855209015974047,HIGH,TREND_UP,644.8601684570312,652.0988159179688,6.09,9.93,383.94,63.04,48.0,15.039999961853027,4.0401431591233505,2025-09
2025-09-10,CALL_SWEEP,C,645.0,0.8411084145867521,HIGH,TREND_UP,646.724365234375,651.880615234375,6.69,9.02,232.76,34.79,48.0,15.350000381469727,4.8378796674607,2025-09
2025-09-11,CALL_SWEEP,C,661.0,0.7817155125119657,MEDIUM,TREND_UP,652.0988159179688,655.3511352539062,2.17,2.65,47.5,21.88,48.0,14.710000038146973,3.1909411250926896,2025-09
2025-09-12,CALL_SWEEP,C,654.0,0.852922883674812,HIGH,TREND_UP,651.880615234375,654.4488525390625,4.58,5.43,85.29,18.62,48.0,14.760000228881836,3.3196086205185007,2025-09
2025-09-15,CALL_SWEEP,C,658.0,0.828933128767437,HIGH,TREND_UP,655.3511352539062,653.6357421875,4.71,3.09,-161.99,-34.4,48.0,15.6899995803833,5.712813237273841,2025-09
2025-09-16,CALL_SWEEP,C,659.0,0.7927384848471168,MEDIUM,TREND_UP,654.4488525390625,656.6898193359375,4.15,3.93,-22.46,-5.41,48.0,16.360000610351562,7.43695374937435,2025-09
2025-09-17,CALL_SWEEP,C,656.0,0.8371669987878678,HIGH,TREND_UP,653.6357421875,659.9423217773438,4.83,7.23,240.12,49.71,48.0,15.720000267028809,5.79001520700634,2025-09
2025-09-18,CALL_SWEEP,C,657.0,0.7746116848761221,MEDIUM,TREND_UP,656.6898193359375,663.0645141601562,5.82,8.85,302.76,51.98,48.0,15.699999809265137,5.738547227184674,2025-09
2025-09-19,CALL_SWEEP,C,662.0,0.8533690606207214,HIGH,TREND_UP,659.9423217773438,659.4551391601562,4.93,4.13,-79.3,-16.1,48.0,15.449999809265137,5.09521220418397,2025-09
2025-09-22,CALL_SWEEP,C,660.0,0.7673327025973167,MEDIUM,TREND_UP,663.0645141601562,657.3569946289062,7.88,3.94,-393.81,-50.0,48.0,16.100000381469727,6.767884736462813,2025-09
2025-09-23,CALL_SWEEP,C,664.0,0.823804592764079,HIGH,TREND_UP,659.4551391601562,654.3242797851562,4.3,1.79,-214.99,-50.0,48.0,16.639999389648438,8.157485833850847,2025-09
2025-09-24,CALL_SWEEP,C,658.0,0.7828192611042624,MEDIUM,TREND_UP,657.3569946289062,658.072998046875,5.84,4.94,-89.92,-15.4,48.0,16.18000030517578,6.973751747492771,2025-09
2025-09-25,CALL_SWEEP,C,652.0,0.8288124053625665,HIGH,TREND_UP,654.3242797851562,659.9224243164062,7.59,10.17,258.38,34.04,48.0,16.739999771118164,8.41482082470247,2025-09
2025-09-26,CALL_SWEEP,C,664.0,0.850120270044359,HIGH,TREND_UP,658.072998046875,662.4082641601562,3.31,4.47,116.24,35.14,48.0,15.289999961853027,4.683478182124055,2025-09
2025-09-29,CALL_SWEEP,C,669.0,0.7679797322177,MEDIUM,TREND_UP,659.9224243164062,664.6654663085938,2.61,3.35,73.79,28.26,48.0,16.1200008392334,6.81935271628448,2025-09
2025-09-30,CALL_SWEEP,C,666.0,0.8358004179030804,HIGH,TREND_UP,662.4082641601562,665.4309692382812,4.58,5.09,50.51,11.02,48.0,16.280000686645508,7.231086738344393,2025-09
2025-10-01,CALL_SWEEP,C,671.0,0.8391257244471908,HIGH,TREND_UP,664.6654663085938,665.421142578125,3.56,3.01,-54.92,-15.41,48.0,16.290000915527344,7.256820728255227,2025-10
2025-10-02,CALL_SWEEP,C,665.0,0.8292643816852738,HIGH,TREND_UP,665.4309692382812,667.8074951171875,6.62,6.86,23.72,3.58,48.0,16.6299991607666,8.131751843940014,2025-10
2025-10-03,CALL_SWEEP,C,668.0,0.8355706079040097,HIGH,TREND_UP,665.421142578125,665.3316040039062,5.18,4.31,-86.9,-16.77,48.0,16.649999618530273,8.18321982376168,2025-10
2025-10-06,CALL_SWEEP,C,671.0,0.8443373464083328,HIGH,TREND_UP,667.8074951171875,669.2990112304688,4.83,4.48,-35.32,-7.31,48.0,16.3700008392334,7.462687739285184,2025-10
2025-10-07,CALL_SWEEP,C,672.0,0.8257757943452851,HIGH,TREND_UP,665.3316040039062,667.3600463867188,3.78,3.3,-48.22,-12.76,48.0,17.239999771118164,9.70149087070388,2025-10
2025-10-08,CALL_SWEEP,C,672.0,0.8508434387430639,HIGH,TREND_UP,669.2990112304688,649.32275390625,5.04,0.72,-251.76,-50.0,48.0,16.299999237060547,7.282549809909352,2025-10
2025-10-09,CALL_SWEEP,C,668.0,0.8464315853468987,HIGH,TREND_UP,667.3600463867188,649.32275390625,6.03,1.54,-301.3,-50.0,24.0,16.43000030517578,7.617086770493476,2025-10
2025-10-10,PUT_SWEEP,P,642.0,0.8378413165873528,HIGH,RANGE_BOUND,649.32275390625,659.2860107421875,4.42,1.05,-220.75,-50.0,24.0,21.65999984741211,21.075654273686602,2025-10
2025-10-13,PUT_SWEEP,P,653.0,0.8120103266023643,HIGH,RANGE_BOUND,659.2860107421875,661.4039916992188,4.0,2.88,-112.62,-28.12,48.0,19.030000686645508,14.307771991352142,2025-10
2025-10-14,PUT_SWEEP,P,656.0,0.8271401250008424,HIGH,RANGE_BOUND,658.4805908203125,656.899658203125,6.13,7.12,99.36,16.22,48.0,20.809999465942383,18.888314213832867,2025-10
2025-10-15,PUT_SWEEP,P,656.0,0.8212325763983991,HIGH,RANGE_BOUND,661.4039916992188,660.62841796875,4.9,4.18,-71.53,-14.61,48.0,20.639999389648438,18.45084620186212,2025-10
2025-10-16,PUT_SWEEP,P,651.0,0.8164879264665242,HIGH,RANGE_BOUND,656.899658203125,660.62841796875,6.27,3.05,-313.51,-50.0,24.0,25.309999465942383,30.468344627845546,2025-10
2025-10-17,CALL_SWEEP,C,659.0,0.7970313521657267,MEDIUM,RANGE_BOUND,660.62841796875,667.4892578125,8.72,11.08,236.01,27.06,48.0,20.780000686645508,18.811117152357074,2025-10
2025-10-20,CALL_SWEEP,C,674.0,0.8481796930720494,HIGH,TREND_UP,667.499267578125,664.0191040039062,4.2,2.24,-196.57,-46.78,48.0,18.229999542236328,12.249096972795865,2025-10
2025-10-21,CALL_SWEEP,C,672.0,0.8529116763641709,HIGH,TREND_UP,667.4892578125,667.9566650390625,4.83,3.79,-104.07,-21.55,48.0,17.8700008392334,11.32269787728941,2025-10
2025-10-22,CALL_SWEEP,C,663.0,0.847763987103501,HIGH,TREND_UP,664.0191040039062,673.4155883789062,7.64,12.24,460.22,60.24,48.0,18.600000381469727,13.201234966469858,2025-10
2025-10-23,CALL_SWEEP,C,676.0,0.8601441100980879,HIGH,TREND_UP,667.9566650390625,681.3603515625,3.37,8.41,336.73,100.0,48.0,17.299999237060547,9.855889901912171,2025-10
2025-10-24,CALL_SWEEP,C,671.0,0.8625373122607148,HIGH,TREND_UP,673.4155883789062,683.1700439453125,7.69,13.74,604.53,78.6,48.0,16.3700008392334,7.462687739285184,2025-10
2025-10-27,CALL_SWEEP,C,676.0,0.7940298517718746,MEDIUM,TREND_UP,681.3603515625,683.4981689453125,9.36,10.23,87.02,9.3,48.0,15.789999961853027,5.970148228125464,2025-10
2025-10-28,CALL_SWEEP,C,687.0,0.8536775870890667,HIGH,TREND_UP,683.1700439453125,675.98095703125,4.73,1.66,-236.36,-50.0,48.0,16.420000076293945,7.591352780582642,2025-10
2025-10-29,CALL_SWEEP,C,692.0,0.8324263240981095,HIGH,TREND_UP,683.4981689453125,675.98095703125,3.23,1.13,-161.61,-50.0,24.0,16.920000076293945,8.87802282658405,2025-10
2025-10-30,CALL_SWEEP,C,677.0,0.8011235331360245,HIGH,TREND_UP,675.98095703125,679.4711303710938,6.1,7.0,89.96,14.74,48.0,16.90999984741211,8.852288836673218,2025-10
2025-10-31,CALL_SWEEP,C,678.0,0.8219592001812351,HIGH,TREND_UP,678.1983642578125,671.4169921875,6.93,3.4,-346.49,-50.0,48.0,17.440000534057617,10.216160852407127,2025-10
2025-11-03,CALL_SWEEP,C,680.0,0.8358121337177137,HIGH,TREND_UP,679.4711303710938,673.7437133789062,6.47,3.24,-323.24,-49.93,48.0,17.170000076293945,9.521357849584755,2025-11
2025-11-04,CALL_SWEEP,C,681.0,0.8037665633310587,HIGH,TREND_UP,671.4169921875,666.514892578125,3.49,1.5,-174.29,-50.0,48.0,19.0,14.230570021619643,2025-11
2025-11-05,CALL_SWEEP,C,676.0,0.7652862522714602,MEDIUM,TREND_UP,673.7437133789062,667.1710815429688,5.91,2.69,-295.43,-50.0,48.0,18.010000228881836,11.682963919527658,2025-11
2025-11-06,PUT_SWEEP,P,660.0,0.832197559649313,HIGH,RANGE_BOUND,666.514892578125,677.5819091796875,4.15,0.62,-207.6,-50.0,48.0,19.5,15.517240067621053,2025-11
2025-11-07,PUT_SWEEP,P,663.0,0.8288277562551535,HIGH,RANGE_BOUND,667.1710815429688,677.5819091796875,4.89,1.27,-244.5,-50.0,24.0,19.079999923706055,14.436437032649602,2025-11
2025-11-10,CALL_SWEEP,C,675.0,0.8401906354898234,HIGH,RANGE_BOUND,677.5819091796875,679.5108642578125,8.28,8.34,6.82,0.82,48.0,17.600000381469727,10.62789487446704,2025-11
2025-11-11,CALL_SWEEP,C,676.0,0.8457432342181422,HIGH,RANGE_BOUND,679.1329956054688,668.2350463867188,8.49,3.27,-424.65,-50.0,48.0,17.280000686645508,9.80442683034721,2025-11
2025-11-12,CALL_SWEEP,C,686.0,0.7896340164459504,MEDIUM,TREND_UP,679.5108642578125,668.2350463867188,4.07,1.46,-203.4,-50.0,24.0,17.510000228881836,10.396293873526249,2025-11
2025-11-13,PUT_SWEEP,P,665.0,0.8178855893239193,HIGH,RANGE_BOUND,668.2350463867188,661.901123046875,5.61,8.36,274.37,48.87,48.0,20.0,16.80391011362246,2025-11
2025-11-14,PUT_SWEEP,P,671.0,0.7650048491528657,MEDIUM,RANGE_BOUND,668.125732421875,656.3428344726562,8.54,16.79,825.2,96.66,48.0,19.829999923706055,16.366442101651714,2025-11
2025-11-17,PUT_SWEEP,P,668.0,0.8074141884765839,HIGH,RANGE_BOUND,661.901123046875,658.87841796875,11.27,12.49,121.79,10.8,48.0,22.3799991607666,22.928457372956217,2025-11
2025-11-18,PUT_SWEEP,P,649.0,0.8411271234805725,HIGH,TREND_DOWN,656.3428344726562,648.8355712890625,5.5,7.89,238.53,43.37,48.0,24.690000534057617,28.872876519427553,2025-11
2025-11-19,PUT_SWEEP,P,650.0,0.843271706443659,HIGH,TREND_DOWN,658.87841796875,655.2987670898438,4.65,4.65,0.02,0.0,48.0,23.65999984741211,26.222334457692238,2025-11
2025-11-20,PUT_SWEEP,P,645.0,0.8366752462993892,HIGH,HIGH_VOL,648.8355712890625,655.2987670898438,7.4,3.56,-370.21,-50.0,24.0,26.420000076293945,33.32475370061082,2025-11
2025-11-21,PUT_SWEEP,P,649.0,0.8129911998603339,HIGH,TREND_DOWN,655.2987670898438,664.9437866210938,5.45,1.58,-272.41,-50.0,24.0,23.43000030517578,25.6304674145132,2025-11
2025-11-24,PUT_SWEEP,P,660.0,0.7980441854030581,MEDIUM,TREND_DOWN,664.9437866210938,671.1981811523438,5.07,2.12,-253.51,-50.0,24.0,20.520000457763672,18.142048139445535,2025-11
2025-11-25,CALL_SWEEP,C,681.0,0.8257750507989989,HIGH,RANGE_BOUND,671.1981811523438,679.5208129882812,3.27,4.68,140.4,42.87,48.0,18.559999465942383,13.098299006826524,2025-11
2025-11-26,CALL_SWEEP,C,666.0,0.78462909627857,MEDIUM,RANGE_BOUND,675.8318481445312,676.4185180664062,12.88,12.46,-42.22,-3.28,48.0,17.190000534057617,9.57282582940642,2025-11
2025-11-28,CALL_SWEEP,C,677.0,0.8625887802405365,HIGH,TREND_UP,679.5208129882812,677.67138671875,7.8,5.81,-199.38,-25.56,48.0,16.350000381469727,7.411219759463518,2025-11
2025-12-01,CALL_SWEEP,C,685.0,0.8537588839368645,HIGH,TREND_UP,676.4185180664062,680.0180053710938,3.25,3.16,-9.14,-2.81,48.0,17.239999771118164,9.70149087070388,2025-12
2025-12-02,CALL_SWEEP,C,679.0,0.8553608248393059,HIGH,TREND_UP,677.67138671875,680.51513671875,5.85,6.03,18.29,3.13,48.0,16.59000015258789,8.028820792553388,2025-12
2025-12-03,CALL_SWEEP,C,684.0,0.792762276179046,MEDIUM,TREND_UP,680.0180053710938,681.8078002929688,4.51,4.08,-43.32,-9.6,48.0,16.079999923706055,6.716416756641147,2025-12
2025-12-04,CALL_SWEEP,C,680.0,0.8593651971633316,HIGH,TREND_UP,680.51513671875,679.7594604492188,6.5,5.38,-111.82,-17.22,48.0,15.779999732971191,5.944414238214631,2025-12
2025-12-05,CALL_SWEEP,C,679.0,0.8180050394925313,HIGH,TREND_UP,681.8078002929688,679.1727294921875,7.64,5.67,-197.72,-25.86,48.0,15.40999984741211,4.992278698668992,2025-12
2025-12-08,CALL_SWEEP,C,678.0,0.8279808139454294,HIGH,TREND_UP,679.7594604492188,683.6771850585938,7.49,8.64,114.99,15.36,48.0,16.65999984741211,8.208953813672514,2025-12
2025-12-09,CALL_SWEEP,C,683.0,0.798818367974359,MEDIUM,TREND_UP,679.1727294921875,685.26806640625,4.88,6.21,132.84,27.23,48.0,16.93000030517578,8.903756816494884,2025-12
2025-12-10,CALL_SWEEP,C,682.0,0.852523268373377,HIGH,TREND_UP,683.6771850585938,677.9000244140625,7.15,3.37,-357.39,-50.0,48.0,15.770000457763672,5.918682702432151,2025-12
2025-12-11,CALL_SWEEP,C,687.0,0.8664487903785407,HIGH,TREND_UP,685.26806640625,677.9000244140625,5.08,2.23,-253.77,-50.0,24.0,14.850000381469727,3.551209621459291,2025-12
2025-12-12,CALL_SWEEP,C,672.0,0.7750867603998728,MEDIUM,TREND_UP,677.9000244140625,675.0264282226562,9.67,7.08,-258.5,-26.74,48.0,15.739999771118164,5.841480732699653,2025-12
2025-12-15,CALL_SWEEP,C,674.0,0.8176475484457703,HIGH,TREND_UP,676.8758544921875,667.5986938476562,8.04,3.03,-401.85,-50.0,48.0,16.5,7.797219791612599,2025-12
2025-12-16,PUT_SWEEP,P,670.0,0.8195377444245796,HIGH,RANGE_BOUND,675.0264282226562,672.6399536132812,3.72,3.9,17.76,4.77,48.0,16.479999542236328,7.745751811790933,2025-12
2025-12-17,PUT_SWEEP,P,672.0,0.8491333109256247,HIGH,RANGE_BOUND,667.5986938476562,678.7363891601562,8.61,1.97,-430.28,-50.0,48.0,17.6200008392334,10.679362854288705,2025-12
2025-12-18,PUT_SWEEP,P,666.0,0.8253133300809031,HIGH,RANGE_BOUND,672.6399536132812,678.7363891601562,3.28,1.01,-164.04,-50.0,24.0,16.8700008392334,8.749357785286591,2025-12
2025-12-19,CALL_SWEEP,C,669.0,0.7735662525326578,MEDIUM,RANGE_BOUND,678.7363891601562,686.0863037109375,12.16,17.77,560.66,46.09,48.0,14.90999984741211,3.7056086526675824,2025-12
2025-12-22,CALL_SWEEP,C,686.0,0.8017445637294672,HIGH,RANGE_BOUND,682.96484375,688.4996948242188,4.19,5.94,174.92,41.75,48.0,14.079999923706055,1.5697365726355117,2025-12
2025-12-23,CALL_SWEEP,C,689.0,0.8662865395466437,HIGH,TREND_UP,686.0863037109375,688.4298706054688,4.24,4.3,6.35,1.5,48.0,14.0,1.3638695616055547,2025-12
2025-12-24,CALL_SWEEP,C,694.0,0.87,HIGH,TREND_UP,688.4996948242188,685.9765625,3.06,1.74,-131.42,-42.97,48.0,13.470000267028809,0.0,2025-12
2025-12-26,CALL_SWEEP,C,694.0,0.8614268043455565,HIGH,TREND_UP,688.4298706054688,685.138916015625,3.08,1.57,-150.87,-48.99,48.0,13.600000381469727,0.3345345064557687,2025-12
2025-12-29,CALL_SWEEP,C,679.0,0.768604527621534,MEDIUM,TREND_UP,685.9765625,680.062744140625,9.96,5.52,-444.21,-44.59,48.0,14.199999809265137,1.8785370891804476,2025-12
2025-12-30,CALL_SWEEP,C,689.0,0.7872014959070485,MEDIUM,TREND_UP,685.138916015625,681.309326171875,3.96,1.88,-197.96,-50.0,48.0,14.329999923706055,2.213071595636216,2025-12
2025-12-31,CALL_SWEEP,C,684.0,0.8214693813134354,HIGH,TREND_UP,680.062744140625,685.846923828125,4.11,5.98,186.89,45.42,48.0,14.949999809265137,3.808542158182561,2025-12
2026-01-02,CALL_SWEEP,C,689.0,0.829901086339807,HIGH,TREND_UP,681.309326171875,689.92578125,2.66,5.45,265.6,100.0,48.0,14.510000228881836,2.6762735975177967,2026-01
2026-01-05,CALL_SWEEP,C,690.0,0.7601829564718567,MEDIUM,TREND_UP,685.846923828125,687.701904296875,4.06,4.07,0.67,0.17,48.0,14.899999618530273,3.679874662756749,2026-01
2026-01-06,CALL_SWEEP,C,692.0,0.8293841052175054,HIGH,TREND_UP,689.92578125,687.632080078125,4.92,3.25,-166.99,-33.94,48.0,14.75,3.293874630607668,2026-01
2026-01-07,CALL_SWEEP,C,687.0,0.8303051981091585,HIGH,TREND_UP,687.701904296875,692.1796264648438,6.51,7.99,148.33,22.79,48.0,15.380000114440918,4.9150791830648455,2026-01
2026-01-08,CALL_SWEEP,C,690.0,0.8328498509663433,HIGH,TREND_UP,687.632080078125,693.2666625976562,5.03,6.95,191.47,38.04,48.0,15.449999809265137,5.09521220418397,2026-01
2026-01-09,CALL_SWEEP,C,694.0,0.860820575099093,HIGH,TREND_UP,692.1796264648438,691.8804931640625,4.96,4.37,-58.97,-11.9,48.0,14.489999771118164,2.6248056176961305,2026-01
2026-01-12,CALL_SWEEP,C,699.0,0.84357284952023,HIGH,TREND_UP,693.2666625976562,688.479736328125,3.6,1.81,-179.62,-49.84,48.0,15.119999885559082,4.246010170153308,2026-01
2026-01-13,CALL_SWEEP,C,689.0,0.8253257984827529,HIGH,TREND_UP,691.8804931640625,690.3546142578125,7.99,6.04,-194.91,-24.4,48.0,15.979999542236328,6.4590817657895245,2026-01
2026-01-14,CALL_SWEEP,C,693.0,0.7908217402673541,MEDIUM,TREND_UP,688.479736328125,689.7761840820312,4.62,3.84,-77.75,-16.83,48.0,16.75,8.440554814613304,2026-01
2026-01-15,CALL_SWEEP,C,690.0,0.8361428531020851,HIGH,TREND_UP,690.3546142578125,675.7345581054688,6.52,1.73,-326.2,-50.0,48.0,15.84000015258789,6.098815723551276,2026-01
2026-01-16,CALL_SWEEP,C,688.0,0.8373644050337049,HIGH,TREND_UP,689.7761840820312,675.7345581054688,7.29,2.64,-364.61,-50.0,24.0,15.859999656677246,6.150281249244589,2026-01
2026-01-20,PUT_SWEEP,P,671.0,0.7871794782505859,MEDIUM,RANGE_BOUND,675.7345581054688,683.5332641601562,5.11,1.51,-255.62,-50.0,24.0,20.09000015258789,17.03551111456325,2026-01
2026-01-21,PUT_SWEEP,P,677.0,0.8159288434040489,HIGH,RANGE_BOUND,683.5332641601562,687.352783203125,3.41,1.44,-170.73,-50.0,48.0,16.899999618530273,8.826554846762386,2026-01
2026-01-22,CALL_SWEEP,C,690.0,0.8340887912698622,HIGH,RANGE_BOUND,687.103515625,690.84326171875,4.87,5.86,99.65,20.48,48.0,15.640000343322754,5.584148195976383,2026-01
2026-01-23,CALL_SWEEP,C,685.0,0.8331121497766251,HIGH,RANGE_BOUND,687.352783203125,693.5957641601562,7.68,10.95,327.24,42.6,48.0,16.09000015258789,6.742150746551981,2026-01
2026-01-26,CALL_SWEEP,C,693.0,0.8530491549199358,HIGH,TREND_UP,690.84326171875,693.5259399414062,5.42,5.78,35.83,6.61,48.0,16.149999618530273,6.896549777760272,2026-01
2026-01-27,CALL_SWEEP,C,692.0,0.7731912603699991,MEDIUM,TREND_UP,693.5957641601562,692.1497192382812,7.41,5.75,-166.67,-22.48,48.0,16.350000381469727,7.411219759463518,2026-01
2026-01-28,CALL_SWEEP,C,696.0,0.8345081551409097,HIGH,TREND_UP,693.5259399414062,690.0853271484375,5.38,3.32,-206.25,-38.33,48.0,16.350000381469727,7.411219759463518,2026-01
2026-01-29,CALL_SWEEP,C,689.0,0.8286118790649499,HIGH,TREND_UP,692.1497192382812,693.5159912109375,8.48,8.11,-37.5,-4.42,48.0,16.8799991607666,8.77508686694072,2026-01
2026-01-30,CALL_SWEEP,C,687.0,0.815386585808912,HIGH,TREND_UP,690.0853271484375,687.6520385742188,8.63,6.33,-230.33,-26.68,48.0,17.440000534057617,10.216160852407127,2026-01
2026-02-02,CALL_SWEEP,C,697.0,0.847016575011272,HIGH,TREND_UP,693.5159912109375,684.3211059570312,4.94,1.77,-246.86,-50.0,48.0,16.34000015258789,7.385485769552686,2026-02
2026-02-04,PUT_SWEEP,P,686.0,0.8383885402623418,HIGH,RANGE_BOUND,684.3211059570312,688.739013671875,7.61,5.08,-253.35,-33.29,48.0,18.639999389648438,13.304166017856483,2026-02
2026-02-05,PUT_SWEEP,P,671.0,0.848641276745551,HIGH,TREND_DOWN,675.7744750976562,688.739013671875,5.7,1.4,-284.93,-50.0,24.0,21.770000457763672,21.358723254449057,2026-02
2026-02-06,PUT_SWEEP,P,692.0,0.8306622536531807,HIGH,RANGE_BOUND,688.739013671875,690.2349243164062,9.17,6.43,-273.72,-29.85,48.0,20.3700008392334,17.756048107296454,2026-02
2026-02-09,CALL_SWEEP,C,699.0,0.8339550136672971,HIGH,RANGE_BOUND,692.0599975585938,690.075439453125,3.97,2.45,-152.28,-38.33,48.0,17.360000610351562,10.010293841377168,2026-02
2026-02-10,CALL_SWEEP,C,691.0,0.8339619136243164,HIGH,RANGE_BOUND,690.2349243164062,679.41455078125,6.7,2.51,-335.02,-50.0,48.0,17.790000915527344,11.116830866259452,2026-02
2026-02-11,CALL_SWEEP,C,691.0,0.8433440325321969,HIGH,TREND_UP,690.075439453125,679.41455078125,6.57,3.06,-328.38,-50.0,24.0,17.649999618530273,10.756559915764498,2026-02
2026-02-12,PUT_SWEEP,P,687.0,0.7676230899881952,MEDIUM,RANGE_BOUND,679.41455078125,680.9901733398438,11.84,9.65,-219.07,-18.5,48.0,20.81999969482422,18.9140482037437,2026-02
2026-02-13,PUT_SWEEP,P,671.0,0.8443370617475319,HIGH,TREND_DOWN,679.8931884765625,684.4208374023438,3.86,1.59,-192.92,-50.0,48.0,20.600000381469727,18.347915150475494,2026-02
2026-02-17,PUT_SWEEP,P,686.0,0.8214244967107416,HIGH,TREND_DOWN,680.9901733398438,682.61572265625,10.07,8.05,-201.89,-20.05,48.0,20.290000915527344,17.5501810962665,2026-02
2026-02-18,PUT_SWEEP,P,685.0,0.8185629300180095,HIGH,TREND_DOWN,684.4208374023438,687.5523071289062,7.41,4.74,-266.99,-36.02,48.0,19.6200008392334,15.82604303829434,2026-02
2026-02-19,PUT_SWEEP,P,679.0,0.8187350002399909,HIGH,TREND_DOWN,682.61572265625,680.531494140625,5.69,5.74,4.8,0.84,48.0,20.229999542236328,17.3957771568015,2026-02
2026-02-20,CALL_SWEEP,C,685.0,0.8230011567192409,HIGH,RANGE_BOUND,687.5523071289062,685.4779052734375,8.91,6.71,-220.12,-24.69,48.0,19.09000015258789,14.462171022560433,2026-02
2026-02-23,PUT_SWEEP,P,672.0,0.8344486052512966,HIGH,TREND_DOWN,680.531494140625,685.4779052734375,4.12,1.97,-205.88,-50.0,24.0,21.010000228881836,19.402984195536114,2026-02
2026-02-24,PUT_SWEEP,P,689.0,0.7998348384322397,MEDIUM,TREND_DOWN,685.4779052734375,687.422607421875,8.97,6.58,-239.62,-26.7,48.0,19.549999237060547,15.645905108918512,2026-02
2026-02-25,CALL_SWEEP,C,701.0,0.8414383803239645,HIGH,RANGE_BOUND,691.26220703125,684.1216430664062,3.27,1.29,-163.36,-50.0,48.0,17.93000030517578,11.477096908497701,2026-02
2026-02-26,CALL_SWEEP,C,692.0,0.8260357026410962,HIGH,RANGE_BOUND,687.422607421875,684.5106201171875,5.28,3.92,-135.77,-25.7,48.0,18.6299991607666,13.27843202794565,2026-02
2026-02-27,PUT_SWEEP,P,682.0,0.8117839454468398,HIGH,RANGE_BOUND,684.1216430664062,678.4771118164062,6.21,9.14,292.31,47.04,48.0,19.860000610351562,16.443644071384213,2026-02
2026-03-02,PUT_SWEEP,P,679.0,0.8183593420419659,HIGH,RANGE_BOUND,684.5106201171875,683.2639770507812,5.39,4.64,-74.62,-13.85,48.0,21.440000534057617,20.509521220418396,2026-03
2026-03-03,PUT_SWEEP,P,682.0,0.8315532667308903,HIGH,TREND_DOWN,678.4771118164062,679.4544067382812,10.4,8.66,-174.17,-16.75,48.0,23.56999969482422,25.990733456751446,2026-03
2026-03-04,PUT_SWEEP,P,677.0,0.8146798286575773,HIGH,TREND_DOWN,683.2639770507812,670.5487060546875,4.98,12.6,498.47,100.0,48.0,21.149999618530273,19.76325023777436,2026-03
2026-03-05,PUT_SWEEP,P,683.0,0.8324003715637932,HIGH,TREND_DOWN,679.4544067382812,676.4227294921875,10.49,11.54,104.81,9.99,48.0,23.75,26.453935458633026,2026-03
2026-03-06,PUT_SWEEP,P,663.0,0.7517616701834696,MEDIUM,HIGH_VOL,670.5487060546875,676.4227294921875,7.28,3.48,-363.87,-50.0,24.0,29.489999771118164,41.2249069977384,2026-03
2026-03-09,PUT_SWEEP,P,676.0,0.8267449299366288,HIGH,TREND_DOWN,676.4227294921875,674.4879760742188,9.03,8.2,-83.04,-9.2,48.0,25.5,30.957280619637963,2026-03
2026-03-10,PUT_SWEEP,P,675.0,0.8171554749511952,HIGH,TREND_DOWN,675.3356323242188,664.2459106445312,8.84,14.68,583.36,65.97,48.0,24.93000030517578,29.490477552517426,2026-03
2026-03-11,PUT_SWEEP,P,679.0,0.8003766416523352,HIGH,TREND_DOWN,674.4879760742188,660.4862060546875,11.15,20.44,928.78,83.28,48.0,24.229999542236328,27.689137524812775,2026-03
2026-03-12,PUT_SWEEP,P,666.0,0.8296829508075617,HIGH,HIGH_VOL,664.2459106445312,667.2078857421875,10.62,6.53,-408.95,-38.49,48.0,27.290000915527344,35.56356174028622,2026-03
2026-03-13,PUT_SWEEP,P,656.0,0.8346937732505654,HIGH,HIGH_VOL,660.4862060546875,667.2078857421875,7.56,3.44,-378.09,-50.0,24.0,27.190000534057617,35.3062267494346,2026-03
2026-03-16,PUT_SWEEP,P,659.0,0.8041636655744568,HIGH,TREND_DOWN,667.2078857421875,659.6285400390625,4.92,7.22,229.22,46.56,48.0,23.510000228881836,25.836334425543157,2026-03
2026-03-17,PUT_SWEEP,P,668.0,0.8063691163688922,HIGH,TREND_DOWN,668.9630126953125,658.0029907226562,7.51,13.2,568.83,75.73,48.0,22.3700008392334,22.90272829130209,2026-03
2026-03-18,PUT_SWEEP,P,666.0,0.8200977823438012,HIGH,TREND_DOWN,659.6285400390625,648.5700073242188,12.37,19.38,701.03,56.67,48.0,25.09000015258789,29.902211574577343,2026-03
2026-03-19,PUT_SWEEP,P,653.0,0.8164645672018866,HIGH,TREND_DOWN,658.0029907226562,655.3800048828125,6.21,6.67,46.33,7.46,48.0,24.059999465942383,27.251669512842025,2026-03
2026-03-20,PUT_SWEEP,P,654.0,0.8357488422956261,HIGH,HIGH_VOL,648.5700073242188,653.1799926757812,12.26,8.43,-382.72,-31.22,48.0,26.780000686645508,34.25115770437398,2026-03
2026-03-23,PUT_SWEEP,P,657.0,0.8373700493022116,HIGH,HIGH_VOL,655.3800048828125,656.8200073242188,10.01,7.65,-235.66,-23.54,48.0,26.149999618530273,32.62995069778845,2026-03
2026-03-24,PUT_SWEEP,P,656.0,0.8330436942018518,HIGH,HIGH_VOL,653.1799926757812,645.0900268554688,10.91,14.62,370.72,33.98,48.0,26.950000762939453,34.68862571634473,2026-03
2026-03-25,PUT_SWEEP,P,647.0,0.811373122087295,HIGH,TREND_DOWN,656.8200073242188,645.0900268554688,4.85,9.8,485.35,100.0,24.0,25.329999923706055,30.519812607667212,2026-03
2026-03-26,PUT_SWEEP,P,651.0,0.8277707581433441,HIGH,HIGH_VOL,645.0900268554688,631.969970703125,12.72,21.34,861.29,67.69,48.0,27.440000534057617,35.94956177243531,2026-03
2026-03-27,PUT_SWEEP,P,624.0,0.8247606838330491,HIGH,HIGH_VOL,634.0900268554688,650.3400268554688,6.29,0.66,-314.69,-50.0,48.0,31.049999237060547,45.239316166950914,2026-03
