bar_idx,timestamp,signal_type,action,direction,entry_price,stop_loss,take_profit,confidence,adx,rsi,trend_score,trend_label,ema_spread,outcome,exit_price,pnl_points,pnl_dollars,bars_held,month
191,2024-12-16 19:45:00-06:00,EMA21_PB_LONG,BUY,LONG,6150.75,6144.75,6158.75,0.7,28.06014633481463,52.41039309058194,0.0,CHOP_RANGE,8.244592768697987e-06,TIMEOUT,6151.75,1.0,5.0,6,2024-12
192,2024-12-16 20:00:00-06:00,EMA21_PB_LONG,BUY,LONG,6152.0,6146.0,6160.0,0.7,26.33143943905733,55.15711338641339,0.0,CHOP_RANGE,8.562739034945113e-05,TIMEOUT,6151.5,-0.5,-2.5,6,2024-12
194,2024-12-16 20:30:00-06:00,EMA21_PB_LONG,BUY,LONG,6152.25,6146.25,6160.25,0.7,23.127256554938754,55.47276132227074,0.0,CHOP_RANGE,0.00020242691331291888,TIMEOUT,6152.0,-0.25,-1.25,6,2024-12
209,2024-12-17 00:15:00-06:00,TREND_CONT_SHORT,SELL,SHORT,6142.0,6148.0,6134.5,0.7,25.224988022486183,29.355125053558922,0.0,CHOP_RANGE,0.00029631370318679144,TIMEOUT,6136.0,6.0,30.0,6,2024-12
210,2024-12-17 00:30:00-06:00,TREND_CONT_SHORT,SELL,SHORT,6141.75,6147.75,6134.25,0.7,27.404261783184218,28.93015781921919,0.0,CHOP_RANGE,0.000422639848405227,TP_HIT,6134.25,7.5,37.5,6,2024-12
341,2024-12-18 10:15:00-06:00,EMA21_PB_LONG,BUY,LONG,6139.75,6133.75,6147.75,0.7,24.56325469097649,52.49780941706774,0.0,CHOP_RANGE,0.00013512352564121934,TIMEOUT,6138.0,-1.75,-8.75,6,2024-12
342,2024-12-18 10:30:00-06:00,EMA21_PB_LONG,BUY,LONG,6141.5,6135.5,6149.5,0.7,23.60639688068897,54.38951035336586,0.0,CHOP_RANGE,0.0002279165344252321,SL_HIT,6135.5,-6.0,-30.0,4,2024-12
429,2024-12-19 09:15:00-06:00,EMA21_PB_SHORT,SELL,SHORT,5961.25,5967.25,5953.25,0.7,23.50847739679729,39.83716411534492,0.0,CHOP_RANGE,0.0003639139298694778,SL_HIT,5967.25,-6.0,-30.0,1,2024-12
826,2024-12-26 21:15:00-06:00,EMA21_PB_SHORT,SELL,SHORT,6084.0,6090.0,6076.0,0.7,21.572786967571147,39.715248196420305,0.0,CHOP_RANGE,0.00047320831727449246,TIMEOUT,6083.25,0.75,3.75,6,2024-12
1408,2025-01-07 04:45:00-06:00,EMA21_PB_LONG,BUY,LONG,6027.75,6021.75,6035.75,0.7,23.172267647447548,60.828706487500476,0.0,CHOP_RANGE,0.0004916787962214883,SL_HIT,6021.75,-6.0,-30.0,3,2025-01
2177,2025-01-19 21:30:00-06:00,EMA21_PB_LONG,BUY,LONG,6028.75,6022.75,6036.75,0.7,20.4906666469434,50.20193826885223,0.0,CHOP_RANGE,0.000279308646411605,TIMEOUT,6032.25,3.5,17.5,6,2025-01
2262,2025-01-20 23:45:00-06:00,EMA21_PB_SHORT,SELL,SHORT,6039.0,6045.0,6031.0,0.7,30.26147684812278,44.04409888794403,0.0,CHOP_RANGE,0.0004050601477199382,TIMEOUT,6042.0,-3.0,-15.0,6,2025-01
2265,2025-01-21 00:30:00-06:00,EMA21_PB_SHORT,SELL,SHORT,6037.25,6043.25,6029.25,0.7,31.25139611821006,43.00558361409238,0.0,CHOP_RANGE,0.00045014590567445215,SL_HIT,6043.25,-6.0,-30.0,4,2025-01
2273,2025-01-21 02:30:00-06:00,EMA21_PB_LONG,BUY,LONG,6051.5,6045.5,6059.5,0.7,25.57217026942388,59.042433134497294,0.0,CHOP_RANGE,0.00022744908227419064,TP_HIT,6059.5,8.0,40.0,5,2025-01
2431,2025-01-22 20:00:00-06:00,EMA21_PB_SHORT,SELL,SHORT,6112.25,6118.25,6104.25,0.7,25.570806462740357,36.694534701664224,0.0,CHOP_RANGE,0.0004650181594633058,TIMEOUT,6114.25,-2.0,-10.0,6,2025-01
2434,2025-01-22 20:45:00-06:00,EMA21_PB_SHORT,SELL,SHORT,6113.75,6119.75,6105.75,0.7,27.25757789905501,40.57774889739164,0.0,CHOP_RANGE,0.0004976782131279693,TIMEOUT,6116.25,-2.5,-12.5,6,2025-01
2564,2025-01-24 06:15:00-06:00,EMA21_PB_LONG,BUY,LONG,6149.0,6143.0,6157.0,0.7,24.8415136036439,60.168603157104876,0.0,CHOP_RANGE,0.00017540071243788154,SL_HIT,6143.0,-6.0,-30.0,3,2025-01
2566,2025-01-24 06:45:00-06:00,EMA21_PB_LONG,BUY,LONG,6146.0,6140.0,6154.0,0.7,21.985708228263643,52.21184624948357,0.0,CHOP_RANGE,0.00020050578149130637,TIMEOUT,6152.0,6.0,30.0,6,2025-01
2571,2025-01-24 08:00:00-06:00,EMA21_PB_LONG,BUY,LONG,6146.0,6140.0,6154.0,0.7,21.55256651144158,53.03996247473265,0.0,CHOP_RANGE,6.470356364452299e-05,TP_HIT,6154.0,8.0,40.0,2,2025-01
2572,2025-01-24 08:15:00-06:00,EMA21_PB_LONG,BUY,LONG,6152.0,6146.0,6160.0,0.7,21.427438729304026,62.8891756338603,0.0,CHOP_RANGE,0.0002650905020296733,TP_HIT,6160.0,8.0,40.0,2,2025-01
2936,2025-01-30 07:15:00-06:00,EMA21_PB_SHORT,SELL,SHORT,6084.75,6090.75,6076.75,0.7,22.87827598439658,45.46227747153673,0.0,CHOP_RANGE,0.00040705711190502816,SL_HIT,6090.75,-6.0,-30.0,2,2025-01
2937,2025-01-30 07:30:00-06:00,EMA21_PB_SHORT,SELL,SHORT,6081.25,6087.25,6073.25,0.7,23.77884931298543,41.28118482753043,0.0,CHOP_RANGE,0.0004938022128732429,SL_HIT,6087.25,-6.0,-30.0,1,2025-01
2939,2025-01-30 08:00:00-06:00,EMA21_PB_SHORT,SELL,SHORT,6086.75,6092.75,6078.75,0.7,24.112948731160344,49.03197940864281,0.0,CHOP_RANGE,0.0002743628730787116,SL_HIT,6092.75,-6.0,-30.0,2,2025-01
2941,2025-01-30 08:30:00-06:00,EMA21_PB_LONG,BUY,LONG,6094.25,6088.25,6102.25,0.7,24.327940467168773,57.15593579968625,0.0,CHOP_RANGE,4.516500473915538e-05,TP_HIT,6102.25,8.0,40.0,1,2025-01
2942,2025-01-30 08:45:00-06:00,EMA21_PB_LONG,BUY,LONG,6099.25,6093.25,6107.25,0.7,23.885181335013613,61.66126937923549,0.0,CHOP_RANGE,0.00033865333995500735,SL_HIT,6093.25,-6.0,-30.0,1,2025-01
2944,2025-01-30 09:15:00-06:00,EMA21_PB_SHORT,SELL,SHORT,6075.75,6081.75,6067.75,0.7,22.74252270653535,39.74509097090646,0.0,CHOP_RANGE,0.00014323985585391023,SL_HIT,6081.75,-6.0,-30.0,1,2025-01
3396,2025-02-06 07:15:00-06:00,EMA21_PB_LONG,BUY,LONG,6099.0,6093.0,6107.0,0.7,22.119279353042703,57.38455381490705,0.0,CHOP_RANGE,0.00039347361134086154,TIMEOUT,6096.0,-3.0,-15.0,6,2025-02
3431,2025-02-06 17:00:00-06:00,EMA21_PB_LONG,BUY,LONG,6098.25,6092.25,6106.25,0.7,20.07617701765844,53.23111997699811,0.0,CHOP_RANGE,0.0001612043038909876,TIMEOUT,6100.25,2.0,10.0,6,2025-02
3432,2025-02-06 17:15:00-06:00,EMA21_PB_LONG,BUY,LONG,6100.25,6094.25,6108.25,0.7,20.499092743442436,54.87494923312125,0.0,CHOP_RANGE,0.00028460100458870577,TIMEOUT,6103.25,3.0,15.0,6,2025-02
3434,2025-02-06 17:45:00-06:00,EMA21_PB_LONG,BUY,LONG,6100.25,6094.25,6108.25,0.7,21.170608976015846,54.81667933388086,0.0,CHOP_RANGE,0.0004353851581655148,TIMEOUT,6103.0,2.75,13.75,6,2025-02
3626,2025-02-10 19:45:00-06:00,EMA21_PB_SHORT,SELL,SHORT,6076.0,6082.0,6068.0,0.7,26.127448148182086,41.500071053887886,0.0,CHOP_RANGE,0.00046900767847514474,TIMEOUT,6072.25,3.75,18.75,6,2025-02
3750,2025-02-12 03:45:00-06:00,EMA21_PB_SHORT,SELL,SHORT,6082.5,6088.5,6074.5,0.7,21.35237362478008,38.722180688502874,0.0,CHOP_RANGE,0.00040679078111975105,TIMEOUT,6084.75,-2.25,-11.25,6,2025-02
3751,2025-02-12 04:00:00-06:00,EMA21_PB_SHORT,SELL,SHORT,6081.25,6087.25,6073.25,0.7,22.748597048176812,36.36944210049696,0.0,CHOP_RANGE,0.00047558186816286407,SL_HIT,6087.25,-6.0,-30.0,4,2025-02
3753,2025-02-12 04:30:00-06:00,EMA21_PB_SHORT,SELL,SHORT,6083.0,6089.0,6075.0,0.7,23.010957248738595,42.546161660764454,0.0,CHOP_RANGE,0.00044684030305383913,TIMEOUT,6087.0,-4.0,-20.0,6,2025-02
3953,2025-02-14 08:30:00-06:00,EMA21_PB_LONG,BUY,LONG,6139.0,6133.0,6147.0,0.7,25.14153169849852,64.58046136351214,0.0,CHOP_RANGE,0.00017931424925763731,SL_HIT,6133.0,-6.0,-30.0,4,2025-02
3954,2025-02-14 08:45:00-06:00,EMA21_PB_LONG,BUY,LONG,6140.0,6134.0,6148.0,0.7,26.09322008861056,66.04877904166997,0.0,CHOP_RANGE,0.0003631813817085826,SL_HIT,6134.0,-6.0,-30.0,3,2025-02
4265,2025-02-19 22:30:00-06:00,EMA21_PB_SHORT,SELL,SHORT,6145.5,6151.5,6137.5,0.7,21.807371200477274,41.186523603905094,0.0,CHOP_RANGE,0.00041341228393016626,TIMEOUT,6144.5,1.0,5.0,6,2025-02
4266,2025-02-19 22:45:00-06:00,EMA21_PB_SHORT,SELL,SHORT,6145.0,6151.0,6137.0,0.7,23.14685193564191,40.365708573927655,0.0,CHOP_RANGE,0.0004589391671898373,TIMEOUT,6142.75,2.25,11.25,6,2025-02
4288,2025-02-20 04:15:00-06:00,EMA21_PB_LONG,BUY,LONG,6153.5,6147.5,6161.5,0.7,24.122847730180784,65.49328015624721,0.0,CHOP_RANGE,0.0003204794549447119,SL_HIT,6147.5,-6.0,-30.0,5,2025-02
4847,2025-02-28 06:00:00-06:00,EMA21_PB_SHORT,SELL,SHORT,5888.0,5894.0,5880.0,0.7,21.805771320763693,46.52914951610339,0.0,CHOP_RANGE,2.697856673773078e-05,SL_HIT,5894.0,-6.0,-30.0,1,2025-02
4849,2025-02-28 06:30:00-06:00,EMA21_PB_SHORT,SELL,SHORT,5887.0,5893.0,5879.0,0.7,21.504166710523872,45.62658104575871,0.0,CHOP_RANGE,0.0002776363043711539,SL_HIT,5893.0,-6.0,-30.0,2,2025-02
4851,2025-02-28 07:00:00-06:00,EMA21_PB_SHORT,SELL,SHORT,5888.0,5894.0,5880.0,0.7,21.191269597494887,47.18465988186302,0.0,CHOP_RANGE,0.00040206552935443285,SL_HIT,5894.0,-6.0,-30.0,2,2025-02
5069,2025-03-04 15:30:00-06:00,EMA21_PB_SHORT,SELL,SHORT,5819.5,5825.5,5811.5,0.7,25.711177518716237,50.08823874783513,0.0,CHOP_RANGE,0.00031892785907871,SL_HIT,5825.5,-6.0,-30.0,1,2025-03
5100,2025-03-05 00:15:00-06:00,EMA21_PB_SHORT,SELL,SHORT,5819.75,5825.75,5811.75,0.7,20.72387896426201,47.0474295102539,0.0,CHOP_RANGE,8.389245039022379e-05,SL_HIT,5825.75,-6.0,-30.0,1,2025-03
5103,2025-03-05 01:00:00-06:00,EMA21_PB_SHORT,SELL,SHORT,5824.25,5830.25,5816.25,0.7,20.744061951848785,49.94117083561303,0.0,CHOP_RANGE,5.249156944899743e-05,SL_HIT,5830.25,-6.0,-30.0,5,2025-03
5606,2025-03-12 11:45:00-05:00,EMA21_PB_LONG,BUY,LONG,5604.5,5598.5,5612.5,0.7,22.970234753376253,49.91335278995143,0.0,CHOP_RANGE,0.00017765006185216503,TP_HIT,5612.5,8.0,40.0,1,2025-03
5607,2025-03-12 12:00:00-05:00,EMA21_PB_LONG,BUY,LONG,5619.0,5613.0,5627.0,0.7,21.665750634291012,55.92981674899536,0.0,CHOP_RANGE,0.0002910960658280481,SL_HIT,5613.0,-6.0,-30.0,1,2025-03
5679,2025-03-13 07:00:00-05:00,EMA21_PB_SHORT,SELL,SHORT,5576.5,5582.5,5568.5,0.7,25.054287179932434,40.57732905215189,0.0,CHOP_RANGE,0.00035572772780697004,SL_HIT,5582.5,-6.0,-30.0,1,2025-03
5685,2025-03-13 08:30:00-05:00,EMA21_PB_SHORT,SELL,SHORT,5583.5,5589.5,5575.5,0.7,20.420667163808297,45.35936616038146,0.0,CHOP_RANGE,0.00017105059105067657,TP_HIT,5575.5,8.0,40.0,1,2025-03
5934,2025-03-18 01:45:00-05:00,EMA21_PB_LONG,BUY,LONG,5719.5,5713.5,5727.5,0.7,21.071701767186585,53.70453520313165,0.0,CHOP_RANGE,0.00016758979674160064,TP_HIT,5727.5,8.0,40.0,6,2025-03
6158,2025-03-20 11:45:00-05:00,EMA21_PB_SHORT,SELL,SHORT,5717.5,5723.5,5709.5,0.7,27.053937720090197,42.57996065326367,0.0,CHOP_RANGE,8.372782175704986e-05,SL_HIT,5723.5,-6.0,-30.0,1,2025-03
6580,2025-03-27 02:15:00-05:00,EMA21_PB_SHORT,SELL,SHORT,5761.5,5767.5,5753.5,0.7,22.254332398948808,46.66535807875808,0.0,CHOP_RANGE,9.811249793334576e-05,TP_HIT,5753.5,8.0,40.0,3,2025-03
6581,2025-03-27 02:30:00-05:00,EMA21_PB_SHORT,SELL,SHORT,5758.0,5764.0,5750.0,0.7,22.068501653674442,42.237238229475196,0.0,CHOP_RANGE,0.0003083635140229715,TP_HIT,5750.0,8.0,40.0,2,2025-03
7423,2025-04-09 06:00:00-05:00,EMA21_PB_SHORT,SELL,SHORT,4956.75,4962.75,4948.75,0.7,21.17781305202944,42.7495650646705,0.0,CHOP_RANGE,0.00025668786170377536,SL_HIT,4962.75,-6.0,-30.0,1,2025-04
7889,2025-04-16 07:30:00-05:00,EMA21_PB_SHORT,SELL,SHORT,5379.25,5385.25,5371.25,0.7,28.599979681750394,47.70485094119856,0.0,CHOP_RANGE,3.6480357840598485e-05,TP_HIT,5371.25,8.0,40.0,2,2025-04
7890,2025-04-16 07:45:00-05:00,EMA21_PB_SHORT,SELL,SHORT,5376.0,5382.0,5368.0,0.7,26.825678791134322,45.72163441961351,0.0,CHOP_RANGE,0.0002561907596044297,TP_HIT,5368.0,8.0,40.0,1,2025-04
9104,2025-05-06 12:15:00-05:00,EMA21_PB_SHORT,SELL,SHORT,5634.25,5640.25,5626.25,0.7,29.227627435325367,47.977674289705405,0.0,CHOP_RANGE,0.0003016369647870774,TP_HIT,5626.25,8.0,40.0,1,2025-05
9114,2025-05-06 14:45:00-05:00,EMA21_PB_SHORT,SELL,SHORT,5625.5,5631.5,5617.5,0.7,25.34918477998962,44.04194013652068,0.0,CHOP_RANGE,0.0002284146164874391,TP_HIT,5617.5,8.0,40.0,2,2025-05
9835,2025-05-16 11:00:00-05:00,EMA21_PB_LONG,BUY,LONG,5950.75,5944.75,5958.75,0.7,25.964841692664557,55.94949897537073,0.0,CHOP_RANGE,0.0004057486378775588,TP_HIT,5958.75,8.0,40.0,4,2025-05
9976,2025-05-20 00:15:00-05:00,EMA21_PB_LONG,BUY,LONG,5972.25,5966.25,5980.25,0.7,23.038189894143887,53.207728807032254,0.0,CHOP_RANGE,0.00029032323816902757,SL_HIT,5966.25,-6.0,-30.0,2,2025-05
9984,2025-05-20 02:15:00-05:00,EMA21_PB_LONG,BUY,LONG,5969.5,5963.5,5977.5,0.7,24.393061044997562,53.7276860025126,0.0,CHOP_RANGE,0.0002770283806028092,SL_HIT,5963.5,-6.0,-30.0,1,2025-05
10527,2025-05-28 04:00:00-05:00,EMA21_PB_SHORT,SELL,SHORT,5922.25,5928.25,5914.25,0.7,26.916734199954703,39.21956063618208,0.0,CHOP_RANGE,0.00040072031489524657,SL_HIT,5928.25,-6.0,-30.0,4,2025-05
10533,2025-05-28 05:30:00-05:00,EMA21_PB_LONG,BUY,LONG,5938.0,5932.0,5946.0,0.7,27.37473223762392,65.73818421483395,0.0,CHOP_RANGE,0.00012851230864500493,TIMEOUT,5941.25,3.25,16.25,6,2025-05
10886,2025-06-03 01:45:00-05:00,EMA21_PB_LONG,BUY,LONG,5926.5,5920.5,5934.5,0.7,30.509757816356974,49.16864273190488,0.0,CHOP_RANGE,0.00018486568249193513,SL_HIT,5920.5,-6.0,-30.0,2,2025-06
10888,2025-06-03 02:15:00-05:00,EMA21_PB_SHORT,SELL,SHORT,5913.5,5919.5,5905.5,0.7,30.853938537840058,32.275265911431205,0.0,CHOP_RANGE,0.000454488108866607,SL_HIT,5919.5,-6.0,-30.0,1,2025-06
10904,2025-06-03 06:15:00-05:00,EMA21_PB_LONG,BUY,LONG,5934.5,5928.5,5942.5,0.7,26.783005098171614,64.23965213440101,0.0,CHOP_RANGE,0.0004952345856842899,TP_HIT,5942.5,8.0,40.0,4,2025-06
11020,2025-06-04 12:15:00-05:00,EMA21_PB_LONG,BUY,LONG,5992.5,5986.5,6000.5,0.7,22.800373978794656,54.56717510302541,0.0,CHOP_RANGE,0.0002785063762621434,TIMEOUT,5989.5,-3.0,-15.0,6,2025-06
11021,2025-06-04 12:30:00-05:00,EMA21_PB_LONG,BUY,LONG,5992.75,5986.75,6000.75,0.7,21.452702920329383,54.78954818653344,0.0,CHOP_RANGE,0.00039867195306620307,TIMEOUT,5990.25,-2.5,-12.5,6,2025-06
11094,2025-06-05 07:45:00-05:00,EMA21_PB_LONG,BUY,LONG,5991.5,5985.5,5999.5,0.7,21.0154580775327,60.55854540238195,0.0,CHOP_RANGE,0.000302768211450747,SL_HIT,5985.5,-6.0,-30.0,3,2025-06
11432,2025-06-11 00:15:00-05:00,EMA21_PB_SHORT,SELL,SHORT,6027.0,6033.0,6019.0,0.7,21.217327298346145,43.44334356693748,0.0,CHOP_RANGE,0.0004871665439124472,TIMEOUT,6027.25,-0.25,-1.25,6,2025-06
11433,2025-06-11 00:30:00-05:00,EMA21_PB_SHORT,SELL,SHORT,6026.0,6032.0,6018.0,0.7,21.430216776418888,41.58809391709642,0.0,CHOP_RANGE,0.0004985793301923639,SL_HIT,6032.0,-6.0,-30.0,6,2025-06
11446,2025-06-11 03:45:00-05:00,EMA21_PB_LONG,BUY,LONG,6038.0,6032.0,6046.0,0.7,21.269891371691035,65.50887304636481,0.0,CHOP_RANGE,0.0004951220327587464,SL_HIT,6032.0,-6.0,-30.0,4,2025-06
12581,2025-06-27 15:30:00-05:00,EMA21_PB_LONG,BUY,LONG,6218.75,6212.75,6226.75,0.7,33.91649126870738,52.78054023144899,0.0,CHOP_RANGE,3.7587574735564775e-05,TP_HIT,6226.75,8.0,40.0,2,2025-06
12582,2025-06-27 15:45:00-05:00,EMA21_PB_LONG,BUY,LONG,6220.75,6214.75,6228.75,0.7,31.96670095068864,54.212368573398,0.0,CHOP_RANGE,0.0001459114589844045,TP_HIT,6228.75,8.0,40.0,1,2025-06
12670,2025-06-30 14:45:00-05:00,EMA21_PB_LONG,BUY,LONG,6251.5,6245.5,6259.5,0.7,22.34416280516819,61.62192399446377,0.0,CHOP_RANGE,0.00047560920040056164,SL_HIT,6245.5,-6.0,-30.0,1,2025-06
12708,2025-07-01 01:15:00-05:00,EMA21_PB_SHORT,SELL,SHORT,6242.25,6248.25,6234.25,0.7,20.590134817255898,35.94475887717819,0.0,CHOP_RANGE,0.00039727011890055235,SL_HIT,6248.25,-6.0,-30.0,3,2025-07
12709,2025-07-01 01:30:00-05:00,EMA21_PB_SHORT,SELL,SHORT,6242.25,6248.25,6234.25,0.7,21.390291698430886,35.94475887717819,0.0,CHOP_RANGE,0.00043197559323452614,SL_HIT,6248.25,-6.0,-30.0,2,2025-07
12824,2025-07-02 07:15:00-05:00,EMA21_PB_SHORT,SELL,SHORT,6246.5,6252.5,6238.5,0.7,25.76134546348777,33.643156249762725,0.0,CHOP_RANGE,0.00048340140356731596,TP_HIT,6238.5,8.0,40.0,1,2025-07
13317,2025-07-10 00:15:00-05:00,EMA21_PB_SHORT,SELL,SHORT,6292.75,6298.75,6284.75,0.7,27.14089819111466,43.14345861381952,0.0,CHOP_RANGE,0.00029822259603575537,TIMEOUT,6290.5,2.25,11.25,6,2025-07
13318,2025-07-10 00:30:00-05:00,EMA21_PB_SHORT,SELL,SHORT,6291.75,6297.75,6283.75,0.7,27.565196658084695,41.09337628057748,0.0,CHOP_RANGE,0.000321298182750623,TIMEOUT,6289.5,2.25,11.25,6,2025-07
13320,2025-07-10 01:00:00-05:00,EMA21_PB_SHORT,SELL,SHORT,6290.75,6296.75,6282.75,0.7,28.06930941760678,40.15479818093619,0.0,CHOP_RANGE,0.00034196921187411105,TIMEOUT,6293.75,-3.0,-15.0,6,2025-07
13321,2025-07-10 01:15:00-05:00,EMA21_PB_SHORT,SELL,SHORT,6289.5,6295.5,6281.5,0.7,28.960917200634483,37.843267290890466,0.0,CHOP_RANGE,0.000404865421257246,SL_HIT,6295.5,-6.0,-30.0,6,2025-07
13323,2025-07-10 01:45:00-05:00,EMA21_PB_SHORT,SELL,SHORT,6290.5,6296.5,6282.5,0.7,29.722825171225796,40.95670146749461,0.0,CHOP_RANGE,0.0004313914020714876,SL_HIT,6296.5,-6.0,-30.0,5,2025-07
13324,2025-07-10 02:00:00-05:00,EMA21_PB_SHORT,SELL,SHORT,6289.5,6295.5,6281.5,0.7,29.931397863876665,38.8772282624972,0.0,CHOP_RANGE,0.0004637710364890383,SL_HIT,6295.5,-6.0,-30.0,3,2025-07
13330,2025-07-10 03:30:00-05:00,EMA21_PB_LONG,BUY,LONG,6301.0,6295.0,6309.0,0.7,25.427779364502765,65.33990039938554,0.0,CHOP_RANGE,0.00019518375394662234,SL_HIT,6295.0,-6.0,-30.0,4,2025-07
13335,2025-07-10 04:45:00-05:00,EMA21_PB_LONG,BUY,LONG,6298.0,6292.0,6306.0,0.7,22.147091258584922,55.37702039801199,0.0,CHOP_RANGE,0.00030879153434714714,TP_HIT,6306.0,8.0,40.0,6,2025-07
13336,2025-07-10 05:00:00-05:00,EMA21_PB_LONG,BUY,LONG,6299.25,6293.25,6307.25,0.7,21.80873480922124,57.83394903261992,0.0,CHOP_RANGE,0.0003520925791830868,TP_HIT,6307.25,8.0,40.0,6,2025-07
13338,2025-07-10 05:30:00-05:00,EMA21_PB_LONG,BUY,LONG,6301.0,6295.0,6309.0,0.7,21.744472971450826,60.69443189573145,0.0,CHOP_RANGE,0.00043318137028113294,TP_HIT,6309.0,8.0,40.0,4,2025-07
13528,2025-07-14 07:00:00-05:00,EMA21_PB_LONG,BUY,LONG,6283.25,6277.25,6291.25,0.7,21.813219286532604,58.038728789864365,0.0,CHOP_RANGE,0.0004601939998643892,TP_HIT,6291.25,8.0,40.0,5,2025-07
13732,2025-07-16 12:00:00-05:00,EMA21_PB_LONG,BUY,LONG,6297.25,6291.25,6305.25,0.7,25.670991606328315,59.42086570796159,0.0,CHOP_RANGE,0.0004518216936983638,SL_HIT,6291.25,-6.0,-30.0,2,2025-07
13898,2025-07-18 07:30:00-05:00,EMA21_PB_LONG,BUY,LONG,6346.25,6340.25,6354.25,0.7,21.62956742296329,50.05255427111342,0.0,CHOP_RANGE,9.762078290496603e-05,SL_HIT,6340.25,-6.0,-30.0,6,2025-07
13899,2025-07-18 07:45:00-05:00,EMA21_PB_LONG,BUY,LONG,6348.0,6342.0,6356.0,0.7,20.64510831831325,55.25994637386359,0.0,CHOP_RANGE,8.040389530635537e-06,SL_HIT,6342.0,-6.0,-30.0,5,2025-07
13900,2025-07-18 08:00:00-05:00,EMA21_PB_LONG,BUY,LONG,6352.0,6346.0,6360.0,0.7,21.090547617444795,64.39690026589163,0.0,CHOP_RANGE,0.00016222444526174087,SL_HIT,6346.0,-6.0,-30.0,1,2025-07
14639,2025-07-30 08:45:00-05:00,EMA21_PB_SHORT,SELL,SHORT,6409.75,6415.75,6401.75,0.7,20.04992996070997,44.47264587996113,0.0,CHOP_RANGE,0.00017073806463438246,SL_HIT,6415.75,-6.0,-30.0,2,2025-07
14640,2025-07-30 09:00:00-05:00,EMA21_PB_SHORT,SELL,SHORT,6409.25,6415.25,6401.25,0.7,20.788122316477903,43.39609897154762,0.0,CHOP_RANGE,0.0002184163015008811,SL_HIT,6415.25,-6.0,-30.0,1,2025-07
15097,2025-08-06 08:15:00-05:00,EMA21_PB_SHORT,SELL,SHORT,6335.0,6341.0,6327.0,0.7,20.278764793778592,43.02022202547024,0.0,CHOP_RANGE,0.00041083158593094754,SL_HIT,6341.0,-6.0,-30.0,2,2025-08
15379,2025-08-11 09:45:00-05:00,EMA21_PB_SHORT,SELL,SHORT,6409.25,6415.25,6401.25,0.7,20.59328728953757,30.89104493606638,0.0,CHOP_RANGE,0.0004566456818315385,SL_HIT,6415.25,-6.0,-30.0,4,2025-08
15390,2025-08-11 12:30:00-05:00,EMA21_PB_SHORT,SELL,SHORT,6409.0,6415.0,6401.0,0.7,20.239048229182508,39.35524954452185,0.0,CHOP_RANGE,0.00042550920854472237,TP_HIT,6401.0,8.0,40.0,4,2025-08
15433,2025-08-12 00:15:00-05:00,EMA21_PB_SHORT,SELL,SHORT,6400.5,6406.5,6392.5,0.7,20.205959205647122,42.068743798488725,0.0,CHOP_RANGE,0.00015044920101778565,TP_HIT,6392.5,8.0,40.0,1,2025-08
15434,2025-08-12 00:30:00-05:00,EMA21_PB_SHORT,SELL,SHORT,6394.75,6400.75,6386.75,0.7,22.420321901464106,33.663495716664826,0.0,CHOP_RANGE,0.0003911487831410471,SL_HIT,6400.75,-6.0,-30.0,1,2025-08
15453,2025-08-12 05:15:00-05:00,EMA21_PB_SHORT,SELL,SHORT,6398.5,6404.5,6390.5,0.7,20.419240146643602,40.059311236444245,0.0,CHOP_RANGE,0.00039567268353474515,TIMEOUT,6398.0,0.5,2.5,6,2025-08
15455,2025-08-12 05:45:00-05:00,EMA21_PB_SHORT,SELL,SHORT,6398.75,6404.75,6390.75,0.7,21.601223933996337,41.21131529503051,0.0,CHOP_RANGE,0.0004876566105176368,SL_HIT,6404.75,-6.0,-30.0,6,2025-08
15579,2025-08-13 13:45:00-05:00,EMA21_PB_LONG,BUY,LONG,6480.25,6474.25,6488.25,0.7,20.872147294144128,52.533497673703835,0.0,CHOP_RANGE,0.00013871197004746143,TP_HIT,6488.25,8.0,40.0,4,2025-08
15733,2025-08-15 06:15:00-05:00,EMA21_PB_LONG,BUY,LONG,6501.25,6495.25,6509.25,0.7,26.729485870912566,54.55303315580568,0.0,CHOP_RANGE,0.00011946660799631545,SL_HIT,6495.25,-6.0,-30.0,4,2025-08
15846,2025-08-18 11:30:00-05:00,EMA21_PB_SHORT,SELL,SHORT,6462.0,6468.0,6454.0,0.7,21.287832467344217,44.37163453394254,0.0,CHOP_RANGE,0.00044127434022773055,SL_HIT,6468.0,-6.0,-30.0,3,2025-08
15864,2025-08-18 17:00:00-05:00,EMA21_PB_LONG,BUY,LONG,6475.0,6469.0,6483.0,0.7,22.94052451859217,63.58125135469894,0.0,CHOP_RANGE,0.00024965697907188326,TIMEOUT,6470.75,-4.25,-21.25,6,2025-08
15867,2025-08-18 17:45:00-05:00,EMA21_PB_LONG,BUY,LONG,6474.5,6468.5,6482.5,0.7,27.27762682519901,61.18150116465321,0.0,CHOP_RANGE,0.00045975220070708193,SL_HIT,6468.5,-6.0,-30.0,6,2025-08
15869,2025-08-18 18:15:00-05:00,EMA21_PB_LONG,BUY,LONG,6473.0,6467.0,6481.0,0.7,29.595486787294625,57.75098808686301,0.0,CHOP_RANGE,0.0004958057541135238,SL_HIT,6467.0,-6.0,-30.0,4,2025-08
15871,2025-08-18 18:45:00-05:00,EMA21_PB_LONG,BUY,LONG,6471.5,6465.5,6479.5,0.7,29.418307945651033,54.396034401037035,0.0,CHOP_RANGE,0.0004331021919167348,SL_HIT,6465.5,-6.0,-30.0,3,2025-08
15879,2025-08-18 20:45:00-05:00,EMA21_PB_SHORT,SELL,SHORT,6464.0,6470.0,6456.0,0.7,20.77390406020018,41.91425945464247,0.0,CHOP_RANGE,0.00020845912927301393,TIMEOUT,6466.0,-2.0,-10.0,6,2025-08
15881,2025-08-18 21:15:00-05:00,EMA21_PB_SHORT,SELL,SHORT,6463.25,6469.25,6455.25,0.7,20.384657849354063,41.38914418913358,0.0,CHOP_RANGE,0.0002980270520324137,TIMEOUT,6460.0,3.25,16.25,6,2025-08
15883,2025-08-18 21:45:00-05:00,EMA21_PB_SHORT,SELL,SHORT,6460.75,6466.75,6452.75,0.7,21.194703370307757,37.16681989634455,0.0,CHOP_RANGE,0.00044785937063204464,TIMEOUT,6456.75,4.0,20.0,6,2025-08
16155,2025-08-21 20:45:00-05:00,EMA21_PB_SHORT,SELL,SHORT,6390.0,6396.0,6382.0,0.7,20.18603769179436,47.00198545977296,0.0,CHOP_RANGE,0.00040082904105188255,TIMEOUT,6387.0,3.0,15.0,6,2025-08
16160,2025-08-21 22:00:00-05:00,EMA21_PB_SHORT,SELL,SHORT,6386.0,6392.0,6378.0,0.7,20.36608100169299,41.62765370354338,0.0,CHOP_RANGE,0.00041650884499959775,TIMEOUT,6389.25,-3.25,-16.25,6,2025-08
16167,2025-08-21 23:45:00-05:00,EMA21_PB_SHORT,SELL,SHORT,6389.0,6395.0,6381.0,0.7,20.007771674149737,47.60601353909404,0.0,CHOP_RANGE,0.0004954394630080108,TP_HIT,6381.0,8.0,40.0,6,2025-08
16301,2025-08-25 10:15:00-05:00,EMA21_PB_LONG,BUY,LONG,6479.0,6473.0,6487.0,0.7,26.447094165672627,65.24959909560906,0.0,CHOP_RANGE,0.00037673870500103254,TIMEOUT,6479.75,0.75,3.75,6,2025-08
16318,2025-08-25 14:30:00-05:00,EMA21_PB_SHORT,SELL,SHORT,6465.25,6471.25,6457.25,0.7,27.166991119908282,34.79862923179118,0.0,CHOP_RANGE,0.0003472471184322775,TP_HIT,6457.25,8.0,40.0,1,2025-08
16709,2025-08-31 21:15:00-05:00,EMA21_PB_SHORT,SELL,SHORT,6476.25,6482.25,6468.25,0.7,21.756978677972672,39.3292449553854,0.0,CHOP_RANGE,5.7451928541276863e-05,TP_HIT,6468.25,8.0,40.0,4,2025-08
16710,2025-08-31 21:30:00-05:00,EMA21_PB_SHORT,SELL,SHORT,6475.75,6481.75,6467.75,0.7,22.192180863167227,38.64631765652556,0.0,CHOP_RANGE,0.00013048162414340344,TIMEOUT,6470.0,5.75,28.75,6,2025-08
16711,2025-08-31 21:45:00-05:00,EMA21_PB_SHORT,SELL,SHORT,6475.75,6481.75,6467.75,0.7,22.596297177990742,38.64631765652556,0.0,CHOP_RANGE,0.0002739223528853257,TIMEOUT,6469.25,6.5,32.5,6,2025-08
16742,2025-09-01 05:30:00-05:00,EMA21_PB_LONG,BUY,LONG,6480.25,6474.25,6488.25,0.7,21.08740015539835,55.375853479505146,0.0,CHOP_RANGE,0.00032947368530532133,SL_HIT,6474.25,-6.0,-30.0,3,2025-09
16781,2025-09-01 20:15:00-05:00,EMA21_PB_SHORT,SELL,SHORT,6473.25,6479.25,6465.25,0.7,20.150122372345898,47.11395570763413,0.0,CHOP_RANGE,0.0004484541336951292,TP_HIT,6465.25,8.0,40.0,5,2025-09
16783,2025-09-01 20:45:00-05:00,EMA21_PB_SHORT,SELL,SHORT,6469.0,6475.0,6461.0,0.7,20.01796048169596,40.27636513410775,0.0,CHOP_RANGE,0.00046764336539027723,TIMEOUT,6467.5,1.5,7.5,6,2025-09
17182,2025-09-08 04:30:00-05:00,EMA21_PB_LONG,BUY,LONG,6502.75,6496.75,6510.75,0.7,20.1737196175171,55.028276865352474,0.0,CHOP_RANGE,0.00045270320641578463,TIMEOUT,6506.5,3.75,18.75,6,2025-09
17218,2025-09-08 13:30:00-05:00,EMA21_PB_SHORT,SELL,SHORT,6500.75,6506.75,6492.75,0.7,23.323047805083682,47.18200320924975,0.0,CHOP_RANGE,0.00030298274088591857,TP_HIT,6492.75,8.0,40.0,2,2025-09
17219,2025-09-08 13:45:00-05:00,EMA21_PB_SHORT,SELL,SHORT,6500.25,6506.25,6492.25,0.7,23.010692938743706,46.61194957156259,0.0,CHOP_RANGE,0.00030586135429464537,TP_HIT,6492.25,8.0,40.0,1,2025-09
17220,2025-09-08 14:00:00-05:00,EMA21_PB_SHORT,SELL,SHORT,6493.75,6499.75,6485.75,0.7,23.97494581413539,39.86829861355517,0.0,CHOP_RANGE,0.00046641378818538875,SL_HIT,6499.75,-6.0,-30.0,2,2025-09
17647,2025-09-15 05:45:00-05:00,EMA21_PB_LONG,BUY,LONG,6656.25,6650.25,6664.25,0.7,20.632101699352525,63.66051207352202,0.0,CHOP_RANGE,0.0004170266808249077,TP_HIT,6664.25,8.0,40.0,6,2025-09
17822,2025-09-17 03:30:00-05:00,EMA21_PB_SHORT,SELL,SHORT,6659.25,6665.25,6651.25,0.7,25.3119178281825,31.17478777751083,0.0,CHOP_RANGE,0.00033553705449471366,SL_HIT,6665.25,-6.0,-30.0,1,2025-09
17828,2025-09-17 05:00:00-05:00,EMA21_PB_SHORT,SELL,SHORT,6664.25,6670.25,6656.25,0.7,34.00423497402309,44.01728330371778,0.0,CHOP_RANGE,0.0002943753446090699,TIMEOUT,6660.25,4.0,20.0,6,2025-09
17845,2025-09-17 09:15:00-05:00,EMA21_PB_SHORT,SELL,SHORT,6660.25,6666.25,6652.25,0.7,30.446477941373363,38.7603845315645,0.0,CHOP_RANGE,0.0002614424599820738,TIMEOUT,6661.25,-1.0,-5.0,6,2025-09
17849,2025-09-17 10:15:00-05:00,EMA21_PB_SHORT,SELL,SHORT,6658.0,6664.0,6650.0,0.7,25.671149659944735,37.64968207310432,0.0,CHOP_RANGE,0.0004986589196679467,TP_HIT,6650.0,8.0,40.0,5,2025-09
17942,2025-09-18 10:30:00-05:00,EMA21_PB_LONG,BUY,LONG,6702.25,6696.25,6710.25,0.7,23.89966598904495,51.37015943110819,0.0,CHOP_RANGE,0.00038056687431437886,SL_HIT,6696.25,-6.0,-30.0,1,2025-09
17945,2025-09-18 11:15:00-05:00,EMA21_PB_LONG,BUY,LONG,6702.75,6696.75,6710.75,0.7,21.574234895606413,51.938619254362564,0.0,CHOP_RANGE,0.00031777041928841956,TP_HIT,6710.75,8.0,40.0,3,2025-09
18277,2025-09-24 02:15:00-05:00,EMA21_PB_SHORT,SELL,SHORT,6715.5,6721.5,6707.5,0.7,20.31277503467216,38.09859846574434,0.0,CHOP_RANGE,0.00017628130244691745,SL_HIT,6721.5,-6.0,-30.0,2,2025-09
18358,2025-09-24 23:30:00-05:00,EMA21_PB_SHORT,SELL,SHORT,6702.0,6708.0,6694.0,0.7,23.560547242999245,51.04570759188926,0.0,CHOP_RANGE,9.655177158404849e-05,TIMEOUT,6696.75,5.25,26.25,6,2025-09
18359,2025-09-24 23:45:00-05:00,EMA21_PB_SHORT,SELL,SHORT,6700.0,6706.0,6692.0,0.7,22.89430742429908,44.55053501139895,0.0,CHOP_RANGE,1.6685493563493746e-05,TIMEOUT,6694.5,5.5,27.5,6,2025-09
18360,2025-09-25 00:00:00-05:00,EMA21_PB_SHORT,SELL,SHORT,6696.5,6702.5,6688.5,0.7,23.337575709391228,35.93356622794394,0.0,CHOP_RANGE,0.00012879976019826978,TIMEOUT,6691.5,5.0,25.0,6,2025-09
18362,2025-09-25 00:30:00-05:00,EMA21_PB_SHORT,SELL,SHORT,6697.25,6703.25,6689.25,0.7,24.131387791367473,40.29677490307956,0.0,CHOP_RANGE,0.00025930161700152943,TP_HIT,6689.25,8.0,40.0,6,2025-09
18364,2025-09-25 01:00:00-05:00,EMA21_PB_SHORT,SELL,SHORT,6696.75,6702.75,6688.75,0.7,24.4758014268052,40.038609234318244,0.0,CHOP_RANGE,0.0003552507073170278,TP_HIT,6688.75,8.0,40.0,4,2025-09
18365,2025-09-25 01:15:00-05:00,EMA21_PB_SHORT,SELL,SHORT,6694.5,6700.5,6686.5,0.7,25.150507029139863,35.591463479541105,0.0,CHOP_RANGE,0.00045314789424732814,TP_HIT,6686.5,8.0,40.0,3,2025-09
18677,2025-09-30 10:15:00-05:00,EMA21_PB_SHORT,SELL,SHORT,6699.5,6705.5,6691.5,0.7,21.01473746196367,43.420558016830064,0.0,CHOP_RANGE,0.00021354578105698636,SL_HIT,6705.5,-6.0,-30.0,2,2025-09
18678,2025-09-30 10:30:00-05:00,EMA21_PB_SHORT,SELL,SHORT,6697.5,6703.5,6689.5,0.7,22.67640618466865,41.34579014526521,0.0,CHOP_RANGE,0.00037298223521232444,SL_HIT,6703.5,-6.0,-30.0,1,2025-09
18685,2025-09-30 12:15:00-05:00,EMA21_PB_SHORT,SELL,SHORT,6698.0,6704.0,6690.0,0.7,21.355758091116794,43.20350703253648,0.0,CHOP_RANGE,0.00023310286646064163,SL_HIT,6704.0,-6.0,-30.0,2,2025-09
18880,2025-10-02 15:00:00-05:00,EMA21_PB_LONG,BUY,LONG,6767.0,6761.0,6775.0,0.7,20.624163698162086,54.24303763272074,0.0,CHOP_RANGE,0.0002601174321467495,SL_HIT,6761.0,-6.0,-30.0,6,2025-10
18949,2025-10-03 09:15:00-05:00,EMA21_PB_LONG,BUY,LONG,6786.75,6780.75,6794.75,0.7,27.309802170910622,62.46036523155301,0.0,CHOP_RANGE,0.00010995103976490119,TP_HIT,6794.75,8.0,40.0,1,2025-10
18950,2025-10-03 09:30:00-05:00,EMA21_PB_LONG,BUY,LONG,6793.5,6787.5,6801.5,0.7,27.609378535327014,68.84000714043883,0.0,CHOP_RANGE,0.0004602872816994809,SL_HIT,6787.5,-6.0,-30.0,4,2025-10
19106,2025-10-07 02:30:00-05:00,EMA21_PB_SHORT,SELL,SHORT,6778.75,6784.75,6770.75,0.7,21.437208470077362,42.96373544551989,0.0,CHOP_RANGE,0.00031565033954152955,SL_HIT,6784.75,-6.0,-30.0,6,2025-10
19108,2025-10-07 03:00:00-05:00,EMA21_PB_SHORT,SELL,SHORT,6778.25,6784.25,6770.25,0.7,23.231021020764018,42.54207448456324,0.0,CHOP_RANGE,0.0003448093004652324,SL_HIT,6784.25,-6.0,-30.0,4,2025-10
19109,2025-10-07 03:15:00-05:00,EMA21_PB_SHORT,SELL,SHORT,6776.0,6782.0,6768.0,0.7,24.550284885921748,38.19784491078874,0.0,CHOP_RANGE,0.00042216975511590396,SL_HIT,6782.0,-6.0,-30.0,2,2025-10
19194,2025-10-08 01:30:00-05:00,EMA21_PB_SHORT,SELL,SHORT,6760.5,6766.5,6752.5,0.7,21.688953259380675,33.4115501705848,0.0,CHOP_RANGE,0.0004627210690907192,SL_HIT,6766.5,-6.0,-30.0,2,2025-10
19196,2025-10-08 02:00:00-05:00,EMA21_PB_SHORT,SELL,SHORT,6763.25,6769.25,6755.25,0.7,22.5679501647886,42.346326626977685,0.0,CHOP_RANGE,0.00047580511890409565,SL_HIT,6769.25,-6.0,-30.0,2,2025-10
19376,2025-10-10 01:00:00-05:00,EMA21_PB_LONG,BUY,LONG,6792.5,6786.5,6800.5,0.7,20.151638764553226,63.151904165284655,0.0,CHOP_RANGE,0.00018649774703387252,SL_HIT,6786.5,-6.0,-30.0,2,2025-10
19390,2025-10-10 04:30:00-05:00,EMA21_PB_SHORT,SELL,SHORT,6778.5,6784.5,6770.5,0.7,21.334406406309586,36.60534261509341,0.0,CHOP_RANGE,0.00021962008515327057,SL_HIT,6784.5,-6.0,-30.0,6,2025-10
19391,2025-10-10 04:45:00-05:00,EMA21_PB_SHORT,SELL,SHORT,6773.75,6779.75,6765.75,0.7,23.689447597572336,31.168091090006556,0.0,CHOP_RANGE,0.0004653173229299828,SL_HIT,6779.75,-6.0,-30.0,1,2025-10
19721,2025-10-15 19:15:00-05:00,EMA21_PB_SHORT,SELL,SHORT,6710.5,6716.5,6702.5,0.7,22.08673659380219,45.646940500651255,0.0,CHOP_RANGE,0.00026734361992515637,TP_HIT,6702.5,8.0,40.0,1,2025-10
19722,2025-10-15 19:30:00-05:00,EMA21_PB_SHORT,SELL,SHORT,6705.5,6711.5,6697.5,0.7,22.618639253621676,41.973051026478146,0.0,CHOP_RANGE,0.00046665744962644647,SL_HIT,6711.5,-6.0,-30.0,1,2025-10
19729,2025-10-15 21:15:00-05:00,EMA21_PB_SHORT,SELL,SHORT,6709.0,6715.0,6701.0,0.7,21.726728293526193,44.714657504666484,0.0,CHOP_RANGE,0.00040284809018469476,SL_HIT,6715.0,-6.0,-30.0,2,2025-10
19730,2025-10-15 21:30:00-05:00,EMA21_PB_SHORT,SELL,SHORT,6707.75,6713.75,6699.75,0.7,22.253371054179848,43.48665237742721,0.0,CHOP_RANGE,0.0004905919589452811,SL_HIT,6713.75,-6.0,-30.0,1,2025-10
19734,2025-10-15 22:30:00-05:00,EMA21_PB_SHORT,SELL,SHORT,6710.0,6716.0,6702.0,0.7,20.743307131004435,46.405222602709884,0.0,CHOP_RANGE,0.00042376051205696147,TIMEOUT,6713.25,-3.25,-16.25,6,2025-10
19735,2025-10-15 22:45:00-05:00,EMA21_PB_SHORT,SELL,SHORT,6709.75,6715.75,6701.75,0.7,20.58647053593209,46.10705074757826,0.0,CHOP_RANGE,0.0004420083824187046,TIMEOUT,6713.75,-4.0,-20.0,6,2025-10
20031,2025-10-21 03:45:00-05:00,TREND_CONT_SHORT,SELL,SHORT,6764.75,6770.75,6757.25,0.7,38.44275073318886,36.344785183900854,0.0,CHOP_RANGE,0.0004937913752545076,SL_HIT,6770.75,-6.0,-30.0,4,2025-10
20041,2025-10-21 06:15:00-05:00,EMA21_PB_LONG,BUY,LONG,6776.25,6770.25,6784.25,0.7,26.917207724319656,64.78970164612531,0.0,CHOP_RANGE,0.0001642481562472985,TIMEOUT,6774.0,-2.25,-11.25,6,2025-10
20043,2025-10-21 06:45:00-05:00,EMA21_PB_LONG,BUY,LONG,6776.0,6770.0,6784.0,0.7,24.463577722930644,62.08725815878493,0.0,CHOP_RANGE,0.00032315155557871474,SL_HIT,6770.0,-6.0,-30.0,5,2025-10
20045,2025-10-21 07:15:00-05:00,EMA21_PB_LONG,BUY,LONG,6776.75,6770.75,6784.75,0.7,23.21268614726813,63.26442570770504,0.0,CHOP_RANGE,0.0004532977140817462,SL_HIT,6770.75,-6.0,-30.0,3,2025-10
20049,2025-10-21 08:15:00-05:00,EMA21_PB_LONG,BUY,LONG,6774.0,6768.0,6782.0,0.7,20.601077160878553,53.943002546360255,0.0,CHOP_RANGE,0.0003583884331467617,SL_HIT,6768.0,-6.0,-30.0,1,2025-10
20055,2025-10-21 09:45:00-05:00,EMA21_PB_LONG,BUY,LONG,6785.75,6779.75,6793.75,0.7,23.352321772643872,65.38344180356603,0.0,CHOP_RANGE,0.000310212535804148,SL_HIT,6779.75,-6.0,-30.0,2,2025-10
20086,2025-10-21 18:30:00-05:00,EMA21_PB_SHORT,SELL,SHORT,6771.0,6777.0,6763.0,0.7,23.370302468697744,43.769534249698346,0.0,CHOP_RANGE,0.0002498624282643095,TIMEOUT,6769.5,1.5,7.5,6,2025-10
20087,2025-10-21 18:45:00-05:00,EMA21_PB_SHORT,SELL,SHORT,6769.75,6775.75,6761.75,0.7,23.649800652612146,42.11502797411281,0.0,CHOP_RANGE,0.00032050413164383775,TIMEOUT,6769.5,0.25,1.25,6,2025-10
20089,2025-10-21 19:15:00-05:00,EMA21_PB_SHORT,SELL,SHORT,6769.0,6775.0,6761.0,0.7,25.299161662184474,41.26253495514172,0.0,CHOP_RANGE,0.0004179556392714927,TIMEOUT,6774.0,-5.0,-25.0,6,2025-10
20130,2025-10-22 05:30:00-05:00,EMA21_PB_LONG,BUY,LONG,6782.5,6776.5,6790.5,0.7,24.683588638740694,56.5532638057477,0.0,CHOP_RANGE,0.00013286909058784398,SL_HIT,6776.5,-6.0,-30.0,2,2025-10
20133,2025-10-22 06:15:00-05:00,EMA21_PB_SHORT,SELL,SHORT,6770.0,6776.0,6762.0,0.7,26.560769485753873,39.29556397670309,0.0,CHOP_RANGE,0.00022110556353931794,SL_HIT,6776.0,-6.0,-30.0,3,2025-10
20134,2025-10-22 06:30:00-05:00,EMA21_PB_SHORT,SELL,SHORT,6767.5,6773.5,6759.5,0.7,27.931217304486793,36.66451409767062,0.0,CHOP_RANGE,0.0004089271324032771,SL_HIT,6773.5,-6.0,-30.0,2,2025-10
20144,2025-10-22 09:00:00-05:00,EMA21_PB_SHORT,SELL,SHORT,6766.25,6772.25,6758.25,0.7,27.262276298343785,36.85550384334661,0.0,CHOP_RANGE,0.0003272985507267745,SL_HIT,6772.25,-6.0,-30.0,1,2025-10
20221,2025-10-23 05:15:00-05:00,EMA21_PB_SHORT,SELL,SHORT,6740.0,6746.0,6732.0,0.7,21.750556997040388,45.11918214681748,0.0,CHOP_RANGE,0.00031289835706789547,TP_HIT,6732.0,8.0,40.0,3,2025-10
20222,2025-10-23 05:30:00-05:00,EMA21_PB_SHORT,SELL,SHORT,6739.25,6745.25,6731.25,0.7,22.972299749054198,43.78557047806652,0.0,CHOP_RANGE,0.0003393889158349893,TP_HIT,6731.25,8.0,40.0,2,2025-10
20620,2025-10-29 13:00:00-05:00,EMA21_PB_SHORT,SELL,SHORT,6930.75,6936.75,6922.75,0.7,20.037108827704156,37.72706371587685,0.0,CHOP_RANGE,0.00032551247248886224,SL_HIT,6936.75,-6.0,-30.0,1,2025-10
20981,2025-11-04 11:15:00-06:00,EMA21_PB_SHORT,SELL,SHORT,6818.5,6824.5,6810.5,0.7,23.750194262810652,45.24007387631987,0.0,CHOP_RANGE,0.0001134725704181474,TP_HIT,6810.5,8.0,40.0,1,2025-11
20982,2025-11-04 11:30:00-06:00,EMA21_PB_SHORT,SELL,SHORT,6810.5,6816.5,6802.5,0.7,24.246015827925902,39.447642561250774,0.0,CHOP_RANGE,0.0004834906447486567,SL_HIT,6816.5,-6.0,-30.0,1,2025-11
21113,2025-11-05 22:15:00-06:00,EMA21_PB_LONG,BUY,LONG,6826.0,6820.0,6834.0,0.7,34.383074667313096,52.724177547247976,0.0,CHOP_RANGE,2.763958409769104e-05,SL_HIT,6820.0,-6.0,-30.0,5,2025-11
21114,2025-11-05 22:30:00-06:00,EMA21_PB_LONG,BUY,LONG,6826.5,6820.5,6834.5,0.7,33.10267869026275,53.24692978590211,0.0,CHOP_RANGE,6.666173632553782e-05,SL_HIT,6820.5,-6.0,-30.0,4,2025-11
21115,2025-11-05 22:45:00-06:00,EMA21_PB_LONG,BUY,LONG,6826.5,6820.5,6834.5,0.7,32.09737427840424,53.24692978590211,0.0,CHOP_RANGE,0.0001386181390828767,SL_HIT,6820.5,-6.0,-30.0,3,2025-11
21121,2025-11-06 00:15:00-06:00,EMA21_PB_SHORT,SELL,SHORT,6815.5,6821.5,6807.5,0.7,31.973268328788752,40.24937303445786,0.0,CHOP_RANGE,0.0003150174590691881,SL_HIT,6821.5,-6.0,-30.0,4,2025-11
21123,2025-11-06 00:45:00-06:00,EMA21_PB_SHORT,SELL,SHORT,6815.25,6821.25,6807.25,0.7,32.72510874084473,40.900553286473865,0.0,CHOP_RANGE,0.0004490899005376912,SL_HIT,6821.25,-6.0,-30.0,2,2025-11
22249,2025-11-24 06:15:00-06:00,EMA21_PB_LONG,BUY,LONG,6652.25,6646.25,6660.25,0.7,27.754795371428532,55.43830935107031,0.0,CHOP_RANGE,0.00019393237858167833,TP_HIT,6660.25,8.0,40.0,3,2025-11
22251,2025-11-24 06:45:00-06:00,EMA21_PB_LONG,BUY,LONG,6657.25,6651.25,6665.25,0.7,24.521167146068787,58.353845354801116,0.0,CHOP_RANGE,0.0003654807272774489,TP_HIT,6665.25,8.0,40.0,1,2025-11
22340,2025-11-25 06:00:00-06:00,EMA21_PB_LONG,BUY,LONG,6720.5,6714.5,6728.5,0.7,20.3137090000541,58.502426759716165,0.0,CHOP_RANGE,0.00010342996182263571,SL_HIT,6714.5,-6.0,-30.0,2,2025-11
22349,2025-11-25 08:15:00-06:00,EMA21_PB_LONG,BUY,LONG,6716.75,6710.75,6724.75,0.7,23.406007159935058,50.827108206519775,0.0,CHOP_RANGE,0.000478529123153995,SL_HIT,6710.75,-6.0,-30.0,1,2025-11
22544,2025-11-27 11:00:00-06:00,EMA21_PB_SHORT,SELL,SHORT,6826.0,6832.0,6818.0,0.7,20.849873480887613,44.48213682411547,0.0,CHOP_RANGE,5.237120993271277e-05,SL_HIT,6832.0,-6.0,-30.0,4,2025-11
22548,2025-11-27 17:00:00-06:00,EMA21_PB_LONG,BUY,LONG,6832.5,6826.5,6840.5,0.7,21.57325007400596,63.397423534236346,0.0,CHOP_RANGE,9.978984733501592e-05,TIMEOUT,6836.25,3.75,18.75,6,2025-11
22549,2025-11-27 17:15:00-06:00,EMA21_PB_LONG,BUY,LONG,6834.75,6828.75,6842.75,0.7,21.78663494082329,67.71335375234395,0.0,CHOP_RANGE,0.0002435665908817268,TIMEOUT,6836.25,1.5,7.5,6,2025-11
22551,2025-11-27 17:45:00-06:00,EMA21_PB_LONG,BUY,LONG,6836.5,6830.5,6844.5,0.7,22.8752241402128,69.00045314265336,0.0,CHOP_RANGE,0.00045614080659407165,TIMEOUT,6840.0,3.5,17.5,6,2025-11
22610,2025-11-28 08:30:00-06:00,EMA21_PB_LONG,BUY,LONG,6838.5,6832.5,6846.5,0.7,25.584366411576408,59.702397756260915,0.0,CHOP_RANGE,0.0002334798664382776,TP_HIT,6846.5,8.0,40.0,3,2025-11
22612,2025-11-28 09:00:00-06:00,EMA21_PB_LONG,BUY,LONG,6842.5,6836.5,6850.5,0.7,30.335867945354714,68.97252158544313,0.0,CHOP_RANGE,0.0003918422009025818,TP_HIT,6850.5,8.0,40.0,3,2025-11
22724,2025-12-01 18:45:00-06:00,EMA21_PB_SHORT,SELL,SHORT,6826.5,6832.5,6818.5,0.7,28.90654845311207,45.457010652296624,0.0,CHOP_RANGE,0.0004247967847053454,SL_HIT,6832.5,-6.0,-30.0,1,2025-12
22734,2025-12-01 21:15:00-06:00,EMA21_PB_SHORT,SELL,SHORT,6819.25,6825.25,6811.25,0.7,25.655395691749487,37.967212139028696,0.0,CHOP_RANGE,0.000454433547563221,SL_HIT,6825.25,-6.0,-30.0,2,2025-12
22738,2025-12-01 22:15:00-06:00,EMA21_PB_SHORT,SELL,SHORT,6824.25,6830.25,6816.25,0.7,25.765503900555675,45.63349024986303,0.0,CHOP_RANGE,0.0004964433880043908,TIMEOUT,6820.75,3.5,17.5,6,2025-12
22760,2025-12-02 03:45:00-06:00,EMA21_PB_LONG,BUY,LONG,6834.5,6828.5,6842.5,0.7,23.018183044922548,63.32122788519611,0.0,CHOP_RANGE,0.0004795753725255023,TP_HIT,6842.5,8.0,40.0,4,2025-12
22800,2025-12-02 13:45:00-06:00,EMA21_PB_LONG,BUY,LONG,6848.0,6842.0,6856.0,0.7,21.852775842759254,55.503117754788974,0.0,CHOP_RANGE,0.0002817457613404127,SL_HIT,6842.0,-6.0,-30.0,4,2025-12
22801,2025-12-02 14:00:00-06:00,EMA21_PB_LONG,BUY,LONG,6849.0,6843.0,6857.0,0.7,20.62847762745147,56.07641775055976,0.0,CHOP_RANGE,0.0004837603564805224,SL_HIT,6843.0,-6.0,-30.0,3,2025-12
22996,2025-12-04 17:45:00-06:00,EMA21_PB_LONG,BUY,LONG,6863.75,6857.75,6871.75,0.7,21.118748169583014,51.55223397989844,0.0,CHOP_RANGE,0.00021457330913995863,TP_HIT,6871.75,8.0,40.0,5,2025-12
22998,2025-12-04 18:15:00-06:00,EMA21_PB_LONG,BUY,LONG,6868.25,6862.25,6876.25,0.7,20.054278168088693,56.26147846065448,0.0,CHOP_RANGE,0.00029395990698922325,TIMEOUT,6875.5,7.25,36.25,6,2025-12
23056,2025-12-05 08:45:00-06:00,EMA21_PB_LONG,BUY,LONG,6889.75,6883.75,6897.75,0.7,22.16092103217137,65.18578568036939,0.0,CHOP_RANGE,0.00012114664083953283,TP_HIT,6897.75,8.0,40.0,1,2025-12
23225,2025-12-09 05:00:00-06:00,EMA21_PB_SHORT,SELL,SHORT,6856.25,6862.25,6848.25,0.7,20.2477168514238,40.817587107486496,0.0,CHOP_RANGE,0.0002827554771796372,SL_HIT,6862.25,-6.0,-30.0,2,2025-12
23231,2025-12-09 06:30:00-06:00,EMA21_PB_SHORT,SELL,SHORT,6857.25,6863.25,6849.25,0.7,28.30399996155213,43.05303098262222,0.0,CHOP_RANGE,0.00022726143158996952,TP_HIT,6849.25,8.0,40.0,4,2025-12
23233,2025-12-09 07:00:00-06:00,EMA21_PB_SHORT,SELL,SHORT,6858.5,6864.5,6850.5,0.7,31.434395208673717,46.11722877124853,0.0,CHOP_RANGE,0.0002477940378113843,TP_HIT,6850.5,8.0,40.0,2,2025-12
23234,2025-12-09 07:15:00-06:00,EMA21_PB_SHORT,SELL,SHORT,6857.25,6863.25,6849.25,0.7,33.07057717824432,43.5854850614812,0.0,CHOP_RANGE,0.00028630345456667674,TP_HIT,6849.25,8.0,40.0,1,2025-12
23248,2025-12-09 10:45:00-06:00,EMA21_PB_LONG,BUY,LONG,6868.75,6862.75,6876.75,0.7,23.52559884377466,62.97543392394763,0.0,CHOP_RANGE,0.00048208402978579555,SL_HIT,6862.75,-6.0,-30.0,2,2025-12
23258,2025-12-09 13:15:00-06:00,EMA21_PB_SHORT,SELL,SHORT,6856.0,6862.0,6848.0,0.7,23.84254133134116,42.855074205305584,0.0,CHOP_RANGE,0.00019528667523509958,TP_HIT,6848.0,8.0,40.0,6,2025-12
23259,2025-12-09 13:30:00-06:00,EMA21_PB_SHORT,SELL,SHORT,6852.75,6858.75,6844.75,0.7,25.24587184662219,38.79795393859086,0.0,CHOP_RANGE,0.0003410371925669859,TP_HIT,6844.75,8.0,40.0,5,2025-12
23261,2025-12-09 14:00:00-06:00,EMA21_PB_SHORT,SELL,SHORT,6853.75,6859.75,6845.75,0.7,27.433459011082668,41.30766441623276,0.0,CHOP_RANGE,0.00046291514234686953,TP_HIT,6845.75,8.0,40.0,3,2025-12
24133,2025-12-23 02:00:00-06:00,EMA21_PB_LONG,BUY,LONG,6930.5,6924.5,6938.5,0.7,23.063208816564924,60.970086824987604,0.0,CHOP_RANGE,6.758335173574946e-05,TIMEOUT,6936.0,5.5,27.5,6,2025-12
24137,2025-12-23 03:00:00-06:00,EMA21_PB_LONG,BUY,LONG,6930.75,6924.75,6938.75,0.7,21.878086178833907,60.545516035243,0.0,CHOP_RANGE,0.00018987868522615602,TIMEOUT,6932.25,1.5,7.5,6,2025-12
24138,2025-12-23 03:15:00-06:00,EMA21_PB_LONG,BUY,LONG,6934.0,6928.0,6942.0,0.7,22.6566972255638,68.58604377604355,0.0,CHOP_RANGE,0.00030727353060151926,TIMEOUT,6932.75,-1.25,-6.25,6,2025-12
24146,2025-12-23 05:15:00-06:00,EMA21_PB_LONG,BUY,LONG,6931.25,6925.25,6939.25,0.7,20.799039626273203,52.463580761625664,0.0,CHOP_RANGE,0.0004279979120985733,SL_HIT,6925.25,-6.0,-30.0,5,2025-12
24163,2025-12-23 09:30:00-06:00,EMA21_PB_LONG,BUY,LONG,6942.0,6936.0,6950.0,0.7,30.00302642010295,62.86994192784193,0.0,CHOP_RANGE,0.00038040289291773585,TP_HIT,6950.0,8.0,40.0,5,2025-12
24309,2025-12-26 03:45:00-06:00,EMA21_PB_LONG,BUY,LONG,6979.25,6973.25,6987.25,0.7,23.859690710724983,51.363992883594584,0.0,CHOP_RANGE,6.997534556924753e-05,TIMEOUT,6978.5,-0.75,-3.75,6,2025-12
24310,2025-12-26 04:00:00-06:00,EMA21_PB_LONG,BUY,LONG,6981.0,6975.0,6989.0,0.7,23.455204157900834,57.382149898887995,0.0,CHOP_RANGE,0.00013226736822882017,TIMEOUT,6977.5,-3.5,-17.5,6,2025-12
24312,2025-12-26 04:30:00-06:00,EMA21_PB_LONG,BUY,LONG,6981.25,6975.25,6989.25,0.7,22.369844184105826,58.000104987956995,0.0,CHOP_RANGE,0.0002150808036720211,TIMEOUT,6978.5,-2.75,-13.75,6,2025-12
24331,2025-12-26 09:15:00-06:00,EMA21_PB_LONG,BUY,LONG,6984.0,6978.0,6992.0,0.7,22.388971290821008,53.35411434815673,0.0,CHOP_RANGE,0.00040340010666028335,SL_HIT,6978.0,-6.0,-30.0,3,2025-12
24333,2025-12-26 09:45:00-06:00,EMA21_PB_LONG,BUY,LONG,6984.75,6978.75,6992.75,0.7,21.448550645679006,54.01666757627791,0.0,CHOP_RANGE,0.00039350917577757056,SL_HIT,6978.75,-6.0,-30.0,1,2025-12
24340,2025-12-26 11:30:00-06:00,EMA21_PB_SHORT,SELL,SHORT,6972.75,6978.75,6964.75,0.7,21.162693311578558,43.13583187703961,0.0,CHOP_RANGE,0.000311170576816783,SL_HIT,6978.75,-6.0,-30.0,5,2025-12
24343,2025-12-26 12:15:00-06:00,EMA21_PB_SHORT,SELL,SHORT,6973.5,6979.5,6965.5,0.7,21.769552560317848,44.26460829091129,0.0,CHOP_RANGE,0.0004142183891910533,SL_HIT,6979.5,-6.0,-30.0,2,2025-12
24608,2025-12-31 09:30:00-06:00,EMA21_PB_SHORT,SELL,SHORT,6923.25,6929.25,6915.25,0.7,34.1934818430592,36.04987548724906,0.0,CHOP_RANGE,0.0002958061577211511,TP_HIT,6915.25,8.0,40.0,1,2025-12
25566,2026-01-15 20:00:00-06:00,EMA21_PB_LONG,BUY,LONG,6995.25,6989.25,7003.25,0.7,20.4990148840613,56.37547973998435,0.0,CHOP_RANGE,7.418959044455904e-05,TIMEOUT,6998.75,3.5,17.5,6,2026-01
25610,2026-01-16 07:00:00-06:00,EMA21_PB_SHORT,SELL,SHORT,6990.75,6996.75,6982.75,0.7,26.094923481589984,35.920905087336365,0.0,CHOP_RANGE,0.00040035277866809764,SL_HIT,6996.75,-6.0,-30.0,5,2026-01
