timestamp,signal_type,direction,entry_price,stop_loss,take_profit,confidence,adx,rsi,atr_current,atr_5ago,daily_bias,quarter,outcome,pnl_dollars,strategy_a,strategy_b,strategy_c
2024-12-16 19:45:00-06:00,EMA21_PB_LONG,LONG,6150.75,6144.75,6158.75,0.7,28.06014633481463,52.41039309058194,3.1518749297900834,3.5517347007334417,NEUTRAL,2024-Q4,TIMEOUT,5.0,False,False,True
2024-12-16 20:00:00-06:00,EMA21_PB_LONG,LONG,6152.0,6146.0,6160.0,0.7,26.33143943905733,55.15711338641339,3.0874552919479346,3.423039364966767,NEUTRAL,2024-Q4,TIMEOUT,-2.5,False,False,True
2024-12-16 20:30:00-06:00,EMA21_PB_LONG,LONG,6152.25,6146.25,6160.25,0.7,23.127256554938754,55.47276132227074,2.834336450710209,3.4157839422417537,NEUTRAL,2024-Q4,TIMEOUT,-1.25,False,False,True
2024-12-17 00:15:00-06:00,TREND_CONT_SHORT,SHORT,6142.0,6148.0,6134.5,0.7,25.224988022486183,29.355125053558922,2.2181944244761724,2.2316087245099494,NEUTRAL,2024-Q4,TIMEOUT,30.0,False,False,False
2024-12-17 00:30:00-06:00,TREND_CONT_SHORT,SHORT,6141.75,6147.75,6134.25,0.7,27.404261783184218,28.93015781921919,2.20260910844216,2.143636672759239,NEUTRAL,2024-Q4,TP_HIT,37.5,False,False,False
2024-12-18 10:15:00-06:00,EMA21_PB_LONG,LONG,6139.75,6133.75,6147.75,0.7,24.56325469097649,52.49780941706774,5.671100362938182,4.709095327940102,NEUTRAL,2024-Q4,TIMEOUT,-8.75,False,False,True
2024-12-18 10:30:00-06:00,EMA21_PB_LONG,LONG,6141.5,6135.5,6149.5,0.7,23.60639688068897,54.38951035336586,5.605307479871169,4.783445661658667,NEUTRAL,2024-Q4,SL_HIT,-30.0,False,False,True
2024-12-19 09:15:00-06:00,EMA21_PB_SHORT,SHORT,5961.25,5967.25,5953.25,0.7,23.50847739679729,39.83716411534492,11.35520713328997,7.434830905119525,BEARISH,2024-Q4,SL_HIT,-30.0,False,False,False
2024-12-26 21:15:00-06:00,EMA21_PB_SHORT,SHORT,6084.0,6090.0,6076.0,0.7,21.572786967571147,39.715248196420305,3.695225611067721,4.413972305017562,NEUTRAL,2024-Q4,TIMEOUT,3.75,False,False,False
2025-01-07 04:45:00-06:00,EMA21_PB_LONG,LONG,6027.75,6021.75,6035.75,0.7,23.172267647447548,60.828706487500476,4.5741954795408555,4.584253836157915,NEUTRAL,2025-Q1,SL_HIT,-30.0,False,False,True
2025-01-19 21:30:00-06:00,EMA21_PB_LONG,LONG,6028.75,6022.75,6036.75,0.7,20.4906666469434,50.20193826885223,4.170281463242227,4.904445970397468,NEUTRAL,2025-Q1,TIMEOUT,17.5,False,False,True
2025-01-20 23:45:00-06:00,EMA21_PB_SHORT,SHORT,6039.0,6045.0,6031.0,0.7,30.26147684812278,44.04409888794403,7.238973368576421,8.74572066530003,NEUTRAL,2025-Q1,TIMEOUT,-15.0,False,False,False
2025-01-21 00:30:00-06:00,EMA21_PB_SHORT,SHORT,6037.25,6043.25,6029.25,0.7,31.25139611821006,43.00558361409238,6.693886476225364,7.54194544521289,NEUTRAL,2025-Q1,SL_HIT,-30.0,False,False,False
2025-01-21 02:30:00-06:00,EMA21_PB_LONG,LONG,6051.5,6045.5,6059.5,0.7,25.57217026942388,59.042433134497294,6.3277173362461,6.267572371817465,NEUTRAL,2025-Q1,TP_HIT,40.0,False,False,True
2025-01-22 20:00:00-06:00,EMA21_PB_SHORT,SHORT,6112.25,6118.25,6104.25,0.7,25.570806462740357,36.694534701664224,3.4689892266199496,3.8264420870246614,NEUTRAL,2025-Q1,TIMEOUT,-10.0,False,False,False
2025-01-22 20:45:00-06:00,EMA21_PB_SHORT,SHORT,6113.75,6119.75,6105.75,0.7,27.25757789905501,40.57774889739164,3.104726432537912,3.4610762628255034,NEUTRAL,2025-Q1,TIMEOUT,-12.5,False,False,False
2025-01-24 06:15:00-06:00,EMA21_PB_LONG,LONG,6149.0,6143.0,6157.0,0.7,24.8415136036439,60.168603157104876,2.964116348923109,2.8777209945870834,NEUTRAL,2025-Q1,SL_HIT,-30.0,False,False,True
2025-01-24 06:45:00-06:00,EMA21_PB_LONG,LONG,6146.0,6140.0,6154.0,0.7,21.985708228263643,52.21184624948357,3.0341105253469665,2.8805349392102912,NEUTRAL,2025-Q1,TIMEOUT,30.0,False,False,True
2025-01-24 08:00:00-06:00,EMA21_PB_LONG,LONG,6146.0,6140.0,6154.0,0.7,21.55256651144158,53.03996247473265,3.30832344649486,3.0341105253469665,NEUTRAL,2025-Q1,TP_HIT,40.0,False,False,True
2025-01-24 08:15:00-06:00,EMA21_PB_LONG,LONG,6152.0,6146.0,6160.0,0.7,21.427438729304026,62.8891756338603,3.5541574860309413,3.1923883449650403,NEUTRAL,2025-Q1,TP_HIT,40.0,False,False,True
2025-01-30 07:15:00-06:00,EMA21_PB_SHORT,SHORT,6084.75,6090.75,6076.75,0.7,22.87827598439658,45.46227747153673,5.49005831652225,4.930794881738309,NEUTRAL,2025-Q1,SL_HIT,-30.0,False,False,False
2025-01-30 07:30:00-06:00,EMA21_PB_SHORT,SHORT,6081.25,6087.25,6073.25,0.7,23.77884931298543,41.28118482753043,5.883625579627803,5.150023818757001,NEUTRAL,2025-Q1,SL_HIT,-30.0,False,False,False
2025-01-30 08:00:00-06:00,EMA21_PB_SHORT,SHORT,6086.75,6092.75,6078.75,0.7,24.112948731160344,49.03197940864281,6.366493484474994,5.3908368641323126,NEUTRAL,2025-Q1,SL_HIT,-30.0,False,False,False
2025-01-30 08:30:00-06:00,EMA21_PB_LONG,LONG,6094.25,6088.25,6102.25,0.7,24.327940467168773,57.15593579968625,7.1999357085524185,5.49005831652225,NEUTRAL,2025-Q1,TP_HIT,40.0,False,False,True
2025-01-30 08:45:00-06:00,EMA21_PB_LONG,LONG,6099.25,6093.25,6107.25,0.7,23.885181335013613,61.66126937923549,7.882083157941532,5.883625579627803,NEUTRAL,2025-Q1,SL_HIT,-30.0,False,False,True
2025-01-30 09:15:00-06:00,EMA21_PB_SHORT,SHORT,6075.75,6081.75,6067.75,0.7,22.74252270653535,39.74509097090646,9.249092110674075,6.366493484474994,NEUTRAL,2025-Q1,SL_HIT,-30.0,False,False,False
2025-02-06 07:15:00-06:00,EMA21_PB_LONG,LONG,6099.0,6093.0,6107.0,0.7,22.119279353042703,57.38455381490705,4.215821093292816,3.826546053060832,NEUTRAL,2025-Q1,TIMEOUT,-15.0,False,False,True
2025-02-06 17:00:00-06:00,EMA21_PB_LONG,LONG,6098.25,6092.25,6106.25,0.7,20.07617701765844,53.23111997699811,9.287830557138456,7.9417176773126155,NEUTRAL,2025-Q1,TIMEOUT,10.0,False,False,True
2025-02-06 17:15:00-06:00,EMA21_PB_LONG,LONG,6100.25,6094.25,6108.25,0.7,20.499092743442436,54.87494923312125,8.856556945914281,9.695880700361714,NEUTRAL,2025-Q1,TIMEOUT,15.0,False,False,True
2025-02-06 17:45:00-06:00,EMA21_PB_LONG,LONG,6100.25,6094.25,6108.25,0.7,21.170608976015846,54.81667933388086,7.929888387038335,9.182927746740457,NEUTRAL,2025-Q1,TIMEOUT,13.75,False,False,True
2025-02-10 19:45:00-06:00,EMA21_PB_SHORT,SHORT,6076.0,6082.0,6068.0,0.7,26.127448148182086,41.500071053887886,4.217183824469402,4.84816014094376,NEUTRAL,2025-Q1,TIMEOUT,18.75,False,False,False
2025-02-12 03:45:00-06:00,EMA21_PB_SHORT,SHORT,6082.5,6088.5,6074.5,0.7,21.35237362478008,38.722180688502874,3.1351713870390108,2.3663028014610266,NEUTRAL,2025-Q1,TIMEOUT,-11.25,False,False,False
2025-02-12 04:00:00-06:00,EMA21_PB_SHORT,SHORT,6081.25,6087.25,6073.25,0.7,22.748597048176812,36.36944210049696,3.1255162879647957,2.3937097442138104,NEUTRAL,2025-Q1,SL_HIT,-30.0,False,False,False
2025-02-12 04:30:00-06:00,EMA21_PB_SHORT,SHORT,6083.0,6089.0,6075.0,0.7,23.010957248738595,42.546161660764454,3.1720012891125027,3.1404946263884383,NEUTRAL,2025-Q1,TIMEOUT,-20.0,False,False,False
2025-02-14 08:30:00-06:00,EMA21_PB_LONG,LONG,6139.0,6133.0,6147.0,0.7,25.14153169849852,64.58046136351214,4.092863524168689,3.4322091502465732,NEUTRAL,2025-Q1,SL_HIT,-30.0,False,False,True
2025-02-14 08:45:00-06:00,EMA21_PB_LONG,LONG,6140.0,6134.0,6148.0,0.7,26.09322008861056,66.04877904166997,4.050516129585212,3.758479925228961,NEUTRAL,2025-Q1,SL_HIT,-30.0,False,False,True
2025-02-19 22:30:00-06:00,EMA21_PB_SHORT,SHORT,6145.5,6151.5,6137.5,0.7,21.807371200477274,41.186523603905094,3.2866131261815887,3.7686912168435347,NEUTRAL,2025-Q1,TIMEOUT,5.0,False,False,False
2025-02-19 22:45:00-06:00,EMA21_PB_SHORT,SHORT,6145.0,6151.0,6137.0,0.7,23.14685193564191,40.365708573927655,3.141140760025761,3.5887847013547107,NEUTRAL,2025-Q1,TIMEOUT,11.25,False,False,False
2025-02-20 04:15:00-06:00,EMA21_PB_LONG,LONG,6153.5,6147.5,6161.5,0.7,24.122847730180784,65.49328015624721,2.6328856022049933,2.7162808512961414,NEUTRAL,2025-Q1,SL_HIT,-30.0,False,False,True
2025-02-28 06:00:00-06:00,EMA21_PB_SHORT,SHORT,5888.0,5894.0,5880.0,0.7,21.805771320763693,46.52914951610339,6.095133821210257,6.176327731087268,NEUTRAL,2025-Q1,SL_HIT,-30.0,False,False,False
2025-02-28 06:30:00-06:00,EMA21_PB_SHORT,SHORT,5887.0,5893.0,5879.0,0.7,21.504166710523872,45.62658104575871,6.238916407063947,5.774486666090553,NEUTRAL,2025-Q1,SL_HIT,-30.0,False,False,False
2025-02-28 07:00:00-06:00,EMA21_PB_SHORT,SHORT,5888.0,5894.0,5880.0,0.7,21.191269597494887,47.18465988186302,6.13712690200922,5.6601441151495075,NEUTRAL,2025-Q1,SL_HIT,-30.0,False,False,False
2025-03-04 15:30:00-06:00,EMA21_PB_SHORT,SHORT,5819.5,5825.5,5811.5,0.7,25.711177518716237,50.08823874783513,25.668521613470997,20.246358585385185,NEUTRAL,2025-Q1,SL_HIT,-30.0,False,False,False
2025-03-05 00:15:00-06:00,EMA21_PB_SHORT,SHORT,5819.75,5825.75,5811.75,0.7,20.72387896426201,47.0474295102539,9.978356395505664,11.379943333314761,NEUTRAL,2025-Q1,SL_HIT,-30.0,False,False,False
2025-03-05 01:00:00-06:00,EMA21_PB_SHORT,SHORT,5824.25,5830.25,5816.25,0.7,20.744061951848785,49.94117083561303,9.576420918704791,10.39649617466929,NEUTRAL,2025-Q1,SL_HIT,-30.0,False,False,False
2025-03-12 11:45:00-05:00,EMA21_PB_LONG,LONG,5604.5,5598.5,5612.5,0.7,22.970234753376253,49.91335278995143,18.680452711240044,17.746900154244663,NEUTRAL,2025-Q1,TP_HIT,40.0,False,False,True
2025-03-12 12:00:00-05:00,EMA21_PB_LONG,LONG,5619.0,5613.0,5627.0,0.7,21.665750634291012,55.92981674899536,18.738991803294326,17.729264428941473,BULLISH,2025-Q1,SL_HIT,-30.0,False,False,True
2025-03-13 07:00:00-05:00,EMA21_PB_SHORT,SHORT,5576.5,5582.5,5568.5,0.7,25.054287179932434,40.57732905215189,10.745959341513386,9.228138793055875,BEARISH,2025-Q1,SL_HIT,-30.0,False,False,False
2025-03-13 08:30:00-05:00,EMA21_PB_SHORT,SHORT,5583.5,5589.5,5575.5,0.7,20.420667163808297,45.35936616038146,11.33605590215,10.71053367426243,NEUTRAL,2025-Q1,TP_HIT,40.0,False,False,False
2025-03-18 01:45:00-05:00,EMA21_PB_LONG,LONG,5719.5,5713.5,5727.5,0.7,21.071701767186585,53.70453520313165,4.025411723603642,4.239764242351471,NEUTRAL,2025-Q1,TP_HIT,40.0,False,False,True
2025-03-20 11:45:00-05:00,EMA21_PB_SHORT,SHORT,5717.5,5723.5,5709.5,0.7,27.053937720090197,42.57996065326367,13.734089031317975,12.723126881410526,BEARISH,2025-Q1,SL_HIT,-30.0,False,False,False
2025-03-27 02:15:00-05:00,EMA21_PB_SHORT,SHORT,5761.5,5767.5,5753.5,0.7,22.254332398948808,46.66535807875808,4.727323905666498,4.542763403137626,NEUTRAL,2025-Q1,TP_HIT,40.0,False,False,False
2025-03-27 02:30:00-05:00,EMA21_PB_SHORT,SHORT,5758.0,5764.0,5750.0,0.7,22.068501653674442,42.237238229475196,4.8718007695474626,4.5397088743420815,NEUTRAL,2025-Q1,TP_HIT,40.0,False,False,False
2025-04-09 06:00:00-05:00,EMA21_PB_SHORT,SHORT,4956.75,4962.75,4948.75,0.7,21.17781305202944,42.7495650646705,36.9848551628272,33.14139101219892,BEARISH,2025-Q2,SL_HIT,-30.0,False,False,False
2025-04-16 07:30:00-05:00,EMA21_PB_SHORT,SHORT,5379.25,5385.25,5371.25,0.7,28.599979681750394,47.70485094119856,12.302226328177222,12.952774016007801,NEUTRAL,2025-Q2,TP_HIT,40.0,False,False,False
2025-04-16 07:45:00-05:00,EMA21_PB_SHORT,SHORT,5376.0,5382.0,5368.0,0.7,26.825678791134322,45.72163441961351,11.959210161878849,12.759718729150102,NEUTRAL,2025-Q2,TP_HIT,40.0,False,False,False
2025-05-06 12:15:00-05:00,EMA21_PB_SHORT,SHORT,5634.25,5640.25,5626.25,0.7,29.227627435325367,47.977674289705405,13.77802146572935,12.732678415118034,NEUTRAL,2025-Q2,TP_HIT,40.0,False,False,False
2025-05-06 14:45:00-05:00,EMA21_PB_SHORT,SHORT,5625.5,5631.5,5617.5,0.7,25.34918477998962,44.04194013652068,13.453053374382067,13.204332502965743,BEARISH,2025-Q2,TP_HIT,40.0,False,False,False
2025-05-16 11:00:00-05:00,EMA21_PB_LONG,LONG,5950.75,5944.75,5958.75,0.7,25.964841692664557,55.94949897537073,8.073316652539715,8.10631551183437,NEUTRAL,2025-Q2,TP_HIT,40.0,False,False,True
2025-05-20 00:15:00-05:00,EMA21_PB_LONG,LONG,5972.25,5966.25,5980.25,0.7,23.038189894143887,53.207728807032254,4.503188853068645,5.0702721077768516,NEUTRAL,2025-Q2,SL_HIT,-30.0,False,False,True
2025-05-20 02:15:00-05:00,EMA21_PB_LONG,LONG,5969.5,5963.5,5977.5,0.7,24.393061044997562,53.7276860025126,5.322043296926881,5.051660317125296,NEUTRAL,2025-Q2,SL_HIT,-30.0,False,False,True
2025-05-28 04:00:00-05:00,EMA21_PB_SHORT,SHORT,5922.25,5928.25,5914.25,0.7,26.916734199954703,39.21956063618208,3.7926439903928983,3.75631229645878,NEUTRAL,2025-Q2,SL_HIT,-30.0,False,False,False
2025-05-28 05:30:00-05:00,EMA21_PB_LONG,LONG,5938.0,5932.0,5946.0,0.7,27.37473223762392,65.73818421483395,4.385766220737155,3.91459799107912,NEUTRAL,2025-Q2,TIMEOUT,16.25,False,False,True
2025-06-03 01:45:00-05:00,EMA21_PB_LONG,LONG,5926.5,5920.5,5934.5,0.7,30.509757816356974,49.16864273190488,4.082485569711296,4.124046828365758,NEUTRAL,2025-Q2,SL_HIT,-30.0,False,False,True
2025-06-03 02:15:00-05:00,EMA21_PB_SHORT,SHORT,5913.5,5919.5,5905.5,0.7,30.853938537840058,32.275265911431205,4.911683986128618,4.219203642825578,NEUTRAL,2025-Q2,SL_HIT,-30.0,False,False,False
2025-06-03 06:15:00-05:00,EMA21_PB_LONG,LONG,5934.5,5928.5,5942.5,0.7,26.783005098171614,64.23965213440101,5.235657041738965,5.378899582852941,NEUTRAL,2025-Q2,TP_HIT,40.0,False,False,True
2025-06-04 12:15:00-05:00,EMA21_PB_LONG,LONG,5992.5,5986.5,6000.5,0.7,22.800373978794656,54.56717510302541,7.092130715814927,7.9310796597362385,NEUTRAL,2025-Q2,TIMEOUT,-15.0,False,False,True
2025-06-04 12:30:00-05:00,EMA21_PB_LONG,LONG,5992.75,5986.75,6000.75,0.7,21.452702920329383,54.78954818653344,6.978407093256719,7.81100254118365,NEUTRAL,2025-Q2,TIMEOUT,-12.5,False,False,True
2025-06-05 07:45:00-05:00,EMA21_PB_LONG,LONG,5991.5,5985.5,5999.5,0.7,21.0154580775327,60.55854540238195,7.68077064551031,4.778455402205095,NEUTRAL,2025-Q2,SL_HIT,-30.0,False,False,True
2025-06-11 00:15:00-05:00,EMA21_PB_SHORT,SHORT,6027.0,6033.0,6019.0,0.7,21.217327298346145,43.44334356693748,4.486059016250463,4.441843650044275,NEUTRAL,2025-Q2,TIMEOUT,-1.25,False,False,False
2025-06-11 00:30:00-05:00,EMA21_PB_SHORT,SHORT,6026.0,6032.0,6018.0,0.7,21.430216776418888,41.58809391709642,4.362054800804001,4.499569103612541,NEUTRAL,2025-Q2,SL_HIT,-30.0,False,False,False
2025-06-11 03:45:00-05:00,EMA21_PB_LONG,LONG,6038.0,6032.0,6046.0,0.7,21.269891371691035,65.50887304636481,4.468080406712555,4.380855218546465,NEUTRAL,2025-Q2,SL_HIT,-30.0,False,False,True
2025-06-27 15:30:00-05:00,EMA21_PB_LONG,LONG,6218.75,6212.75,6226.75,0.7,33.91649126870738,52.78054023144899,8.79680005655595,8.9788891619749,NEUTRAL,2025-Q2,TP_HIT,40.0,False,False,True
2025-06-27 15:45:00-05:00,EMA21_PB_LONG,LONG,6220.75,6214.75,6228.75,0.7,31.96670095068864,54.212368573398,8.436314338230526,8.980397078976694,NEUTRAL,2025-Q2,TP_HIT,40.0,False,False,True
2025-06-30 14:45:00-05:00,EMA21_PB_LONG,LONG,6251.5,6245.5,6259.5,0.7,22.34416280516819,61.62192399446377,7.927577914099068,6.652621148452615,NEUTRAL,2025-Q2,SL_HIT,-30.0,False,False,True
2025-07-01 01:15:00-05:00,EMA21_PB_SHORT,SHORT,6242.25,6248.25,6234.25,0.7,20.590134817255898,35.94475887717819,3.1589991589089186,3.2049582503333762,NEUTRAL,2025-Q3,SL_HIT,-30.0,False,False,False
2025-07-01 01:30:00-05:00,EMA21_PB_SHORT,SHORT,6242.25,6248.25,6234.25,0.7,21.390291698430886,35.94475887717819,3.1119277904154243,3.1188898038809922,NEUTRAL,2025-Q3,SL_HIT,-30.0,False,False,False
2025-07-02 07:15:00-05:00,EMA21_PB_SHORT,SHORT,6246.5,6252.5,6238.5,0.7,25.76134546348777,33.643156249762725,4.786736554950654,3.513569609256787,NEUTRAL,2025-Q3,TP_HIT,40.0,False,False,False
2025-07-10 00:15:00-05:00,EMA21_PB_SHORT,SHORT,6292.75,6298.75,6284.75,0.7,27.14089819111466,43.14345861381952,2.9169425234477053,3.397199639451157,NEUTRAL,2025-Q3,TIMEOUT,11.25,False,False,False
2025-07-10 00:30:00-05:00,EMA21_PB_SHORT,SHORT,6291.75,6297.75,6283.75,0.7,27.565196658084695,41.09337628057748,2.922875200344298,3.279542522347503,NEUTRAL,2025-Q3,TIMEOUT,11.25,False,False,False
2025-07-10 01:00:00-05:00,EMA21_PB_SHORT,SHORT,6290.75,6296.75,6282.75,0.7,28.06930941760678,40.15479818093619,2.9896219839703386,3.084146358554735,NEUTRAL,2025-Q3,TIMEOUT,-15.0,False,False,False
2025-07-10 01:15:00-05:00,EMA21_PB_SHORT,SHORT,6289.5,6295.5,6281.5,0.7,28.960917200634483,37.843267290890466,2.972506127972457,3.0067073329436824,NEUTRAL,2025-Q3,SL_HIT,-30.0,False,False,False
2025-07-10 01:45:00-05:00,EMA21_PB_SHORT,SHORT,6290.5,6296.5,6282.5,0.7,29.722825171225796,40.95670146749461,2.9074159980987004,2.922875200344298,NEUTRAL,2025-Q3,SL_HIT,-30.0,False,False,False
2025-07-10 02:00:00-05:00,EMA21_PB_SHORT,SHORT,6289.5,6295.5,6281.5,0.7,29.931397863876665,38.8772282624972,2.8961719982345078,2.8926698288911337,NEUTRAL,2025-Q3,SL_HIT,-30.0,False,False,False
2025-07-10 03:30:00-05:00,EMA21_PB_LONG,LONG,6301.0,6295.0,6309.0,0.7,25.427779364502765,65.33990039938554,3.3149441833635316,3.1178739983606145,NEUTRAL,2025-Q3,SL_HIT,-30.0,False,False,True
2025-07-10 04:45:00-05:00,EMA21_PB_LONG,LONG,6298.0,6292.0,6306.0,0.7,22.147091258584922,55.37702039801199,3.3855119345242977,3.3149441833635316,NEUTRAL,2025-Q3,TP_HIT,40.0,False,False,True
2025-07-10 05:00:00-05:00,EMA21_PB_LONG,LONG,6299.25,6293.25,6307.25,0.7,21.80873480922124,57.83394903261992,3.4472610820582763,3.256733884551851,NEUTRAL,2025-Q3,TP_HIT,40.0,False,False,True
2025-07-10 05:30:00-05:00,EMA21_PB_LONG,LONG,6301.0,6295.0,6309.0,0.7,21.744472971450826,60.69443189573145,3.319322055448208,3.299173604537055,NEUTRAL,2025-Q3,TP_HIT,40.0,False,False,True
2025-07-14 07:00:00-05:00,EMA21_PB_LONG,LONG,6283.25,6277.25,6291.25,0.7,21.813219286532604,58.038728789864365,4.307943503463162,3.9343588670041476,NEUTRAL,2025-Q3,TP_HIT,40.0,False,False,True
2025-07-16 12:00:00-05:00,EMA21_PB_LONG,LONG,6297.25,6291.25,6305.25,0.7,25.670991606328315,59.42086570796159,12.484738803326069,12.9354058981991,BULLISH,2025-Q3,SL_HIT,-30.0,False,False,True
2025-07-18 07:30:00-05:00,EMA21_PB_LONG,LONG,6346.25,6340.25,6354.25,0.7,21.62956742296329,50.05255427111342,2.974623049530576,2.845893720029012,NEUTRAL,2025-Q3,SL_HIT,-30.0,False,False,True
2025-07-18 07:45:00-05:00,EMA21_PB_LONG,LONG,6348.0,6342.0,6356.0,0.7,20.64510831831325,55.25994637386359,3.0121499745641063,2.7676155971697973,NEUTRAL,2025-Q3,SL_HIT,-30.0,False,False,True
2025-07-18 08:00:00-05:00,EMA21_PB_LONG,LONG,6352.0,6346.0,6360.0,0.7,21.090547617444795,64.39690026589163,3.1898535478095273,2.837785911657669,NEUTRAL,2025-Q3,SL_HIT,-30.0,False,False,True
2025-07-30 08:45:00-05:00,EMA21_PB_SHORT,SHORT,6409.75,6415.75,6401.75,0.7,20.04992996070997,44.47264587996113,4.549663866923688,3.899304375693496,NEUTRAL,2025-Q3,SL_HIT,-30.0,False,False,False
2025-07-30 09:00:00-05:00,EMA21_PB_SHORT,SHORT,6409.25,6415.25,6401.25,0.7,20.788122316477903,43.39609897154762,4.5461164478577105,3.8350683488582464,NEUTRAL,2025-Q3,SL_HIT,-30.0,False,False,False
2025-08-06 08:15:00-05:00,EMA21_PB_SHORT,SHORT,6335.0,6341.0,6327.0,0.7,20.278764793778592,43.02022202547024,5.839380030244457,5.500796474445235,NEUTRAL,2025-Q3,SL_HIT,-30.0,False,False,False
2025-08-11 09:45:00-05:00,EMA21_PB_SHORT,SHORT,6409.25,6415.25,6401.25,0.7,20.59328728953757,30.89104493606638,4.976915272963244,4.101877034488082,NEUTRAL,2025-Q3,SL_HIT,-30.0,False,False,False
2025-08-11 12:30:00-05:00,EMA21_PB_SHORT,SHORT,6409.0,6415.0,6401.0,0.7,20.239048229182508,39.35524954452185,6.196183932282474,5.573981807348614,NEUTRAL,2025-Q3,TP_HIT,40.0,False,False,False
2025-08-12 00:15:00-05:00,EMA21_PB_SHORT,SHORT,6400.5,6406.5,6392.5,0.7,20.205959205647122,42.068743798488725,4.038193571730704,3.2066061561152353,NEUTRAL,2025-Q3,TP_HIT,40.0,False,False,False
2025-08-12 00:30:00-05:00,EMA21_PB_SHORT,SHORT,6394.75,6400.75,6386.75,0.7,22.420321901464106,33.663495716664826,4.356894030892797,3.048991430678433,NEUTRAL,2025-Q3,SL_HIT,-30.0,False,False,False
2025-08-12 05:15:00-05:00,EMA21_PB_SHORT,SHORT,6398.5,6404.5,6390.5,0.7,20.419240146643602,40.059311236444245,4.003042351471629,4.352295894718936,NEUTRAL,2025-Q3,TIMEOUT,2.5,False,False,False
2025-08-12 05:45:00-05:00,EMA21_PB_SHORT,SHORT,6398.75,6404.75,6390.75,0.7,21.601223933996337,41.21131529503051,3.7781334561158437,4.095857174528062,NEUTRAL,2025-Q3,SL_HIT,-30.0,False,False,False
2025-08-13 13:45:00-05:00,EMA21_PB_LONG,LONG,6480.25,6474.25,6488.25,0.7,20.872147294144128,52.533497673703835,6.898065826720624,6.830634714875295,NEUTRAL,2025-Q3,TP_HIT,40.0,False,False,True
2025-08-15 06:15:00-05:00,EMA21_PB_LONG,LONG,6501.25,6495.25,6509.25,0.7,26.729485870912566,54.55303315580568,3.367656673557745,3.4761780663775514,NEUTRAL,2025-Q3,SL_HIT,-30.0,False,False,True
2025-08-18 11:30:00-05:00,EMA21_PB_SHORT,SHORT,6462.0,6468.0,6454.0,0.7,21.287832467344217,44.37163453394254,6.0881224426980305,5.8970849561441385,NEUTRAL,2025-Q3,SL_HIT,-30.0,False,False,False
2025-08-18 17:00:00-05:00,EMA21_PB_LONG,LONG,6475.0,6469.0,6483.0,0.7,22.94052451859217,63.58125135469894,5.275242477953452,5.634918408003483,NEUTRAL,2025-Q3,TIMEOUT,-21.25,False,False,True
2025-08-18 17:45:00-05:00,EMA21_PB_LONG,LONG,6474.5,6468.5,6482.5,0.7,27.27762682519901,61.18150116465321,4.834714914017396,5.07513328804069,NEUTRAL,2025-Q3,SL_HIT,-30.0,False,False,True
2025-08-18 18:15:00-05:00,EMA21_PB_LONG,LONG,6473.0,6467.0,6481.0,0.7,29.595486787294625,57.75098808686301,4.456973573821123,5.275242477953452,NEUTRAL,2025-Q3,SL_HIT,-30.0,False,False,True
2025-08-18 18:45:00-05:00,EMA21_PB_LONG,LONG,6471.5,6465.5,6479.5,0.7,29.418307945651033,54.396034401037035,4.168257826406989,4.975846830480273,NEUTRAL,2025-Q3,SL_HIT,-30.0,False,False,True
2025-08-18 20:45:00-05:00,EMA21_PB_SHORT,SHORT,6464.0,6470.0,6456.0,0.7,20.77390406020018,41.91425945464247,3.8098035511511936,4.17890395211959,NEUTRAL,2025-Q3,TIMEOUT,-10.0,False,False,False
2025-08-18 21:15:00-05:00,EMA21_PB_SHORT,SHORT,6463.25,6469.25,6455.25,0.7,20.384657849354063,41.38914418913358,3.7339632660436313,4.0675243260623,NEUTRAL,2025-Q3,TIMEOUT,16.25,False,False,False
2025-08-18 21:45:00-05:00,EMA21_PB_SHORT,SHORT,6460.75,6466.75,6452.75,0.7,21.194703370307757,37.16681989634455,3.566529550823335,3.8528653627782083,NEUTRAL,2025-Q3,TIMEOUT,20.0,False,False,False
2025-08-21 20:45:00-05:00,EMA21_PB_SHORT,SHORT,6390.0,6396.0,6382.0,0.7,20.18603769179436,47.00198545977296,5.394689418596685,6.204277866448716,NEUTRAL,2025-Q3,TIMEOUT,15.0,False,False,False
2025-08-21 22:00:00-05:00,EMA21_PB_SHORT,SHORT,6386.0,6392.0,6378.0,0.7,20.36608100169299,41.62765370354338,4.908338821434185,5.394689418596685,NEUTRAL,2025-Q3,TIMEOUT,-16.25,False,False,False
2025-08-21 23:45:00-05:00,EMA21_PB_SHORT,SHORT,6389.0,6395.0,6381.0,0.7,20.007771674149737,47.60601353909404,3.7960662514218573,4.543414596032537,NEUTRAL,2025-Q3,TP_HIT,40.0,False,False,False
2025-08-25 10:15:00-05:00,EMA21_PB_LONG,LONG,6479.0,6473.0,6487.0,0.7,26.447094165672627,65.24959909560906,4.739823004112252,4.337919291135754,NEUTRAL,2025-Q3,TIMEOUT,3.75,False,False,True
2025-08-25 14:30:00-05:00,EMA21_PB_SHORT,SHORT,6465.25,6471.25,6457.25,0.7,27.166991119908282,34.79862923179118,4.418407515619911,4.803973825740756,NEUTRAL,2025-Q3,TP_HIT,40.0,False,False,False
2025-08-31 21:15:00-05:00,EMA21_PB_SHORT,SHORT,6476.25,6482.25,6468.25,0.7,21.756978677972672,39.3292449553854,4.334709267507068,4.466549132592647,NEUTRAL,2025-Q3,TP_HIT,40.0,False,False,False
2025-08-31 21:30:00-05:00,EMA21_PB_SHORT,SHORT,6475.75,6481.75,6467.75,0.7,22.192180863167227,38.64631765652556,4.27508717697085,4.308224194550315,NEUTRAL,2025-Q3,TIMEOUT,28.75,False,False,False
2025-08-31 21:45:00-05:00,EMA21_PB_SHORT,SHORT,6475.75,6481.75,6467.75,0.7,22.596297177990742,38.64631765652556,4.166152378615789,4.14335103779672,NEUTRAL,2025-Q3,TIMEOUT,32.5,False,False,False
2025-09-01 05:30:00-05:00,EMA21_PB_LONG,LONG,6480.25,6474.25,6488.25,0.7,21.08740015539835,55.375853479505146,4.138616062543109,4.6217705295310845,NEUTRAL,2025-Q3,SL_HIT,-30.0,False,False,True
2025-09-01 20:15:00-05:00,EMA21_PB_SHORT,SHORT,6473.25,6479.25,6465.25,0.7,20.150122372345898,47.11395570763413,3.314737472484855,3.453233339712018,NEUTRAL,2025-Q3,TP_HIT,40.0,False,False,False
2025-09-01 20:45:00-05:00,EMA21_PB_SHORT,SHORT,6469.0,6475.0,6461.0,0.7,20.01796048169596,40.27636513410775,3.5417889431119414,3.4775328286292404,NEUTRAL,2025-Q3,TIMEOUT,7.5,False,False,False
2025-09-08 04:30:00-05:00,EMA21_PB_LONG,LONG,6502.75,6496.75,6510.75,0.7,20.1737196175171,55.028276865352474,3.56240321331076,4.051059259925842,NEUTRAL,2025-Q3,TIMEOUT,18.75,False,False,True
2025-09-08 13:30:00-05:00,EMA21_PB_SHORT,SHORT,6500.75,6506.75,6492.75,0.7,23.323047805083682,47.18200320924975,6.625449980152714,6.4434900742153856,NEUTRAL,2025-Q3,TP_HIT,40.0,False,False,False
2025-09-08 13:45:00-05:00,EMA21_PB_SHORT,SHORT,6500.25,6506.25,6492.25,0.7,23.010692938743706,46.61194957156259,6.491489267284663,6.429669354628572,NEUTRAL,2025-Q3,TP_HIT,40.0,False,False,False
2025-09-08 14:00:00-05:00,EMA21_PB_SHORT,SHORT,6493.75,6499.75,6485.75,0.7,23.97494581413539,39.86829861355517,6.670668605335759,6.720407257869389,NEUTRAL,2025-Q3,SL_HIT,-30.0,False,False,False
2025-09-15 05:45:00-05:00,EMA21_PB_LONG,LONG,6656.25,6650.25,6664.25,0.7,20.632101699352525,63.66051207352202,2.997060226105691,3.2533051230297017,NEUTRAL,2025-Q3,TP_HIT,40.0,False,False,True
2025-09-17 03:30:00-05:00,EMA21_PB_SHORT,SHORT,6659.25,6665.25,6651.25,0.7,25.3119178281825,31.17478777751083,3.407201145888161,2.4841837823124977,NEUTRAL,2025-Q3,SL_HIT,-30.0,False,False,False
2025-09-17 05:00:00-05:00,EMA21_PB_SHORT,SHORT,6664.25,6670.25,6656.25,0.7,34.00423497402309,44.01728330371778,3.5529056711838938,3.770972492610435,NEUTRAL,2025-Q3,TIMEOUT,20.0,False,False,False
2025-09-17 09:15:00-05:00,EMA21_PB_SHORT,SHORT,6660.25,6666.25,6652.25,0.7,30.446477941373363,38.7603845315645,4.595550535891357,3.4797360074529635,NEUTRAL,2025-Q3,TIMEOUT,-5.0,False,False,False
2025-09-17 10:15:00-05:00,EMA21_PB_SHORT,SHORT,6658.0,6664.0,6650.0,0.7,25.671149659944735,37.64968207310432,5.013002885662044,4.564439038652231,NEUTRAL,2025-Q3,TP_HIT,40.0,False,False,False
2025-09-18 10:30:00-05:00,EMA21_PB_LONG,LONG,6702.25,6696.25,6710.25,0.7,23.89966598904495,51.37015943110819,9.358045448368298,8.833904585390059,NEUTRAL,2025-Q3,SL_HIT,-30.0,False,False,True
2025-09-18 11:15:00-05:00,EMA21_PB_LONG,LONG,6702.75,6696.75,6710.75,0.7,21.574234895606413,51.938619254362564,9.265260878303629,9.293946200474474,NEUTRAL,2025-Q3,TP_HIT,40.0,False,False,True
2025-09-24 02:15:00-05:00,EMA21_PB_SHORT,SHORT,6715.5,6721.5,6707.5,0.7,20.31277503467216,38.09859846574434,3.0537649613521767,2.2538509656101056,NEUTRAL,2025-Q3,SL_HIT,-30.0,False,False,False
2025-09-24 23:30:00-05:00,EMA21_PB_SHORT,SHORT,6702.0,6708.0,6694.0,0.7,23.560547242999245,51.04570759188926,2.2222478797045793,2.654142398736943,NEUTRAL,2025-Q3,TIMEOUT,26.25,False,False,False
2025-09-24 23:45:00-05:00,EMA21_PB_SHORT,SHORT,6700.0,6706.0,6692.0,0.7,22.89430742429908,44.55053501139895,2.331373031154252,2.5181322273985898,NEUTRAL,2025-Q3,TIMEOUT,27.5,False,False,False
2025-09-25 00:00:00-05:00,EMA21_PB_SHORT,SHORT,6696.5,6702.5,6688.5,0.7,23.337575709391228,35.93356622794394,2.486274957500377,2.4096942111558333,NEUTRAL,2025-Q3,TIMEOUT,25.0,False,False,False
2025-09-25 00:30:00-05:00,EMA21_PB_SHORT,SHORT,6697.25,6703.25,6689.25,0.7,24.131387791367473,40.29677490307956,2.4881656521304274,2.3162669473741624,NEUTRAL,2025-Q3,TP_HIT,40.0,False,False,False
2025-09-25 01:00:00-05:00,EMA21_PB_SHORT,SHORT,6696.75,6702.75,6688.75,0.7,24.4758014268052,40.038609234318244,2.525510179643073,2.331373031154252,NEUTRAL,2025-Q3,TP_HIT,40.0,False,False,False
2025-09-25 01:15:00-05:00,EMA21_PB_SHORT,SHORT,6694.5,6700.5,6686.5,0.7,25.150507029139863,35.591463479541105,2.541545166811425,2.486274957500377,NEUTRAL,2025-Q3,TP_HIT,40.0,False,False,False
2025-09-30 10:15:00-05:00,EMA21_PB_SHORT,SHORT,6699.5,6705.5,6691.5,0.7,21.01473746196367,43.420558016830064,7.642363727721884,5.946841522728126,NEUTRAL,2025-Q3,SL_HIT,-30.0,False,False,False
2025-09-30 10:30:00-05:00,EMA21_PB_SHORT,SHORT,6697.5,6703.5,6689.5,0.7,22.67640618466865,41.34579014526521,7.685766318598892,6.057781413961831,NEUTRAL,2025-Q3,SL_HIT,-30.0,False,False,False
2025-09-30 12:15:00-05:00,EMA21_PB_SHORT,SHORT,6698.0,6704.0,6690.0,0.7,21.355758091116794,43.20350703253648,8.231755290580512,7.834920958383739,NEUTRAL,2025-Q3,SL_HIT,-30.0,False,False,False
2025-10-02 15:00:00-05:00,EMA21_PB_LONG,LONG,6767.0,6761.0,6775.0,0.7,20.624163698162086,54.24303763272074,5.424486253809778,5.919658854244464,NEUTRAL,2025-Q4,SL_HIT,-30.0,False,False,True
2025-10-03 09:15:00-05:00,EMA21_PB_LONG,LONG,6786.75,6780.75,6794.75,0.7,27.309802170910622,62.46036523155301,5.576196209990694,3.789792429272932,NEUTRAL,2025-Q4,TP_HIT,40.0,False,False,True
2025-10-03 09:30:00-05:00,EMA21_PB_LONG,LONG,6793.5,6787.5,6801.5,0.7,27.609378535327014,68.84000714043883,5.874325052134216,3.8583786843248657,BULLISH,2025-Q4,SL_HIT,-30.0,False,True,True
2025-10-07 02:30:00-05:00,EMA21_PB_SHORT,SHORT,6778.75,6784.75,6770.75,0.7,21.437208470077362,42.96373544551989,3.1258743343254975,2.9011258978334524,NEUTRAL,2025-Q4,SL_HIT,-30.0,False,False,False
2025-10-07 03:00:00-05:00,EMA21_PB_SHORT,SHORT,6778.25,6784.25,6770.25,0.7,23.231021020764018,42.54207448456324,3.1978202168418832,2.9989299833359873,NEUTRAL,2025-Q4,SL_HIT,-30.0,False,False,False
2025-10-07 03:15:00-05:00,EMA21_PB_SHORT,SHORT,6776.0,6782.0,6768.0,0.7,24.550284885921748,38.19784491078874,3.2729759156388916,3.0882921273834167,NEUTRAL,2025-Q4,SL_HIT,-30.0,False,False,False
2025-10-08 01:30:00-05:00,EMA21_PB_SHORT,SHORT,6760.5,6766.5,6752.5,0.7,21.688953259380675,33.4115501705848,3.0381038547846115,3.0259651207959175,NEUTRAL,2025-Q4,SL_HIT,-30.0,False,False,False
2025-10-08 02:00:00-05:00,EMA21_PB_SHORT,SHORT,6763.25,6769.25,6755.25,0.7,22.5679501647886,42.346326626977685,3.2573446502989762,2.866776048033215,NEUTRAL,2025-Q4,SL_HIT,-30.0,False,False,False
2025-10-10 01:00:00-05:00,EMA21_PB_LONG,LONG,6792.5,6786.5,6800.5,0.7,20.151638764553226,63.151904165284655,3.0928011767666304,3.0830474856604786,NEUTRAL,2025-Q4,SL_HIT,-30.0,False,False,True
2025-10-10 04:30:00-05:00,EMA21_PB_SHORT,SHORT,6778.5,6784.5,6770.5,0.7,21.334406406309586,36.60534261509341,4.101125558034094,4.047893448365922,NEUTRAL,2025-Q4,SL_HIT,-30.0,False,False,False
2025-10-10 04:45:00-05:00,EMA21_PB_SHORT,SHORT,6773.75,6779.75,6765.75,0.7,23.689447597572336,31.168091090006556,4.379616589603088,3.9551867734826422,NEUTRAL,2025-Q4,SL_HIT,-30.0,False,False,False
2025-10-15 19:15:00-05:00,EMA21_PB_SHORT,SHORT,6710.5,6716.5,6702.5,0.7,22.08673659380219,45.646940500651255,9.286291447435357,10.903461448035575,NEUTRAL,2025-Q4,TP_HIT,40.0,False,False,False
2025-10-15 19:30:00-05:00,EMA21_PB_SHORT,SHORT,6705.5,6711.5,6697.5,0.7,22.618639253621676,41.973051026478146,9.212270629761402,10.624642773175891,NEUTRAL,2025-Q4,SL_HIT,-30.0,False,False,False
2025-10-15 21:15:00-05:00,EMA21_PB_SHORT,SHORT,6709.0,6715.0,6701.0,0.7,21.726728293526193,44.714657504666484,7.4669803236991745,8.90751906341672,NEUTRAL,2025-Q4,SL_HIT,-30.0,False,False,False
2025-10-15 21:30:00-05:00,EMA21_PB_SHORT,SHORT,6707.75,6713.75,6699.75,0.7,22.253371054179848,43.48665237742721,7.237196014863519,8.610553416029811,NEUTRAL,2025-Q4,SL_HIT,-30.0,False,False,False
2025-10-15 22:30:00-05:00,EMA21_PB_SHORT,SHORT,6710.0,6716.0,6702.0,0.7,20.743307131004435,46.405222602709884,6.633969059259605,7.4669803236991745,NEUTRAL,2025-Q4,TIMEOUT,-16.25,False,False,False
2025-10-15 22:45:00-05:00,EMA21_PB_SHORT,SHORT,6709.75,6715.75,6701.75,0.7,20.58647053593209,46.10705074757826,6.267256983598204,7.237196014863519,NEUTRAL,2025-Q4,TIMEOUT,-20.0,False,False,False
2025-10-21 03:45:00-05:00,TREND_CONT_SHORT,SHORT,6764.75,6770.75,6757.25,0.7,38.44275073318886,36.344785183900854,3.6991471211703373,3.947717439586297,NEUTRAL,2025-Q4,SL_HIT,-30.0,False,False,False
2025-10-21 06:15:00-05:00,EMA21_PB_LONG,LONG,6776.25,6770.25,6784.25,0.7,26.917207724319656,64.78970164612531,3.476946598476729,3.510629280323486,NEUTRAL,2025-Q4,TIMEOUT,-11.25,False,False,True
2025-10-21 06:45:00-05:00,EMA21_PB_LONG,LONG,6776.0,6770.0,6784.0,0.7,24.463577722930644,62.08725815878493,3.5107345670539143,3.456869124360557,NEUTRAL,2025-Q4,SL_HIT,-30.0,False,False,True
2025-10-21 07:15:00-05:00,EMA21_PB_LONG,LONG,6776.75,6770.75,6784.75,0.7,23.21268614726813,63.26442570770504,3.45568439710261,3.5520963368210925,NEUTRAL,2025-Q4,SL_HIT,-30.0,False,False,True
2025-10-21 08:15:00-05:00,EMA21_PB_LONG,LONG,6774.0,6768.0,6782.0,0.7,20.601077160878553,53.943002546360255,3.9142883711382668,3.509967812264349,NEUTRAL,2025-Q4,SL_HIT,-30.0,False,False,True
2025-10-21 09:45:00-05:00,EMA21_PB_LONG,LONG,6785.75,6779.75,6793.75,0.7,23.352321772643872,65.38344180356603,7.310557494964567,4.420410630342676,NEUTRAL,2025-Q4,SL_HIT,-30.0,False,False,True
2025-10-21 18:30:00-05:00,EMA21_PB_SHORT,SHORT,6771.0,6777.0,6763.0,0.7,23.370302468697744,43.769534249698346,5.571955824307635,6.379525924949916,NEUTRAL,2025-Q4,TIMEOUT,7.5,False,False,False
2025-10-21 18:45:00-05:00,EMA21_PB_SHORT,SHORT,6769.75,6775.75,6761.75,0.7,23.649800652612146,42.11502797411281,5.352530408285661,6.227416930310636,NEUTRAL,2025-Q4,TIMEOUT,1.25,False,False,False
2025-10-21 19:15:00-05:00,EMA21_PB_SHORT,SHORT,6769.0,6775.0,6761.0,0.7,25.299161662184474,41.26253495514172,5.3154471377565145,5.9103748021556,NEUTRAL,2025-Q4,TIMEOUT,-25.0,False,False,False
2025-10-22 05:30:00-05:00,EMA21_PB_LONG,LONG,6782.5,6776.5,6790.5,0.7,24.683588638740694,56.5532638057477,4.512795332112118,4.937816998160125,NEUTRAL,2025-Q4,SL_HIT,-30.0,False,False,True
2025-10-22 06:15:00-05:00,EMA21_PB_SHORT,SHORT,6770.0,6776.0,6762.0,0.7,26.560769485753873,39.29556397670309,5.2157840177297095,4.775194586354882,NEUTRAL,2025-Q4,SL_HIT,-30.0,False,False,False
2025-10-22 06:30:00-05:00,EMA21_PB_SHORT,SHORT,6767.5,6773.5,6759.5,0.7,27.931217304486793,36.66451409767062,5.307513730749016,4.648394973043819,NEUTRAL,2025-Q4,SL_HIT,-30.0,False,False,False
2025-10-22 09:00:00-05:00,EMA21_PB_SHORT,SHORT,6766.25,6772.25,6758.25,0.7,27.262276298343785,36.85550384334661,6.506387205799928,5.479955702294793,NEUTRAL,2025-Q4,SL_HIT,-30.0,False,False,False
2025-10-23 05:15:00-05:00,EMA21_PB_SHORT,SHORT,6740.0,6746.0,6732.0,0.7,21.750556997040388,45.11918214681748,5.095373030018991,5.077642601656734,NEUTRAL,2025-Q4,TP_HIT,40.0,False,False,False
2025-10-23 05:30:00-05:00,EMA21_PB_SHORT,SHORT,6739.25,6745.25,6731.25,0.7,22.972299749054198,43.78557047806652,4.927846385017635,5.268525272966968,NEUTRAL,2025-Q4,TP_HIT,40.0,False,False,False
2025-10-29 13:00:00-05:00,EMA21_PB_SHORT,SHORT,6930.75,6936.75,6922.75,0.7,20.037108827704156,37.72706371587685,6.755717909762508,5.689823075307402,NEUTRAL,2025-Q4,SL_HIT,-30.0,False,False,False
2025-11-04 11:15:00-06:00,EMA21_PB_SHORT,SHORT,6818.5,6824.5,6810.5,0.7,23.750194262810652,45.24007387631987,11.002510092421291,10.641968035881064,NEUTRAL,2025-Q4,TP_HIT,40.0,False,False,False
2025-11-04 11:30:00-06:00,EMA21_PB_SHORT,SHORT,6810.5,6816.5,6802.5,0.7,24.246015827925902,39.447642561250774,11.163045085819771,10.435398890460988,NEUTRAL,2025-Q4,SL_HIT,-30.0,False,False,False
2025-11-05 22:15:00-06:00,EMA21_PB_LONG,LONG,6826.0,6820.0,6834.0,0.7,34.383074667313096,52.724177547247976,6.92682503825193,7.793730286789153,NEUTRAL,2025-Q4,SL_HIT,-30.0,False,False,True
2025-11-05 22:30:00-06:00,EMA21_PB_LONG,LONG,6826.5,6820.5,6834.5,0.7,33.10267869026275,53.24692978590211,6.628480392662507,7.683463837732785,NEUTRAL,2025-Q4,SL_HIT,-30.0,False,False,True
2025-11-05 22:45:00-06:00,EMA21_PB_LONG,LONG,6826.5,6820.5,6834.5,0.7,32.09737427840424,53.24692978590211,6.387160364615185,7.491787849323301,NEUTRAL,2025-Q4,SL_HIT,-30.0,False,False,True
2025-11-06 00:15:00-06:00,EMA21_PB_SHORT,SHORT,6815.5,6821.5,6807.5,0.7,31.973268328788752,40.24937303445786,5.776639109284805,6.288077481428386,NEUTRAL,2025-Q4,SL_HIT,-30.0,False,False,False
2025-11-06 00:45:00-06:00,EMA21_PB_SHORT,SHORT,6815.25,6821.25,6807.25,0.7,32.72510874084473,40.900553286473865,5.771693925862919,6.013699461027538,NEUTRAL,2025-Q4,SL_HIT,-30.0,False,False,False
2025-11-24 06:15:00-06:00,EMA21_PB_LONG,LONG,6652.25,6646.25,6660.25,0.7,27.754795371428532,55.43830935107031,9.883053176923548,9.91820729673258,NEUTRAL,2025-Q4,TP_HIT,40.0,False,False,True
2025-11-24 06:45:00-06:00,EMA21_PB_LONG,LONG,6657.25,6651.25,6665.25,0.7,24.521167146068787,58.353845354801116,9.556050953571834,9.619525679325543,NEUTRAL,2025-Q4,TP_HIT,40.0,False,False,True
2025-11-25 06:00:00-06:00,EMA21_PB_LONG,LONG,6720.5,6714.5,6728.5,0.7,20.3137090000541,58.502426759716165,6.14417138034261,6.185074398012844,NEUTRAL,2025-Q4,SL_HIT,-30.0,False,False,True
2025-11-25 08:15:00-06:00,EMA21_PB_LONG,LONG,6716.75,6710.75,6724.75,0.7,23.406007159935058,50.827108206519775,7.830382501722221,7.454157871563028,NEUTRAL,2025-Q4,SL_HIT,-30.0,False,False,True
2025-11-27 11:00:00-06:00,EMA21_PB_SHORT,SHORT,6826.0,6832.0,6818.0,0.7,20.849873480887613,44.48213682411547,2.627482109688947,2.7518332911241203,NEUTRAL,2025-Q4,SL_HIT,-30.0,False,False,False
2025-11-27 17:00:00-06:00,EMA21_PB_LONG,LONG,6832.5,6826.5,6840.5,0.7,21.57325007400596,63.397423534236346,2.627518912297637,2.675749964280404,NEUTRAL,2025-Q4,TIMEOUT,18.75,False,False,True
2025-11-27 17:15:00-06:00,EMA21_PB_LONG,LONG,6834.75,6828.75,6842.75,0.7,21.78663494082329,67.71335375234395,2.779124704276377,2.627482109688947,NEUTRAL,2025-Q4,TIMEOUT,7.5,False,False,True
2025-11-27 17:45:00-06:00,EMA21_PB_LONG,LONG,6836.5,6830.5,6844.5,0.7,22.8752241402128,69.00045314265336,2.77766364807504,2.45558406396649,NEUTRAL,2025-Q4,TIMEOUT,17.5,False,False,True
2025-11-28 08:30:00-06:00,EMA21_PB_LONG,LONG,6838.5,6832.5,6846.5,0.7,25.584366411576408,59.702397756260915,2.395243538327462,0.12808741548434552,NEUTRAL,2025-Q4,TP_HIT,40.0,False,False,True
2025-11-28 09:00:00-06:00,EMA21_PB_LONG,LONG,6842.5,6836.5,6850.5,0.7,30.335867945354714,68.97252158544313,3.098449785598679,1.16911618988191,NEUTRAL,2025-Q4,TP_HIT,40.0,False,False,True
2025-12-01 18:45:00-06:00,EMA21_PB_SHORT,SHORT,6826.5,6832.5,6818.5,0.7,28.90654845311207,45.457010652296624,6.438479214572591,7.760098884434365,NEUTRAL,2025-Q4,SL_HIT,-30.0,False,False,False
2025-12-01 21:15:00-06:00,EMA21_PB_SHORT,SHORT,6819.25,6825.25,6811.25,0.7,25.655395691749487,37.967212139028696,5.364554017721378,5.745106694785472,NEUTRAL,2025-Q4,SL_HIT,-30.0,False,False,False
2025-12-01 22:15:00-06:00,EMA21_PB_SHORT,SHORT,6824.25,6830.25,6816.25,0.7,25.765503900555675,45.63349024986303,5.112831302065294,5.142596634469176,NEUTRAL,2025-Q4,TIMEOUT,17.5,False,False,False
2025-12-02 03:45:00-06:00,EMA21_PB_LONG,LONG,6834.5,6828.5,6842.5,0.7,23.018183044922548,63.32122788519611,4.855609206798887,4.467728764176551,NEUTRAL,2025-Q4,TP_HIT,40.0,False,False,True
2025-12-02 13:45:00-06:00,EMA21_PB_LONG,LONG,6848.0,6842.0,6856.0,0.7,21.852775842759254,55.503117754788974,11.381801353434957,12.111033418647274,NEUTRAL,2025-Q4,SL_HIT,-30.0,False,False,True
2025-12-02 14:00:00-06:00,EMA21_PB_LONG,LONG,6849.0,6843.0,6857.0,0.7,20.62847762745147,56.07641775055976,11.050958399618175,11.92453103160104,NEUTRAL,2025-Q4,SL_HIT,-30.0,False,False,True
2025-12-04 17:45:00-06:00,EMA21_PB_LONG,LONG,6863.75,6857.75,6871.75,0.7,21.118748169583014,51.55223397989844,7.017293642459865,8.663166113991737,NEUTRAL,2025-Q4,TP_HIT,40.0,False,False,True
2025-12-04 18:15:00-06:00,EMA21_PB_LONG,LONG,6868.25,6862.25,6876.25,0.7,20.054278168088693,56.26147846065448,6.678176661100599,7.923852414615324,NEUTRAL,2025-Q4,TIMEOUT,36.25,False,False,True
2025-12-05 08:45:00-06:00,EMA21_PB_LONG,LONG,6889.75,6883.75,6897.75,0.7,22.16092103217137,65.18578568036939,5.668803369421307,3.991116862843212,NEUTRAL,2025-Q4,TP_HIT,40.0,False,False,True
2025-12-09 05:00:00-06:00,EMA21_PB_SHORT,SHORT,6856.25,6862.25,6848.25,0.7,20.2477168514238,40.817587107486496,4.84296984258093,3.239157922762471,NEUTRAL,2025-Q4,SL_HIT,-30.0,False,False,False
2025-12-09 06:30:00-06:00,EMA21_PB_SHORT,SHORT,6857.25,6863.25,6849.25,0.7,28.30399996155213,43.05303098262222,4.4038182994142305,5.068471996682293,NEUTRAL,2025-Q4,TP_HIT,40.0,False,False,False
2025-12-09 07:00:00-06:00,EMA21_PB_SHORT,SHORT,6858.5,6864.5,6850.5,0.7,31.434395208673717,46.11722877124853,4.515282105107168,4.763121262445447,NEUTRAL,2025-Q4,TP_HIT,40.0,False,False,False
2025-12-09 07:15:00-06:00,EMA21_PB_SHORT,SHORT,6857.25,6863.25,6849.25,0.7,33.07057717824432,43.5854850614812,4.532047669028085,4.601469743699344,NEUTRAL,2025-Q4,TP_HIT,40.0,False,False,False
2025-12-09 10:45:00-06:00,EMA21_PB_LONG,LONG,6868.75,6862.75,6876.75,0.7,23.52559884377466,62.97543392394763,6.66714388130693,6.371760956495323,NEUTRAL,2025-Q4,SL_HIT,-30.0,False,False,True
2025-12-09 13:15:00-06:00,EMA21_PB_SHORT,SHORT,6856.0,6862.0,6848.0,0.7,23.84254133134116,42.855074205305584,6.48998072452463,6.802790230860085,NEUTRAL,2025-Q4,TP_HIT,40.0,False,False,False
2025-12-09 13:30:00-06:00,EMA21_PB_SHORT,SHORT,6852.75,6858.75,6844.75,0.7,25.24587184662219,38.79795393859086,6.454982101344299,6.602590928655793,NEUTRAL,2025-Q4,TP_HIT,40.0,False,False,False
2025-12-09 14:00:00-06:00,EMA21_PB_SHORT,SHORT,6853.75,6859.75,6845.75,0.7,27.433459011082668,41.30766441623276,6.16526517922034,6.853764627259332,NEUTRAL,2025-Q4,TP_HIT,40.0,False,False,False
2025-12-23 02:00:00-06:00,EMA21_PB_LONG,LONG,6930.5,6924.5,6938.5,0.7,23.063208816564924,60.970086824987604,2.610107744491308,2.3995485710026663,NEUTRAL,2025-Q4,TIMEOUT,27.5,False,False,True
2025-12-23 03:00:00-06:00,EMA21_PB_LONG,LONG,6930.75,6924.75,6938.75,0.7,21.878086178833907,60.545516035243,2.5653643609541925,2.34934680175987,NEUTRAL,2025-Q4,TIMEOUT,7.5,False,False,True
2025-12-23 03:15:00-06:00,EMA21_PB_LONG,LONG,6934.0,6928.0,6942.0,0.7,22.6566972255638,68.58604377604355,2.66783833517175,2.610107744491308,NEUTRAL,2025-Q4,TIMEOUT,-6.25,False,False,True
2025-12-23 05:15:00-06:00,EMA21_PB_LONG,LONG,6931.25,6925.25,6939.25,0.7,20.799039626273203,52.463580761625664,2.5878877529168314,2.5464616699607636,NEUTRAL,2025-Q4,SL_HIT,-30.0,False,False,True
2025-12-23 09:30:00-06:00,EMA21_PB_LONG,LONG,6942.0,6936.0,6950.0,0.7,30.00302642010295,62.86994192784193,6.537905845572619,4.058889269362062,NEUTRAL,2025-Q4,TP_HIT,40.0,False,False,True
2025-12-26 03:45:00-06:00,EMA21_PB_LONG,LONG,6979.25,6973.25,6987.25,0.7,23.859690710724983,51.363992883594584,2.2012298977068028,2.0747381946448313,NEUTRAL,2025-Q4,TIMEOUT,-3.75,False,False,True
2025-12-26 04:00:00-06:00,EMA21_PB_LONG,LONG,6981.0,6975.0,6989.0,0.7,23.455204157900834,57.382149898887995,2.240427762156317,2.140828323598772,NEUTRAL,2025-Q4,TIMEOUT,-17.5,False,False,True
2025-12-26 04:30:00-06:00,EMA21_PB_LONG,LONG,6981.25,6975.25,6989.25,0.7,22.369844184105826,58.000104987956995,2.1907259785939677,2.2910713606540436,NEUTRAL,2025-Q4,TIMEOUT,-13.75,False,False,True
2025-12-26 09:15:00-06:00,EMA21_PB_LONG,LONG,6984.0,6978.0,6992.0,0.7,22.388971290821008,53.35411434815673,5.051405527938551,2.6689444095580113,NEUTRAL,2025-Q4,SL_HIT,-30.0,False,False,True
2025-12-26 09:45:00-06:00,EMA21_PB_LONG,LONG,6984.75,6978.75,6992.75,0.7,21.448550645679006,54.01666757627791,5.043048643987832,3.4326612510984895,NEUTRAL,2025-Q4,SL_HIT,-30.0,False,False,True
2025-12-26 11:30:00-06:00,EMA21_PB_SHORT,SHORT,6972.75,6978.75,6964.75,0.7,21.162693311578558,43.13583187703961,5.61925980867781,5.525638881805834,NEUTRAL,2025-Q4,SL_HIT,-30.0,False,False,False
2025-12-26 12:15:00-06:00,EMA21_PB_SHORT,SHORT,6973.5,6979.5,6965.5,0.7,21.769552560317848,44.26460829091129,5.3767360785951706,5.339496582845269,NEUTRAL,2025-Q4,SL_HIT,-30.0,False,False,False
2025-12-31 09:30:00-06:00,EMA21_PB_SHORT,SHORT,6923.25,6929.25,6915.25,0.7,34.1934818430592,36.04987548724906,5.566154072050242,3.4757967363951097,NEUTRAL,2025-Q4,TP_HIT,40.0,False,False,False
2026-01-15 20:00:00-06:00,EMA21_PB_LONG,LONG,6995.25,6989.25,7003.25,0.7,20.4990148840613,56.37547973998435,4.531028512884346,5.078875386590941,NEUTRAL,2026-Q1,TIMEOUT,17.5,False,False,True
2026-01-16 07:00:00-06:00,EMA21_PB_SHORT,SHORT,6990.75,6996.75,6982.75,0.7,26.094923481589984,35.920905087336365,4.328466245695377,3.6316137932168666,NEUTRAL,2026-Q1,SL_HIT,-30.0,False,False,False
